name,pattern,enabled
exact_len002_no_wildcard,%aa%,true
prefix_exact_len002_no_wildcard,aa%,true
wild_len003,%a_b%,true
prefix_wild_len016,a______________a%,true
wild_len004,%a__a%,true
wild_len008,%a______a%,true
wild_len012,%a__________a%,true
wild_len016,%a______________a%,true
wild_len020,%a__________________a%,true
wild_len024,%a______________________a%,true
wild_len028,%a__________________________a%,true
wild_len032,%a______________________________a%,true
wild_len036,%a__________________________________a%,true
wild_len040,%a______________________________________a%,true
wild_len044,%a__________________________________________a%,true
wild_len048,%a______________________________________________a%,true
wild_len052,%a__________________________________________________a%,true
wild_len056,%a______________________________________________________a%,true
wild_len060,%a__________________________________________________________a%,true
wild_len064,%a______________________________________________________________a%,true
wild_len068,%a__________________________________________________________________a%,true
wild_len072,%a______________________________________________________________________a%,true
wild_len076,%a__________________________________________________________________________a%,true
wild_len080,%a______________________________________________________________________________a%,true
wild_len084,%a__________________________________________________________________________________a%,true
wild_len088,%a______________________________________________________________________________________a%,true
wild_len092,%a__________________________________________________________________________________________a%,true
wild_len096,%a______________________________________________________________________________________________a%,true
wild_len100,%a__________________________________________________________________________________________________a%,true
wild_len104,%a______________________________________________________________________________________________________a%,true
wild_len108,%a__________________________________________________________________________________________________________a%,true
wild_len112,%a______________________________________________________________________________________________________________a%,true
wild_len116,%a__________________________________________________________________________________________________________________a%,true
wild_len120,%a______________________________________________________________________________________________________________________a%,true
wild_len124,%a__________________________________________________________________________________________________________________________a%,true
wild_len128,%a______________________________________________________________________________________________________________________________a%,true
wild_len132,%a__________________________________________________________________________________________________________________________________a%,true
wild_len136,%a______________________________________________________________________________________________________________________________________a%,true
wild_len140,%a__________________________________________________________________________________________________________________________________________a%,true
wild_len144,%a______________________________________________________________________________________________________________________________________________a%,true
wild_len148,%a__________________________________________________________________________________________________________________________________________________a%,true
wild_len152,%a______________________________________________________________________________________________________________________________________________________a%,true
wild_len156,%a__________________________________________________________________________________________________________________________________________________________a%,true
wild_len160,%a______________________________________________________________________________________________________________________________________________________________a%,true
wild_len164,%a__________________________________________________________________________________________________________________________________________________________________a%,true
wild_len168,%a______________________________________________________________________________________________________________________________________________________________________a%,true
wild_len172,%a__________________________________________________________________________________________________________________________________________________________________________a%,true
wild_len176,%a______________________________________________________________________________________________________________________________________________________________________________a%,true
wild_len180,%a__________________________________________________________________________________________________________________________________________________________________________________a%,true
wild_len184,%a______________________________________________________________________________________________________________________________________________________________________________________a%,true
wild_len188,%a__________________________________________________________________________________________________________________________________________________________________________________________a%,true
wild_len192,%a______________________________________________________________________________________________________________________________________________________________________________________________a%,true
wild_len196,%a__________________________________________________________________________________________________________________________________________________________________________________________________a%,true
wild_len200,%a______________________________________________________________________________________________________________________________________________________________________________________________________a%,true
wild_len204,%a__________________________________________________________________________________________________________________________________________________________________________________________________________a%,true
wild_len208,%a______________________________________________________________________________________________________________________________________________________________________________________________________________a%,true
wild_len212,%a__________________________________________________________________________________________________________________________________________________________________________________________________________________a%,true
wild_len216,%a______________________________________________________________________________________________________________________________________________________________________________________________________________________a%,true
wild_len220,%a__________________________________________________________________________________________________________________________________________________________________________________________________________________________a%,true
wild_len224,%a______________________________________________________________________________________________________________________________________________________________________________________________________________________________a%,true
wild_len228,%a__________________________________________________________________________________________________________________________________________________________________________________________________________________________________a%,true
wild_len232,%a______________________________________________________________________________________________________________________________________________________________________________________________________________________________________a%,true
wild_len236,%a__________________________________________________________________________________________________________________________________________________________________________________________________________________________________________a%,true
wild_len240,%a______________________________________________________________________________________________________________________________________________________________________________________________________________________________________________a%,true
wild_len244,%a__________________________________________________________________________________________________________________________________________________________________________________________________________________________________________________a%,true
wild_len248,%a______________________________________________________________________________________________________________________________________________________________________________________________________________________________________________________a%,true
wild_len252,%a__________________________________________________________________________________________________________________________________________________________________________________________________________________________________________________________a%,true
wild_len256,%a______________________________________________________________________________________________________________________________________________________________________________________________________________________________________________________________a%,true
wild_len260,%a__________________________________________________________________________________________________________________________________________________________________________________________________________________________________________________________________a%,true
wild_len264,%a______________________________________________________________________________________________________________________________________________________________________________________________________________________________________________________________________a%,true
wild_len268,%a__________________________________________________________________________________________________________________________________________________________________________________________________________________________________________________________________________a%,true
wild_len272,%a______________________________________________________________________________________________________________________________________________________________________________________________________________________________________________________________________________a%,true
wild_len276,%a__________________________________________________________________________________________________________________________________________________________________________________________________________________________________________________________________________________a%,true
wild_len280,%a______________________________________________________________________________________________________________________________________________________________________________________________________________________________________________________________________________________a%,true
wild_len284,%a__________________________________________________________________________________________________________________________________________________________________________________________________________________________________________________________________________________________a%,true
wild_len288,%a______________________________________________________________________________________________________________________________________________________________________________________________________________________________________________________________________________________________a%,true
wild_len292,%a__________________________________________________________________________________________________________________________________________________________________________________________________________________________________________________________________________________________________a%,true
wild_len296,%a______________________________________________________________________________________________________________________________________________________________________________________________________________________________________________________________________________________________________a%,true
wild_len300,%a__________________________________________________________________________________________________________________________________________________________________________________________________________________________________________________________________________________________________________a%,true
wild_len304,%a______________________________________________________________________________________________________________________________________________________________________________________________________________________________________________________________________________________________________________a%,true
wild_len308,%a__________________________________________________________________________________________________________________________________________________________________________________________________________________________________________________________________________________________________________________a%,true
wild_len312,%a______________________________________________________________________________________________________________________________________________________________________________________________________________________________________________________________________________________________________________________a%,true
wild_len316,%a__________________________________________________________________________________________________________________________________________________________________________________________________________________________________________________________________________________________________________________________a%,true
wild_len320,%a______________________________________________________________________________________________________________________________________________________________________________________________________________________________________________________________________________________________________________________________a%,true
wild_len324,%a__________________________________________________________________________________________________________________________________________________________________________________________________________________________________________________________________________________________________________________________________a%,true
wild_len328,%a______________________________________________________________________________________________________________________________________________________________________________________________________________________________________________________________________________________________________________________________________a%,true
wild_len332,%a__________________________________________________________________________________________________________________________________________________________________________________________________________________________________________________________________________________________________________________________________________a%,true
wild_len336,%a______________________________________________________________________________________________________________________________________________________________________________________________________________________________________________________________________________________________________________________________________________a%,true
wild_len340,%a__________________________________________________________________________________________________________________________________________________________________________________________________________________________________________________________________________________________________________________________________________________a%,true
wild_len344,%a______________________________________________________________________________________________________________________________________________________________________________________________________________________________________________________________________________________________________________________________________________________a%,true
wild_len348,%a__________________________________________________________________________________________________________________________________________________________________________________________________________________________________________________________________________________________________________________________________________________________a%,true
wild_len352,%a______________________________________________________________________________________________________________________________________________________________________________________________________________________________________________________________________________________________________________________________________________________________a%,true
wild_len356,%a__________________________________________________________________________________________________________________________________________________________________________________________________________________________________________________________________________________________________________________________________________________________________a%,true
wild_len360,%a______________________________________________________________________________________________________________________________________________________________________________________________________________________________________________________________________________________________________________________________________________________________________a%,true
wild_len364,%a__________________________________________________________________________________________________________________________________________________________________________________________________________________________________________________________________________________________________________________________________________________________________________a%,true
wild_len368,%a______________________________________________________________________________________________________________________________________________________________________________________________________________________________________________________________________________________________________________________________________________________________________________a%,true
wild_len372,%a__________________________________________________________________________________________________________________________________________________________________________________________________________________________________________________________________________________________________________________________________________________________________________________a%,true
wild_len376,%a______________________________________________________________________________________________________________________________________________________________________________________________________________________________________________________________________________________________________________________________________________________________________________________a%,true
wild_len380,%a__________________________________________________________________________________________________________________________________________________________________________________________________________________________________________________________________________________________________________________________________________________________________________________________a%,true
wild_len384,%a______________________________________________________________________________________________________________________________________________________________________________________________________________________________________________________________________________________________________________________________________________________________________________________________a%,true
wild_len388,%a__________________________________________________________________________________________________________________________________________________________________________________________________________________________________________________________________________________________________________________________________________________________________________________________________a%,true
wild_len392,%a______________________________________________________________________________________________________________________________________________________________________________________________________________________________________________________________________________________________________________________________________________________________________________________________________a%,true
wild_len396,%a__________________________________________________________________________________________________________________________________________________________________________________________________________________________________________________________________________________________________________________________________________________________________________________________________________a%,true
wild_len400,%a______________________________________________________________________________________________________________________________________________________________________________________________________________________________________________________________________________________________________________________________________________________________________________________________________________a%,true
wild_len404,%a__________________________________________________________________________________________________________________________________________________________________________________________________________________________________________________________________________________________________________________________________________________________________________________________________________________a%,true
wild_len408,%a______________________________________________________________________________________________________________________________________________________________________________________________________________________________________________________________________________________________________________________________________________________________________________________________________________________a%,true
wild_len412,%a__________________________________________________________________________________________________________________________________________________________________________________________________________________________________________________________________________________________________________________________________________________________________________________________________________________________a%,true
wild_len416,%a______________________________________________________________________________________________________________________________________________________________________________________________________________________________________________________________________________________________________________________________________________________________________________________________________________________________a%,true
wild_len420,%a__________________________________________________________________________________________________________________________________________________________________________________________________________________________________________________________________________________________________________________________________________________________________________________________________________________________________a%,true
wild_len424,%a______________________________________________________________________________________________________________________________________________________________________________________________________________________________________________________________________________________________________________________________________________________________________________________________________________________________________a%,true
wild_len428,%a__________________________________________________________________________________________________________________________________________________________________________________________________________________________________________________________________________________________________________________________________________________________________________________________________________________________________________a%,true
wild_len432,%a______________________________________________________________________________________________________________________________________________________________________________________________________________________________________________________________________________________________________________________________________________________________________________________________________________________________________________a%,true
wild_len436,%a__________________________________________________________________________________________________________________________________________________________________________________________________________________________________________________________________________________________________________________________________________________________________________________________________________________________________________________a%,true
wild_len440,%a______________________________________________________________________________________________________________________________________________________________________________________________________________________________________________________________________________________________________________________________________________________________________________________________________________________________________________________a%,true
wild_len444,%a__________________________________________________________________________________________________________________________________________________________________________________________________________________________________________________________________________________________________________________________________________________________________________________________________________________________________________________________a%,true
wild_len448,%a______________________________________________________________________________________________________________________________________________________________________________________________________________________________________________________________________________________________________________________________________________________________________________________________________________________________________________________________a%,true
wild_len452,%a__________________________________________________________________________________________________________________________________________________________________________________________________________________________________________________________________________________________________________________________________________________________________________________________________________________________________________________________________a%,true
wild_len456,%a______________________________________________________________________________________________________________________________________________________________________________________________________________________________________________________________________________________________________________________________________________________________________________________________________________________________________________________________________a%,true
wild_len460,%a__________________________________________________________________________________________________________________________________________________________________________________________________________________________________________________________________________________________________________________________________________________________________________________________________________________________________________________________________________a%,true
wild_len464,%a______________________________________________________________________________________________________________________________________________________________________________________________________________________________________________________________________________________________________________________________________________________________________________________________________________________________________________________________________________a%,true
wild_len468,%a__________________________________________________________________________________________________________________________________________________________________________________________________________________________________________________________________________________________________________________________________________________________________________________________________________________________________________________________________________________a%,true
wild_len472,%a______________________________________________________________________________________________________________________________________________________________________________________________________________________________________________________________________________________________________________________________________________________________________________________________________________________________________________________________________________________a%,true
wild_len476,%a__________________________________________________________________________________________________________________________________________________________________________________________________________________________________________________________________________________________________________________________________________________________________________________________________________________________________________________________________________________________a%,true
wild_len480,%a______________________________________________________________________________________________________________________________________________________________________________________________________________________________________________________________________________________________________________________________________________________________________________________________________________________________________________________________________________________________a%,true
wild_len484,%a__________________________________________________________________________________________________________________________________________________________________________________________________________________________________________________________________________________________________________________________________________________________________________________________________________________________________________________________________________________________________a%,true
wild_len488,%a______________________________________________________________________________________________________________________________________________________________________________________________________________________________________________________________________________________________________________________________________________________________________________________________________________________________________________________________________________________________________a%,true
wild_len492,%a__________________________________________________________________________________________________________________________________________________________________________________________________________________________________________________________________________________________________________________________________________________________________________________________________________________________________________________________________________________________________________a%,true
wild_len496,%a______________________________________________________________________________________________________________________________________________________________________________________________________________________________________________________________________________________________________________________________________________________________________________________________________________________________________________________________________________________________________________a%,true
wild_len500,%a__________________________________________________________________________________________________________________________________________________________________________________________________________________________________________________________________________________________________________________________________________________________________________________________________________________________________________________________________________________________________________________a%,true
wild_len504,%a______________________________________________________________________________________________________________________________________________________________________________________________________________________________________________________________________________________________________________________________________________________________________________________________________________________________________________________________________________________________________________________a%,true
wild_len508,%a__________________________________________________________________________________________________________________________________________________________________________________________________________________________________________________________________________________________________________________________________________________________________________________________________________________________________________________________________________________________________________________________a%,true
wild_len512,%a______________________________________________________________________________________________________________________________________________________________________________________________________________________________________________________________________________________________________________________________________________________________________________________________________________________________________________________________________________________________________________________________a%,true
