dataset,column,data_path,data_type,storage,algorithm,generic_matcher,requested_index,actual_index,pattern_name,pattern,iteration,row_count,total_input_sequence_bytes,total_loaded_symbols,records_seen,records_loaded,records_skipped,records_truncated,records_invalid_dna,load_ns,index_build_ns,compile_ns,candidate_prepare_ns,execute_ns,query_total_ns,candidate_rows_seen,rows_after_len_filter,rows_matched,ns_per_table_row,ns_per_candidate_row,ns_per_loaded_symbol,fallback_reason
quotes,quotes.quote,benchmarks/quotes/../../data/quotes/quotes__quote.csv,job-csv,fsst,LibcMemmem,static,fm,fm,prefix_age_issue,Age is an issue%,0,75966,10741913,10741913,75966,75966,0,0,0,99288440,13638509114,8907,829,239,1068,1,1,1,0.014058921096279915,239.0,0.00009942363152633986,
quotes,quotes.quote,benchmarks/quotes/../../data/quotes/quotes__quote.csv,job-csv,fsst,LibcMemmem,static,fm,fm,prefix_age_issue,Age is an issue%,1,75966,10741913,10741913,75966,75966,0,0,0,99288440,13638509114,8907,1129,139,1268,1,1,1,0.016691677855882894,139.0,0.00011804228911554209,
quotes,quotes.quote,benchmarks/quotes/../../data/quotes/quotes__quote.csv,job-csv,fsst,LibcMemmem,static,fm,fm,prefix_age_issue,Age is an issue%,2,75966,10741913,10741913,75966,75966,0,0,0,99288440,13638509114,8907,310,159,469,1,1,1,0.006173814601268989,159.0,0.00004366075204667921,
quotes,quotes.quote,benchmarks/quotes/../../data/quotes/quotes__quote.csv,job-csv,fsst,LibcMemmem,static,fm,fm,prefix_age_issue,Age is an issue%,3,75966,10741913,10741913,75966,75966,0,0,0,99288440,13638509114,8907,579,669,1248,1,1,1,0.016428402179922596,669.0,0.00011618042335662186,
quotes,quotes.quote,benchmarks/quotes/../../data/quotes/quotes__quote.csv,job-csv,fsst,LibcMemmem,static,fm,fm,prefix_age_issue,Age is an issue%,4,75966,10741913,10741913,75966,75966,0,0,0,99288440,13638509114,8907,300,160,460,1,1,1,0.006055340547086854,160.0,0.000042822912455165107,
quotes,quotes.quote,benchmarks/quotes/../../data/quotes/quotes__quote.csv,job-csv,fsst,LibcMemmem,static,full-scan,full-scan,prefix_age_issue,Age is an issue%,0,75966,10741913,10741913,75966,75966,0,0,0,99288440,0,8907,109,8692533,8692642,75966,75952,1,114.42805992154385,114.42662506910986,0.8092266247175899,
quotes,quotes.quote,benchmarks/quotes/../../data/quotes/quotes__quote.csv,job-csv,fsst,LibcMemmem,static,full-scan,full-scan,prefix_age_issue,Age is an issue%,1,75966,10741913,10741913,75966,75966,0,0,0,99288440,0,8907,100,8874156,8874256,75966,75952,1,116.81878735223653,116.81747097385673,0.8261336691146167,
quotes,quotes.quote,benchmarks/quotes/../../data/quotes/quotes__quote.csv,job-csv,fsst,LibcMemmem,static,full-scan,full-scan,prefix_age_issue,Age is an issue%,2,75966,10741913,10741913,75966,75966,0,0,0,99288440,0,8907,110,8746421,8746531,75966,75952,1,115.13744306663507,115.13599505041729,0.8142433289117125,
quotes,quotes.quote,benchmarks/quotes/../../data/quotes/quotes__quote.csv,job-csv,fsst,LibcMemmem,static,full-scan,full-scan,prefix_age_issue,Age is an issue%,3,75966,10741913,10741913,75966,75966,0,0,0,99288440,0,8907,100,8802034,8802134,75966,75952,1,115.8693889371561,115.86807255877629,0.8194195950013745,
quotes,quotes.quote,benchmarks/quotes/../../data/quotes/quotes__quote.csv,job-csv,fsst,LibcMemmem,static,full-scan,full-scan,prefix_age_issue,Age is an issue%,4,75966,10741913,10741913,75966,75966,0,0,0,99288440,0,8907,110,8670974,8671084,75966,75952,1,114.14427507042625,114.14282705420847,0.8072197196160498,
quotes,quotes.quote,benchmarks/quotes/../../data/quotes/quotes__quote.csv,job-csv,fsst,LibcMemmem,static,prefix-btree,prefix-btree,prefix_age_issue,Age is an issue%,0,75966,10741913,10741913,75966,75966,0,0,0,99288440,28363628,8907,509,190,699,1,1,1,0.009201484874812416,190.0,0.00006507220827426176,
quotes,quotes.quote,benchmarks/quotes/../../data/quotes/quotes__quote.csv,job-csv,fsst,LibcMemmem,static,prefix-btree,prefix-btree,prefix_age_issue,Age is an issue%,1,75966,10741913,10741913,75966,75966,0,0,0,99288440,28363628,8907,349,140,489,1,1,1,0.006437090277229287,140.0,0.00004552261780559943,
quotes,quotes.quote,benchmarks/quotes/../../data/quotes/quotes__quote.csv,job-csv,fsst,LibcMemmem,static,prefix-btree,prefix-btree,prefix_age_issue,Age is an issue%,2,75966,10741913,10741913,75966,75966,0,0,0,99288440,28363628,8907,319,160,479,1,1,1,0.0063054524392491375,160.0,0.00004459168492613932,
quotes,quotes.quote,benchmarks/quotes/../../data/quotes/quotes__quote.csv,job-csv,fsst,LibcMemmem,static,prefix-btree,prefix-btree,prefix_age_issue,Age is an issue%,3,75966,10741913,10741913,75966,75966,0,0,0,99288440,28363628,8907,1258,809,2067,1,1,1,0.0272095411104968,809.0,0.00019242382618440496,
quotes,quotes.quote,benchmarks/quotes/../../data/quotes/quotes__quote.csv,job-csv,fsst,LibcMemmem,static,prefix-btree,prefix-btree,prefix_age_issue,Age is an issue%,4,75966,10741913,10741913,75966,75966,0,0,0,99288440,28363628,8907,290,200,490,1,1,1,0.006450254061027302,200.0,0.00004561571109354544,
quotes,quotes.quote,benchmarks/quotes/../../data/quotes/quotes__quote.csv,job-csv,fsst,LibcMemmem,static,qgram,qgram,prefix_age_issue,Age is an issue%,0,75966,10741913,10741913,75966,75966,0,0,0,99288440,801241899,8907,150,249,399,1,1,1,0.005252349735407945,249.0,0.00003714422189045843,
quotes,quotes.quote,benchmarks/quotes/../../data/quotes/quotes__quote.csv,job-csv,fsst,LibcMemmem,static,qgram,qgram,prefix_age_issue,Age is an issue%,1,75966,10741913,10741913,75966,75966,0,0,0,99288440,801241899,8907,89,180,269,1,1,1,0.0035410578416660084,180.0,0.000025042094457476988,
quotes,quotes.quote,benchmarks/quotes/../../data/quotes/quotes__quote.csv,job-csv,fsst,LibcMemmem,static,qgram,qgram,prefix_age_issue,Age is an issue%,2,75966,10741913,10741913,75966,75966,0,0,0,99288440,801241899,8907,1089,149,1238,1,1,1,0.01629676434194245,149.0,0.00011524949047716175,
quotes,quotes.quote,benchmarks/quotes/../../data/quotes/quotes__quote.csv,job-csv,fsst,LibcMemmem,static,qgram,qgram,prefix_age_issue,Age is an issue%,3,75966,10741913,10741913,75966,75966,0,0,0,99288440,801241899,8907,90,149,239,1,1,1,0.0031461443277255616,149.0,0.000022249295819096656,
quotes,quotes.quote,benchmarks/quotes/../../data/quotes/quotes__quote.csv,job-csv,fsst,LibcMemmem,static,qgram,qgram,prefix_age_issue,Age is an issue%,4,75966,10741913,10741913,75966,75966,0,0,0,99288440,801241899,8907,80,100,180,1,1,1,0.0023694810836426823,100.0,0.000016756791830282,
quotes,quotes.quote,benchmarks/quotes/../../data/quotes/quotes__quote.csv,job-csv,fsst,LibcMemmem,static,trigram,trigram,prefix_age_issue,Age is an issue%,0,75966,10741913,10741913,75966,75966,0,0,0,99288440,435265034,8907,1597,170,1767,1,1,1,0.02326040597109233,170.0,0.00016449583980060163,
quotes,quotes.quote,benchmarks/quotes/../../data/quotes/quotes__quote.csv,job-csv,fsst,LibcMemmem,static,trigram,trigram,prefix_age_issue,Age is an issue%,1,75966,10741913,10741913,75966,75966,0,0,0,99288440,435265034,8907,958,300,1258,1,1,1,0.016560040017902747,300.0,0.00011711135623608197,
quotes,quotes.quote,benchmarks/quotes/../../data/quotes/quotes__quote.csv,job-csv,fsst,LibcMemmem,static,trigram,trigram,prefix_age_issue,Age is an issue%,2,75966,10741913,10741913,75966,75966,0,0,0,99288440,435265034,8907,888,80,968,1,1,1,0.012742542716478424,80.0,0.00009011430273173875,
quotes,quotes.quote,benchmarks/quotes/../../data/quotes/quotes__quote.csv,job-csv,fsst,LibcMemmem,static,trigram,trigram,prefix_age_issue,Age is an issue%,3,75966,10741913,10741913,75966,75966,0,0,0,99288440,435265034,8907,988,100,1088,1,1,1,0.014322196772240213,100.0,0.00010128549728526008,
quotes,quotes.quote,benchmarks/quotes/../../data/quotes/quotes__quote.csv,job-csv,fsst,LibcMemmem,static,trigram,trigram,prefix_age_issue,Age is an issue%,4,75966,10741913,10741913,75966,75966,0,0,0,99288440,435265034,8907,878,220,1098,1,1,1,0.014453834610220363,220.0,0.0001022164301647202,
quotes,quotes.quote,benchmarks/quotes/../../data/quotes/quotes__quote.csv,job-csv,fsst,LibcMemmem,static,fm,fm,prefix_learning,Anyone who stops learning%,0,75966,10741913,10741913,75966,75966,0,0,0,99288440,13638509114,999,938,629,1567,3,3,3,0.02062764921148935,209.66666666666666,0.0001458771822113994,
quotes,quotes.quote,benchmarks/quotes/../../data/quotes/quotes__quote.csv,job-csv,fsst,LibcMemmem,static,fm,fm,prefix_learning,Anyone who stops learning%,1,75966,10741913,10741913,75966,75966,0,0,0,99288440,13638509114,999,539,399,938,3,3,3,0.012347629202537978,133.0,0.00008732150409335842,
quotes,quotes.quote,benchmarks/quotes/../../data/quotes/quotes__quote.csv,job-csv,fsst,LibcMemmem,static,fm,fm,prefix_learning,Anyone who stops learning%,2,75966,10741913,10741913,75966,75966,0,0,0,99288440,13638509114,999,479,390,869,3,3,3,0.01143932812047495,130.0,0.00008089806722508365,
quotes,quotes.quote,benchmarks/quotes/../../data/quotes/quotes__quote.csv,job-csv,fsst,LibcMemmem,static,fm,fm,prefix_learning,Anyone who stops learning%,3,75966,10741913,10741913,75966,75966,0,0,0,99288440,13638509114,999,1088,350,1438,3,3,3,0.01892952110154543,116.66666666666667,0.00013386814806636398,
quotes,quotes.quote,benchmarks/quotes/../../data/quotes/quotes__quote.csv,job-csv,fsst,LibcMemmem,static,fm,fm,prefix_learning,Anyone who stops learning%,4,75966,10741913,10741913,75966,75966,0,0,0,99288440,13638509114,999,480,319,799,3,3,3,0.010517863254613907,106.33333333333333,0.00007438153706886287,
quotes,quotes.quote,benchmarks/quotes/../../data/quotes/quotes__quote.csv,job-csv,fsst,LibcMemmem,static,full-scan,full-scan,prefix_learning,Anyone who stops learning%,0,75966,10741913,10741913,75966,75966,0,0,0,99288440,0,999,40,8817004,8817044,75966,75668,3,116.0656609535845,116.06513440223257,0.8208076159246496,
quotes,quotes.quote,benchmarks/quotes/../../data/quotes/quotes__quote.csv,job-csv,fsst,LibcMemmem,static,full-scan,full-scan,prefix_learning,Anyone who stops learning%,1,75966,10741913,10741913,75966,75966,0,0,0,99288440,0,999,30,8640611,8640641,75966,75668,3,113.74353000026328,113.74313508674933,0.8043856806511094,
quotes,quotes.quote,benchmarks/quotes/../../data/quotes/quotes__quote.csv,job-csv,fsst,LibcMemmem,static,full-scan,full-scan,prefix_learning,Anyone who stops learning%,2,75966,10741913,10741913,75966,75966,0,0,0,99288440,0,999,40,8840268,8840308,75966,75668,3,116.37190321986152,116.3713766685096,0.8229733381754255,
quotes,quotes.quote,benchmarks/quotes/../../data/quotes/quotes__quote.csv,job-csv,fsst,LibcMemmem,static,full-scan,full-scan,prefix_learning,Anyone who stops learning%,3,75966,10741913,10741913,75966,75966,0,0,0,99288440,0,999,30,8605453,8605483,75966,75668,3,113.28071768949266,113.28032277597873,0.8011127068335034,
quotes,quotes.quote,benchmarks/quotes/../../data/quotes/quotes__quote.csv,job-csv,fsst,LibcMemmem,static,full-scan,full-scan,prefix_learning,Anyone who stops learning%,4,75966,10741913,10741913,75966,75966,0,0,0,99288440,0,999,40,8713691,8713731,75966,75668,3,114.70567095806018,114.70514440670827,0.8111898690670833,
quotes,quotes.quote,benchmarks/quotes/../../data/quotes/quotes__quote.csv,job-csv,fsst,LibcMemmem,static,prefix-btree,prefix-btree,prefix_learning,Anyone who stops learning%,0,75966,10741913,10741913,75966,75966,0,0,0,99288440,28363628,999,409,470,879,3,3,3,0.011570965958455099,156.66666666666666,0.00008182900010454377,
quotes,quotes.quote,benchmarks/quotes/../../data/quotes/quotes__quote.csv,job-csv,fsst,LibcMemmem,static,prefix-btree,prefix-btree,prefix_learning,Anyone who stops learning%,1,75966,10741913,10741913,75966,75966,0,0,0,99288440,28363628,999,349,529,878,3,3,3,0.011557802174657083,176.33333333333334,0.00008173590681659775,
quotes,quotes.quote,benchmarks/quotes/../../data/quotes/quotes__quote.csv,job-csv,fsst,LibcMemmem,static,prefix-btree,prefix-btree,prefix_learning,Anyone who stops learning%,2,75966,10741913,10741913,75966,75966,0,0,0,99288440,28363628,999,259,350,609,3,3,3,0.008016744332991075,116.66666666666667,0.00005669381235912076,
quotes,quotes.quote,benchmarks/quotes/../../data/quotes/quotes__quote.csv,job-csv,fsst,LibcMemmem,static,prefix-btree,prefix-btree,prefix_learning,Anyone who stops learning%,3,75966,10741913,10741913,75966,75966,0,0,0,99288440,28363628,999,260,309,569,3,3,3,0.007490192981070479,103.0,0.00005297008084128032,
quotes,quotes.quote,benchmarks/quotes/../../data/quotes/quotes__quote.csv,job-csv,fsst,LibcMemmem,static,prefix-btree,prefix-btree,prefix_learning,Anyone who stops learning%,4,75966,10741913,10741913,75966,75966,0,0,0,99288440,28363628,999,189,330,519,3,3,3,0.006832003791169734,110.0,0.000048315416443979765,
quotes,quotes.quote,benchmarks/quotes/../../data/quotes/quotes__quote.csv,job-csv,fsst,LibcMemmem,static,qgram,qgram,prefix_learning,Anyone who stops learning%,0,75966,10741913,10741913,75966,75966,0,0,0,99288440,801241899,999,2377,339,2716,3,3,3,0.03575283679540847,113.0,0.00025284137006136617,
quotes,quotes.quote,benchmarks/quotes/../../data/quotes/quotes__quote.csv,job-csv,fsst,LibcMemmem,static,qgram,qgram,prefix_learning,Anyone who stops learning%,1,75966,10741913,10741913,75966,75966,0,0,0,99288440,801241899,999,689,320,1009,3,3,3,0.013282257852197036,106.66666666666667,0.00009393112753752521,
quotes,quotes.quote,benchmarks/quotes/../../data/quotes/quotes__quote.csv,job-csv,fsst,LibcMemmem,static,qgram,qgram,prefix_learning,Anyone who stops learning%,2,75966,10741913,10741913,75966,75966,0,0,0,99288440,801241899,999,399,330,729,3,3,3,0.009596398388752862,110.0,0.00006786500691264209,
quotes,quotes.quote,benchmarks/quotes/../../data/quotes/quotes__quote.csv,job-csv,fsst,LibcMemmem,static,qgram,qgram,prefix_learning,Anyone who stops learning%,3,75966,10741913,10741913,75966,75966,0,0,0,99288440,801241899,999,359,310,669,3,3,3,0.008806571360871969,103.33333333333333,0.00006227940963588143,
quotes,quotes.quote,benchmarks/quotes/../../data/quotes/quotes__quote.csv,job-csv,fsst,LibcMemmem,static,qgram,qgram,prefix_learning,Anyone who stops learning%,4,75966,10741913,10741913,75966,75966,0,0,0,99288440,801241899,999,1328,320,1648,3,3,3,0.021693915699128558,106.66666666666667,0.0001534177385350263,
quotes,quotes.quote,benchmarks/quotes/../../data/quotes/quotes__quote.csv,job-csv,fsst,LibcMemmem,static,trigram,trigram,prefix_learning,Anyone who stops learning%,0,75966,10741913,10741913,75966,75966,0,0,0,99288440,435265034,999,71391,490,71881,3,3,3,0.9462259431851091,163.33333333333334,0.006691638630847224,
quotes,quotes.quote,benchmarks/quotes/../../data/quotes/quotes__quote.csv,job-csv,fsst,LibcMemmem,static,trigram,trigram,prefix_learning,Anyone who stops learning%,1,75966,10741913,10741913,75966,75966,0,0,0,99288440,435265034,999,70343,449,70792,3,3,3,0.9318905826290709,149.66666666666666,0.006590260040274018,
quotes,quotes.quote,benchmarks/quotes/../../data/quotes/quotes__quote.csv,job-csv,fsst,LibcMemmem,static,trigram,trigram,prefix_learning,Anyone who stops learning%,2,75966,10741913,10741913,75966,75966,0,0,0,99288440,435265034,999,70353,440,70793,3,3,3,0.9319037464128689,146.66666666666666,0.006590353133561965,
quotes,quotes.quote,benchmarks/quotes/../../data/quotes/quotes__quote.csv,job-csv,fsst,LibcMemmem,static,trigram,trigram,prefix_learning,Anyone who stops learning%,3,75966,10741913,10741913,75966,75966,0,0,0,99288440,435265034,999,80767,709,81476,3,3,3,1.0725324487270622,236.33333333333334,0.007584868728689201,
quotes,quotes.quote,benchmarks/quotes/../../data/quotes/quotes__quote.csv,job-csv,fsst,LibcMemmem,static,trigram,trigram,prefix_learning,Anyone who stops learning%,4,75966,10741913,10741913,75966,75966,0,0,0,99288440,435265034,999,70463,429,70892,3,3,3,0.9332069610088723,143.0,0.006599569369068619,
quotes,quotes.quote,benchmarks/quotes/../../data/quotes/quotes__quote.csv,job-csv,fsst,LibcMemmem,static,fm,fm,prefix_coffee_obituaries,Like everyone else who makes the mistake%,0,75966,10741913,10741913,75966,75966,0,0,0,99288440,13638509114,1278,1528,150,1678,1,1,1,0.022088829213069004,150.0,0.00015621053717340664,
quotes,quotes.quote,benchmarks/quotes/../../data/quotes/quotes__quote.csv,job-csv,fsst,LibcMemmem,static,fm,fm,prefix_coffee_obituaries,Like everyone else who makes the mistake%,1,75966,10741913,10741913,75966,75966,0,0,0,99288440,13638509114,1278,908,160,1068,1,1,1,0.014058921096279915,160.0,0.00009942363152633986,
quotes,quotes.quote,benchmarks/quotes/../../data/quotes/quotes__quote.csv,job-csv,fsst,LibcMemmem,static,fm,fm,prefix_coffee_obituaries,Like everyone else who makes the mistake%,2,75966,10741913,10741913,75966,75966,0,0,0,99288440,13638509114,1278,759,100,859,1,1,1,0.0113076902824948,100.0,0.00007996713434562354,
quotes,quotes.quote,benchmarks/quotes/../../data/quotes/quotes__quote.csv,job-csv,fsst,LibcMemmem,static,fm,fm,prefix_coffee_obituaries,Like everyone else who makes the mistake%,3,75966,10741913,10741913,75966,75966,0,0,0,99288440,13638509114,1278,1647,180,1827,1,1,1,0.024050232998973225,180.0,0.0001700814370773623,
quotes,quotes.quote,benchmarks/quotes/../../data/quotes/quotes__quote.csv,job-csv,fsst,LibcMemmem,static,fm,fm,prefix_coffee_obituaries,Like everyone else who makes the mistake%,4,75966,10741913,10741913,75966,75966,0,0,0,99288440,13638509114,1278,819,120,939,1,1,1,0.012360792986335993,120.0,0.00008741459738130443,
quotes,quotes.quote,benchmarks/quotes/../../data/quotes/quotes__quote.csv,job-csv,fsst,LibcMemmem,static,full-scan,full-scan,prefix_coffee_obituaries,Like everyone else who makes the mistake%,0,75966,10741913,10741913,75966,75966,0,0,0,99288440,0,1278,39,8587733,8587772,75966,73421,1,113.04757391464602,113.0470605270779,0.7994639316106917,
quotes,quotes.quote,benchmarks/quotes/../../data/quotes/quotes__quote.csv,job-csv,fsst,LibcMemmem,static,full-scan,full-scan,prefix_coffee_obituaries,Like everyone else who makes the mistake%,1,75966,10741913,10741913,75966,75966,0,0,0,99288440,0,1278,40,8584677,8584717,75966,73421,1,113.00735855514309,113.00683200379117,0.7991795316160166,
quotes,quotes.quote,benchmarks/quotes/../../data/quotes/quotes__quote.csv,job-csv,fsst,LibcMemmem,static,full-scan,full-scan,prefix_coffee_obituaries,Like everyone else who makes the mistake%,2,75966,10741913,10741913,75966,75966,0,0,0,99288440,0,1278,40,8518976,8519016,75966,73421,1,112.14248479582972,112.14195824447779,0.7930632095046758,
quotes,quotes.quote,benchmarks/quotes/../../data/quotes/quotes__quote.csv,job-csv,fsst,LibcMemmem,static,full-scan,full-scan,prefix_coffee_obituaries,Like everyone else who makes the mistake%,3,75966,10741913,10741913,75966,75966,0,0,0,99288440,0,1278,100,8630725,8630825,75966,73421,1,113.61431429850197,113.61299792012215,0.8034718769366314,
quotes,quotes.quote,benchmarks/quotes/../../data/quotes/quotes__quote.csv,job-csv,fsst,LibcMemmem,static,full-scan,full-scan,prefix_coffee_obituaries,Like everyone else who makes the mistake%,4,75966,10741913,10741913,75966,75966,0,0,0,99288440,0,1278,30,8519356,8519386,75966,73421,1,112.14735539583498,112.14696048232103,0.7930976540212158,
quotes,quotes.quote,benchmarks/quotes/../../data/quotes/quotes__quote.csv,job-csv,fsst,LibcMemmem,static,prefix-btree,prefix-btree,prefix_coffee_obituaries,Like everyone else who makes the mistake%,0,75966,10741913,10741913,75966,75966,0,0,0,99288440,28363628,1278,439,140,579,1,1,1,0.007621830819050628,140.0,0.00005390101372074043,
quotes,quotes.quote,benchmarks/quotes/../../data/quotes/quotes__quote.csv,job-csv,fsst,LibcMemmem,static,prefix-btree,prefix-btree,prefix_coffee_obituaries,Like everyone else who makes the mistake%,1,75966,10741913,10741913,75966,75966,0,0,0,99288440,28363628,1278,369,120,489,1,1,1,0.006437090277229287,120.0,0.00004552261780559943,
quotes,quotes.quote,benchmarks/quotes/../../data/quotes/quotes__quote.csv,job-csv,fsst,LibcMemmem,static,prefix-btree,prefix-btree,prefix_coffee_obituaries,Like everyone else who makes the mistake%,2,75966,10741913,10741913,75966,75966,0,0,0,99288440,28363628,1278,250,130,380,1,1,1,0.005002237843245662,130.0,0.00003537544941948422,
quotes,quotes.quote,benchmarks/quotes/../../data/quotes/quotes__quote.csv,job-csv,fsst,LibcMemmem,static,prefix-btree,prefix-btree,prefix_coffee_obituaries,Like everyone else who makes the mistake%,3,75966,10741913,10741913,75966,75966,0,0,0,99288440,28363628,1278,249,160,409,1,1,1,0.005383987573388095,160.0,0.000038075154769918544,
quotes,quotes.quote,benchmarks/quotes/../../data/quotes/quotes__quote.csv,job-csv,fsst,LibcMemmem,static,prefix-btree,prefix-btree,prefix_coffee_obituaries,Like everyone else who makes the mistake%,4,75966,10741913,10741913,75966,75966,0,0,0,99288440,28363628,1278,230,90,320,1,1,1,0.0042124108153647685,90.0,0.000029789852142723554,
quotes,quotes.quote,benchmarks/quotes/../../data/quotes/quotes__quote.csv,job-csv,fsst,LibcMemmem,static,qgram,qgram,prefix_coffee_obituaries,Like everyone else who makes the mistake%,0,75966,10741913,10741913,75966,75966,0,0,0,99288440,801241899,1278,4903,179,5082,1,1,1,0.06689834926151172,179.0,0.00047310008934162845,
quotes,quotes.quote,benchmarks/quotes/../../data/quotes/quotes__quote.csv,job-csv,fsst,LibcMemmem,static,qgram,qgram,prefix_coffee_obituaries,Like everyone else who makes the mistake%,1,75966,10741913,10741913,75966,75966,0,0,0,99288440,801241899,1278,1238,140,1378,1,1,1,0.018139694073664534,140.0,0.00012828255078960331,
quotes,quotes.quote,benchmarks/quotes/../../data/quotes/quotes__quote.csv,job-csv,fsst,LibcMemmem,static,qgram,qgram,prefix_coffee_obituaries,Like everyone else who makes the mistake%,2,75966,10741913,10741913,75966,75966,0,0,0,99288440,801241899,1278,979,210,1189,1,1,1,0.015651738935839717,210.0,0.0001106879193678072,
quotes,quotes.quote,benchmarks/quotes/../../data/quotes/quotes__quote.csv,job-csv,fsst,LibcMemmem,static,qgram,qgram,prefix_coffee_obituaries,Like everyone else who makes the mistake%,3,75966,10741913,10741913,75966,75966,0,0,0,99288440,801241899,1278,909,150,1059,1,1,1,0.01394044704209778,150.0,0.00009858579193482576,
quotes,quotes.quote,benchmarks/quotes/../../data/quotes/quotes__quote.csv,job-csv,fsst,LibcMemmem,static,qgram,qgram,prefix_coffee_obituaries,Like everyone else who makes the mistake%,4,75966,10741913,10741913,75966,75966,0,0,0,99288440,801241899,1278,1967,140,2107,1,1,1,0.027736092462417396,140.0,0.0001961475577022454,
quotes,quotes.quote,benchmarks/quotes/../../data/quotes/quotes__quote.csv,job-csv,fsst,LibcMemmem,static,trigram,trigram,prefix_coffee_obituaries,Like everyone else who makes the mistake%,0,75966,10741913,10741913,75966,75966,0,0,0,99288440,435265034,1278,7219,120,7339,1,1,1,0.09660900929363136,120.0,0.0006832116402357755,
quotes,quotes.quote,benchmarks/quotes/../../data/quotes/quotes__quote.csv,job-csv,fsst,LibcMemmem,static,trigram,trigram,prefix_coffee_obituaries,Like everyone else who makes the mistake%,1,75966,10741913,10741913,75966,75966,0,0,0,99288440,435265034,1278,6340,100,6440,1,1,1,0.08477476765921596,100.0,0.0005995207743723115,
quotes,quotes.quote,benchmarks/quotes/../../data/quotes/quotes__quote.csv,job-csv,fsst,LibcMemmem,static,trigram,trigram,prefix_coffee_obituaries,Like everyone else who makes the mistake%,2,75966,10741913,10741913,75966,75966,0,0,0,99288440,435265034,1278,6020,150,6170,1,1,1,0.08122054603375194,150.0,0.0005743855866268885,
quotes,quotes.quote,benchmarks/quotes/../../data/quotes/quotes__quote.csv,job-csv,fsst,LibcMemmem,static,trigram,trigram,prefix_coffee_obituaries,Like everyone else who makes the mistake%,3,75966,10741913,10741913,75966,75966,0,0,0,99288440,435265034,1278,5991,110,6101,1,1,1,0.08031224495168891,110.0,0.0005679621497586138,
quotes,quotes.quote,benchmarks/quotes/../../data/quotes/quotes__quote.csv,job-csv,fsst,LibcMemmem,static,trigram,trigram,prefix_coffee_obituaries,Like everyone else who makes the mistake%,4,75966,10741913,10741913,75966,75966,0,0,0,99288440,435265034,1278,5981,110,6091,1,1,1,0.08018060711370877,110.0,0.0005670312168791537,
quotes,quotes.quote,benchmarks/quotes/../../data/quotes/quotes__quote.csv,job-csv,fsst,LibcMemmem,static,fm,fm,prefix_gap_age,Age is a________________over mat%,0,75966,10741913,10741913,75966,75966,0,0,0,99288440,13638509114,1927,380,479,859,3,3,1,0.0113076902824948,159.66666666666666,0.00007996713434562354,
quotes,quotes.quote,benchmarks/quotes/../../data/quotes/quotes__quote.csv,job-csv,fsst,LibcMemmem,static,fm,fm,prefix_gap_age,Age is a________________over mat%,1,75966,10741913,10741913,75966,75966,0,0,0,99288440,13638509114,1927,210,2296,2506,3,3,1,0.032988442197825346,765.3333333333334,0.00023329177959270384,
quotes,quotes.quote,benchmarks/quotes/../../data/quotes/quotes__quote.csv,job-csv,fsst,LibcMemmem,static,fm,fm,prefix_gap_age,Age is a________________over mat%,2,75966,10741913,10741913,75966,75966,0,0,0,99288440,13638509114,1927,190,400,590,3,3,1,0.007766632440828792,133.33333333333334,0.00005492503988814655,
quotes,quotes.quote,benchmarks/quotes/../../data/quotes/quotes__quote.csv,job-csv,fsst,LibcMemmem,static,fm,fm,prefix_gap_age,Age is a________________over mat%,3,75966,10741913,10741913,75966,75966,0,0,0,99288440,13638509114,1927,249,1178,1427,3,3,1,0.018784719479767266,392.6666666666667,0.00013284412189895785,
quotes,quotes.quote,benchmarks/quotes/../../data/quotes/quotes__quote.csv,job-csv,fsst,LibcMemmem,static,fm,fm,prefix_gap_age,Age is a________________over mat%,4,75966,10741913,10741913,75966,75966,0,0,0,99288440,13638509114,1927,200,469,669,3,3,1,0.008806571360871969,156.33333333333334,0.00006227940963588143,
quotes,quotes.quote,benchmarks/quotes/../../data/quotes/quotes__quote.csv,job-csv,fsst,LibcMemmem,static,full-scan,full-scan,prefix_gap_age,Age is a________________over mat%,0,75966,10741913,10741913,75966,75966,0,0,0,99288440,0,1927,100,13844932,13845032,75966,74931,1,182.25300792459785,182.25169154621804,1.288879550597738,
quotes,quotes.quote,benchmarks/quotes/../../data/quotes/quotes__quote.csv,job-csv,fsst,LibcMemmem,static,full-scan,full-scan,prefix_gap_age,Age is a________________over mat%,1,75966,10741913,10741913,75966,75966,0,0,0,99288440,0,1927,110,13711754,13711864,75966,74931,1,180.5000131637838,180.498565147566,1.2764825036285437,
quotes,quotes.quote,benchmarks/quotes/../../data/quotes/quotes__quote.csv,job-csv,fsst,LibcMemmem,static,full-scan,full-scan,prefix_gap_age,Age is a________________over mat%,2,75966,10741913,10741913,75966,75966,0,0,0,99288440,0,1927,110,8959566,8959676,75966,74931,1,117.94323776426296,117.94178974804518,0.834085697770965,
quotes,quotes.quote,benchmarks/quotes/../../data/quotes/quotes__quote.csv,job-csv,fsst,LibcMemmem,static,full-scan,full-scan,prefix_gap_age,Age is a________________over mat%,3,75966,10741913,10741913,75966,75966,0,0,0,99288440,0,1927,30,9013075,9013105,75966,74931,1,118.64656556880709,118.64617065529316,0.8390595790526324,
quotes,quotes.quote,benchmarks/quotes/../../data/quotes/quotes__quote.csv,job-csv,fsst,LibcMemmem,static,full-scan,full-scan,prefix_gap_age,Age is a________________over mat%,4,75966,10741913,10741913,75966,75966,0,0,0,99288440,0,1927,30,8813868,8813898,75966,74931,1,116.02424768975594,116.02385277624201,0.8205147444407714,
quotes,quotes.quote,benchmarks/quotes/../../data/quotes/quotes__quote.csv,job-csv,fsst,LibcMemmem,static,prefix-btree,prefix-btree,prefix_gap_age,Age is a________________over mat%,0,75966,10741913,10741913,75966,75966,0,0,0,99288440,28363628,1927,510,679,1189,6,6,1,0.015651738935839717,113.16666666666667,0.0001106879193678072,
quotes,quotes.quote,benchmarks/quotes/../../data/quotes/quotes__quote.csv,job-csv,fsst,LibcMemmem,static,prefix-btree,prefix-btree,prefix_gap_age,Age is a________________over mat%,1,75966,10741913,10741913,75966,75966,0,0,0,99288440,28363628,1927,479,599,1078,6,6,1,0.014190558934260064,99.83333333333333,0.00010035456440579998,
quotes,quotes.quote,benchmarks/quotes/../../data/quotes/quotes__quote.csv,job-csv,fsst,LibcMemmem,static,prefix-btree,prefix-btree,prefix_gap_age,Age is a________________over mat%,2,75966,10741913,10741913,75966,75966,0,0,0,99288440,28363628,1927,399,589,988,6,6,1,0.013005818392438723,98.16666666666667,0.00009197616849065897,
quotes,quotes.quote,benchmarks/quotes/../../data/quotes/quotes__quote.csv,job-csv,fsst,LibcMemmem,static,prefix-btree,prefix-btree,prefix_gap_age,Age is a________________over mat%,3,75966,10741913,10741913,75966,75966,0,0,0,99288440,28363628,1927,1248,1827,3075,6,6,1,0.04047863517889582,304.5,0.00028626186043398416,
quotes,quotes.quote,benchmarks/quotes/../../data/quotes/quotes__quote.csv,job-csv,fsst,LibcMemmem,static,prefix-btree,prefix-btree,prefix_gap_age,Age is a________________over mat%,4,75966,10741913,10741913,75966,75966,0,0,0,99288440,28363628,1927,1218,2356,3574,6,6,1,0.047047363294105256,392.6666666666667,0.0003327154111190437,
quotes,quotes.quote,benchmarks/quotes/../../data/quotes/quotes__quote.csv,job-csv,fsst,LibcMemmem,static,qgram,full-scan,prefix_gap_age,Age is a________________over mat%,0,75966,10741913,10741913,75966,75966,0,0,0,99288440,801241899,1927,50,9118443,9118493,75966,74931,1,120.03387041571229,120.0332122265224,0.8488704944826867,literal-shorter-than-qgram
quotes,quotes.quote,benchmarks/quotes/../../data/quotes/quotes__quote.csv,job-csv,fsst,LibcMemmem,static,qgram,full-scan,prefix_gap_age,Age is a________________over mat%,1,75966,10741913,10741913,75966,75966,0,0,0,99288440,801241899,1927,110,9009926,9010036,75966,74931,1,118.606165916331,118.60471790011322,0.8387738757519261,literal-shorter-than-qgram
quotes,quotes.quote,benchmarks/quotes/../../data/quotes/quotes__quote.csv,job-csv,fsst,LibcMemmem,static,qgram,full-scan,prefix_gap_age,Age is a________________over mat%,2,75966,10741913,10741913,75966,75966,0,0,0,99288440,801241899,1927,90,8970368,8970458,75966,74931,1,118.08516968117316,118.08398494063134,0.8350894296015989,literal-shorter-than-qgram
quotes,quotes.quote,benchmarks/quotes/../../data/quotes/quotes__quote.csv,job-csv,fsst,LibcMemmem,static,qgram,full-scan,prefix_gap_age,Age is a________________over mat%,3,75966,10741913,10741913,75966,75966,0,0,0,99288440,801241899,1927,100,8851602,8851702,75966,74931,1,116.5218913724561,116.5205749940763,0.8240340430982824,literal-shorter-than-qgram
quotes,quotes.quote,benchmarks/quotes/../../data/quotes/quotes__quote.csv,job-csv,fsst,LibcMemmem,static,qgram,full-scan,prefix_gap_age,Age is a________________over mat%,4,75966,10741913,10741913,75966,75966,0,0,0,99288440,801241899,1927,40,9018927,9018967,75966,74931,1,118.72373166943106,118.72320511807914,0.839605291906572,literal-shorter-than-qgram
quotes,quotes.quote,benchmarks/quotes/../../data/quotes/quotes__quote.csv,job-csv,fsst,LibcMemmem,static,trigram,trigram,prefix_gap_age,Age is a________________over mat%,0,75966,10741913,10741913,75966,75966,0,0,0,99288440,435265034,1927,60661,2556,63217,15,15,1,0.832174920359108,170.4,0.005885078384082984,
quotes,quotes.quote,benchmarks/quotes/../../data/quotes/quotes__quote.csv,job-csv,fsst,LibcMemmem,static,trigram,trigram,prefix_gap_age,Age is a________________over mat%,1,75966,10741913,10741913,75966,75966,0,0,0,99288440,435265034,1927,65493,2975,68468,15,15,1,0.9012979490824843,198.33333333333334,0.006373911239087488,
quotes,quotes.quote,benchmarks/quotes/../../data/quotes/quotes__quote.csv,job-csv,fsst,LibcMemmem,static,trigram,trigram,prefix_gap_age,Age is a________________over mat%,2,75966,10741913,10741913,75966,75966,0,0,0,99288440,435265034,1927,57297,3933,61230,15,15,1,0.8060184819524524,262.2,0.00570010202093426,
quotes,quotes.quote,benchmarks/quotes/../../data/quotes/quotes__quote.csv,job-csv,fsst,LibcMemmem,static,trigram,trigram,prefix_gap_age,Age is a________________over mat%,3,75966,10741913,10741913,75966,75966,0,0,0,99288440,435265034,1927,54222,2596,56818,15,15,1,0.7479398678356106,173.06666666666666,0.005289374434516459,
quotes,quotes.quote,benchmarks/quotes/../../data/quotes/quotes__quote.csv,job-csv,fsst,LibcMemmem,static,trigram,trigram,prefix_gap_age,Age is a________________over mat%,4,75966,10741913,10741913,75966,75966,0,0,0,99288440,435265034,1927,53473,2556,56029,15,15,1,0.7375536424189769,170.4,0.005215923830327056,
quotes,quotes.quote,benchmarks/quotes/../../data/quotes/quotes__quote.csv,job-csv,fsst,LibcMemmem,static,fm,fm,equality_age_issue_full,"Age is an issue of mind over matter. If you don't mind, it doesn't matter.",0,75966,10741913,10741913,75966,75966,0,0,0,99288440,13638509114,959,2526,180,2706,1,1,1,0.035621198957428324,180.0,0.00025191043718190607,
quotes,quotes.quote,benchmarks/quotes/../../data/quotes/quotes__quote.csv,job-csv,fsst,LibcMemmem,static,fm,fm,equality_age_issue_full,"Age is an issue of mind over matter. If you don't mind, it doesn't matter.",1,75966,10741913,10741913,75966,75966,0,0,0,99288440,13638509114,959,1427,180,1607,1,1,1,0.021154200563409945,180.0,0.00014960091372923984,
quotes,quotes.quote,benchmarks/quotes/../../data/quotes/quotes__quote.csv,job-csv,fsst,LibcMemmem,static,fm,fm,equality_age_issue_full,"Age is an issue of mind over matter. If you don't mind, it doesn't matter.",2,75966,10741913,10741913,75966,75966,0,0,0,99288440,13638509114,959,1388,169,1557,1,1,1,0.0204960113735092,169.0,0.00014494624933193928,
quotes,quotes.quote,benchmarks/quotes/../../data/quotes/quotes__quote.csv,job-csv,fsst,LibcMemmem,static,fm,fm,equality_age_issue_full,"Age is an issue of mind over matter. If you don't mind, it doesn't matter.",3,75966,10741913,10741913,75966,75966,0,0,0,99288440,13638509114,959,1318,199,1517,1,1,1,0.019969460021588604,199.0,0.00014122251781409885,
quotes,quotes.quote,benchmarks/quotes/../../data/quotes/quotes__quote.csv,job-csv,fsst,LibcMemmem,static,fm,fm,equality_age_issue_full,"Age is an issue of mind over matter. If you don't mind, it doesn't matter.",4,75966,10741913,10741913,75966,75966,0,0,0,99288440,13638509114,959,1318,1637,2955,1,1,1,0.03889898112313404,1637.0,0.0002750906658804628,
quotes,quotes.quote,benchmarks/quotes/../../data/quotes/quotes__quote.csv,job-csv,fsst,LibcMemmem,static,full-scan,full-scan,equality_age_issue_full,"Age is an issue of mind over matter. If you don't mind, it doesn't matter.",0,75966,10741913,10741913,75966,75966,0,0,0,99288440,0,959,20,293262,293282,75966,467,1,3.8607008398494065,3.860437564173446,0.02730258567538203,
quotes,quotes.quote,benchmarks/quotes/../../data/quotes/quotes__quote.csv,job-csv,fsst,LibcMemmem,static,full-scan,full-scan,equality_age_issue_full,"Age is an issue of mind over matter. If you don't mind, it doesn't matter.",1,75966,10741913,10741913,75966,75966,0,0,0,99288440,0,959,60,273184,273244,75966,467,1,3.596924940104784,3.596135113076903,0.02543718237151986,
quotes,quotes.quote,benchmarks/quotes/../../data/quotes/quotes__quote.csv,job-csv,fsst,LibcMemmem,static,full-scan,full-scan,equality_age_issue_full,"Age is an issue of mind over matter. If you don't mind, it doesn't matter.",2,75966,10741913,10741913,75966,75966,0,0,0,99288440,0,959,50,249962,250012,75966,467,1,3.2911039149093013,3.2904457257194006,0.02327443910595813,
quotes,quotes.quote,benchmarks/quotes/../../data/quotes/quotes__quote.csv,job-csv,fsst,LibcMemmem,static,full-scan,full-scan,equality_age_issue_full,"Age is an issue of mind over matter. If you don't mind, it doesn't matter.",3,75966,10741913,10741913,75966,75966,0,0,0,99288440,0,959,30,248015,248045,75966,467,1,3.2652107521786062,3.2648158386646657,0.023091324608568324,
quotes,quotes.quote,benchmarks/quotes/../../data/quotes/quotes__quote.csv,job-csv,fsst,LibcMemmem,static,full-scan,full-scan,equality_age_issue_full,"Age is an issue of mind over matter. If you don't mind, it doesn't matter.",4,75966,10741913,10741913,75966,75966,0,0,0,99288440,0,959,20,246857,246877,75966,467,1,3.249835452702525,3.2495721770265646,0.022982591648247383,
quotes,quotes.quote,benchmarks/quotes/../../data/quotes/quotes__quote.csv,job-csv,fsst,LibcMemmem,static,prefix-btree,prefix-btree,equality_age_issue_full,"Age is an issue of mind over matter. If you don't mind, it doesn't matter.",0,75966,10741913,10741913,75966,75966,0,0,0,99288440,28363628,959,170,150,320,1,1,1,0.0042124108153647685,150.0,0.000029789852142723554,
quotes,quotes.quote,benchmarks/quotes/../../data/quotes/quotes__quote.csv,job-csv,fsst,LibcMemmem,static,prefix-btree,prefix-btree,equality_age_issue_full,"Age is an issue of mind over matter. If you don't mind, it doesn't matter.",1,75966,10741913,10741913,75966,75966,0,0,0,99288440,28363628,959,90,130,220,1,1,1,0.0028960324355632784,130.0,0.000020480523348122445,
quotes,quotes.quote,benchmarks/quotes/../../data/quotes/quotes__quote.csv,job-csv,fsst,LibcMemmem,static,prefix-btree,prefix-btree,equality_age_issue_full,"Age is an issue of mind over matter. If you don't mind, it doesn't matter.",2,75966,10741913,10741913,75966,75966,0,0,0,99288440,28363628,959,80,120,200,1,1,1,0.0026327567596029803,120.0,0.00001861865758920222,
quotes,quotes.quote,benchmarks/quotes/../../data/quotes/quotes__quote.csv,job-csv,fsst,LibcMemmem,static,prefix-btree,prefix-btree,equality_age_issue_full,"Age is an issue of mind over matter. If you don't mind, it doesn't matter.",3,75966,10741913,10741913,75966,75966,0,0,0,99288440,28363628,959,80,140,220,1,1,1,0.0028960324355632784,140.0,0.000020480523348122445,
quotes,quotes.quote,benchmarks/quotes/../../data/quotes/quotes__quote.csv,job-csv,fsst,LibcMemmem,static,prefix-btree,prefix-btree,equality_age_issue_full,"Age is an issue of mind over matter. If you don't mind, it doesn't matter.",4,75966,10741913,10741913,75966,75966,0,0,0,99288440,28363628,959,119,120,239,1,1,1,0.0031461443277255616,120.0,0.000022249295819096656,
quotes,quotes.quote,benchmarks/quotes/../../data/quotes/quotes__quote.csv,job-csv,fsst,LibcMemmem,static,qgram,qgram,equality_age_issue_full,"Age is an issue of mind over matter. If you don't mind, it doesn't matter.",0,75966,10741913,10741913,75966,75966,0,0,0,99288440,801241899,959,14247,339,14586,1,1,1,0.19200695047784536,339.0,0.001357858697980518,
quotes,quotes.quote,benchmarks/quotes/../../data/quotes/quotes__quote.csv,job-csv,fsst,LibcMemmem,static,qgram,qgram,equality_age_issue_full,"Age is an issue of mind over matter. If you don't mind, it doesn't matter.",1,75966,10741913,10741913,75966,75966,0,0,0,99288440,801241899,959,5072,190,5262,1,1,1,0.06926783034515441,190.0,0.0004898568811719104,
quotes,quotes.quote,benchmarks/quotes/../../data/quotes/quotes__quote.csv,job-csv,fsst,LibcMemmem,static,qgram,qgram,equality_age_issue_full,"Age is an issue of mind over matter. If you don't mind, it doesn't matter.",2,75966,10741913,10741913,75966,75966,0,0,0,99288440,801241899,959,2376,140,2516,1,1,1,0.033120080035805494,140.0,0.00023422271247216394,
quotes,quotes.quote,benchmarks/quotes/../../data/quotes/quotes__quote.csv,job-csv,fsst,LibcMemmem,static,qgram,qgram,equality_age_issue_full,"Age is an issue of mind over matter. If you don't mind, it doesn't matter.",3,75966,10741913,10741913,75966,75966,0,0,0,99288440,801241899,959,2046,150,2196,1,1,1,0.028907669220440725,150.0,0.0002044328603294404,
quotes,quotes.quote,benchmarks/quotes/../../data/quotes/quotes__quote.csv,job-csv,fsst,LibcMemmem,static,qgram,qgram,equality_age_issue_full,"Age is an issue of mind over matter. If you don't mind, it doesn't matter.",4,75966,10741913,10741913,75966,75966,0,0,0,99288440,801241899,959,2107,140,2247,1,1,1,0.029579022194139482,140.0,0.00020918061801468695,
quotes,quotes.quote,benchmarks/quotes/../../data/quotes/quotes__quote.csv,job-csv,fsst,LibcMemmem,static,trigram,trigram,equality_age_issue_full,"Age is an issue of mind over matter. If you don't mind, it doesn't matter.",0,75966,10741913,10741913,75966,75966,0,0,0,99288440,435265034,959,2706,189,2895,1,1,1,0.03810915409525314,189.0,0.00026950506860370216,
quotes,quotes.quote,benchmarks/quotes/../../data/quotes/quotes__quote.csv,job-csv,fsst,LibcMemmem,static,trigram,trigram,equality_age_issue_full,"Age is an issue of mind over matter. If you don't mind, it doesn't matter.",1,75966,10741913,10741913,75966,75966,0,0,0,99288440,435265034,959,2137,140,2277,1,1,1,0.02997393570807993,140.0,0.00021197341665306728,
quotes,quotes.quote,benchmarks/quotes/../../data/quotes/quotes__quote.csv,job-csv,fsst,LibcMemmem,static,trigram,trigram,equality_age_issue_full,"Age is an issue of mind over matter. If you don't mind, it doesn't matter.",2,75966,10741913,10741913,75966,75966,0,0,0,99288440,435265034,959,1977,140,2117,1,1,1,0.027867730300397547,140.0,0.00019707849058170552,
quotes,quotes.quote,benchmarks/quotes/../../data/quotes/quotes__quote.csv,job-csv,fsst,LibcMemmem,static,trigram,trigram,equality_age_issue_full,"Age is an issue of mind over matter. If you don't mind, it doesn't matter.",3,75966,10741913,10741913,75966,75966,0,0,0,99288440,435265034,959,1967,130,2097,1,1,1,0.02760445462443725,130.0,0.0001952166248227853,
quotes,quotes.quote,benchmarks/quotes/../../data/quotes/quotes__quote.csv,job-csv,fsst,LibcMemmem,static,trigram,trigram,equality_age_issue_full,"Age is an issue of mind over matter. If you don't mind, it doesn't matter.",4,75966,10741913,10741913,75966,75966,0,0,0,99288440,435265034,959,1957,129,2086,1,1,1,0.027459653002659085,129.0,0.00019419259865537916,
quotes,quotes.quote,benchmarks/quotes/../../data/quotes/quotes__quote.csv,job-csv,fsst,LibcMemmem,static,fm,fm,contains_relationship,%relationship with%,0,75966,10741913,10741913,75966,75966,0,0,0,99288440,13638509114,749,4263,71463,75726,418,418,418,0.9968406918884765,170.9641148325359,0.007049582322999637,
quotes,quotes.quote,benchmarks/quotes/../../data/quotes/quotes__quote.csv,job-csv,fsst,LibcMemmem,static,fm,fm,contains_relationship,%relationship with%,1,75966,10741913,10741913,75966,75966,0,0,0,99288440,13638509114,749,3324,69237,72561,418,418,418,0.9551773161677592,165.63875598086125,0.006754942066650512,
quotes,quotes.quote,benchmarks/quotes/../../data/quotes/quotes__quote.csv,job-csv,fsst,LibcMemmem,static,fm,fm,contains_relationship,%relationship with%,2,75966,10741913,10741913,75966,75966,0,0,0,99288440,13638509114,749,3065,66811,69876,418,418,418,0.9198325566700892,159.83492822966508,0.006504986588515472,
quotes,quotes.quote,benchmarks/quotes/../../data/quotes/quotes__quote.csv,job-csv,fsst,LibcMemmem,static,fm,fm,contains_relationship,%relationship with%,3,75966,10741913,10741913,75966,75966,0,0,0,99288440,13638509114,749,2986,75836,78822,418,418,418,1.0375957665271305,181.42583732057417,0.007337799142480487,
quotes,quotes.quote,benchmarks/quotes/../../data/quotes/quotes__quote.csv,job-csv,fsst,LibcMemmem,static,fm,fm,contains_relationship,%relationship with%,4,75966,10741913,10741913,75966,75966,0,0,0,99288440,13638509114,749,3265,70315,73580,418,418,418,0.9685912118579364,168.2177033492823,0.006849804127067497,
quotes,quotes.quote,benchmarks/quotes/../../data/quotes/quotes__quote.csv,job-csv,fsst,LibcMemmem,static,full-scan,full-scan,contains_relationship,%relationship with%,0,75966,10741913,10741913,75966,75966,0,0,0,99288440,0,749,90,11331824,11331914,75966,75937,418,149.17086591369824,149.16968117315642,1.0549251329814344,
quotes,quotes.quote,benchmarks/quotes/../../data/quotes/quotes__quote.csv,job-csv,fsst,LibcMemmem,static,full-scan,full-scan,contains_relationship,%relationship with%,1,75966,10741913,10741913,75966,75966,0,0,0,99288440,0,749,30,11577561,11577591,75966,75937,418,152.40490482584315,152.4045099123292,1.0777960126841466,
quotes,quotes.quote,benchmarks/quotes/../../data/quotes/quotes__quote.csv,job-csv,fsst,LibcMemmem,static,full-scan,full-scan,contains_relationship,%relationship with%,2,75966,10741913,10741913,75966,75966,0,0,0,99288440,0,749,120,11524089,11524209,75966,75937,418,151.7021957191375,151.70061606508176,1.0728265067870126,
quotes,quotes.quote,benchmarks/quotes/../../data/quotes/quotes__quote.csv,job-csv,fsst,LibcMemmem,static,full-scan,full-scan,contains_relationship,%relationship with%,3,75966,10741913,10741913,75966,75966,0,0,0,99288440,0,749,100,11604858,11604958,75966,75937,418,152.7651580970434,152.7638417186636,1.0803436966953652,
quotes,quotes.quote,benchmarks/quotes/../../data/quotes/quotes__quote.csv,job-csv,fsst,LibcMemmem,static,full-scan,full-scan,contains_relationship,%relationship with%,4,75966,10741913,10741913,75966,75966,0,0,0,99288440,0,749,109,11432769,11432878,75966,75937,418,150.49993418108102,150.49849932864703,1.0643242037056155,
quotes,quotes.quote,benchmarks/quotes/../../data/quotes/quotes__quote.csv,job-csv,fsst,LibcMemmem,static,prefix-btree,full-scan,contains_relationship,%relationship with%,0,75966,10741913,10741913,75966,75966,0,0,0,99288440,28363628,749,140,11556587,11556727,75966,75937,418,152.13025564068136,152.12841271094965,1.075853714324441,no-indexable-prefix
quotes,quotes.quote,benchmarks/quotes/../../data/quotes/quotes__quote.csv,job-csv,fsst,LibcMemmem,static,prefix-btree,full-scan,contains_relationship,%relationship with%,1,75966,10741913,10741913,75966,75966,0,0,0,99288440,28363628,749,130,11656372,11656502,75966,75937,418,153.4436721691283,153.44196087723455,1.0851420971292542,no-indexable-prefix
quotes,quotes.quote,benchmarks/quotes/../../data/quotes/quotes__quote.csv,job-csv,fsst,LibcMemmem,static,prefix-btree,full-scan,contains_relationship,%relationship with%,2,75966,10741913,10741913,75966,75966,0,0,0,99288440,28363628,749,179,11419500,11419679,75966,75937,418,150.326185398731,150.32382908143117,1.0630954653980162,no-indexable-prefix
quotes,quotes.quote,benchmarks/quotes/../../data/quotes/quotes__quote.csv,job-csv,fsst,LibcMemmem,static,prefix-btree,full-scan,contains_relationship,%relationship with%,3,75966,10741913,10741913,75966,75966,0,0,0,99288440,28363628,749,60,11603320,11603380,75966,75937,418,152.74438564621013,152.74359581918227,1.0801967954869864,no-indexable-prefix
quotes,quotes.quote,benchmarks/quotes/../../data/quotes/quotes__quote.csv,job-csv,fsst,LibcMemmem,static,prefix-btree,full-scan,contains_relationship,%relationship with%,4,75966,10741913,10741913,75966,75966,0,0,0,99288440,28363628,749,129,11721368,11721497,75966,75937,418,154.29925229708027,154.29755416897032,1.0911926953793054,no-indexable-prefix
quotes,quotes.quote,benchmarks/quotes/../../data/quotes/quotes__quote.csv,job-csv,fsst,LibcMemmem,static,qgram,qgram,contains_relationship,%relationship with%,0,75966,10741913,10741913,75966,75966,0,0,0,99288440,801241899,749,1798,73900,75698,418,418,418,0.996472105942132,176.79425837320574,0.007046975710937149,
quotes,quotes.quote,benchmarks/quotes/../../data/quotes/quotes__quote.csv,job-csv,fsst,LibcMemmem,static,qgram,qgram,contains_relationship,%relationship with%,1,75966,10741913,10741913,75966,75966,0,0,0,99288440,801241899,749,1049,70664,71713,418,418,418,0.9440144275070427,169.05263157894737,0.006675998958472294,
quotes,quotes.quote,benchmarks/quotes/../../data/quotes/quotes__quote.csv,job-csv,fsst,LibcMemmem,static,qgram,qgram,contains_relationship,%relationship with%,2,75966,10741913,10741913,75966,75966,0,0,0,99288440,801241899,749,1028,69037,70065,418,418,418,0.9223205118079141,165.1602870813397,0.0065225812199372684,
quotes,quotes.quote,benchmarks/quotes/../../data/quotes/quotes__quote.csv,job-csv,fsst,LibcMemmem,static,qgram,qgram,contains_relationship,%relationship with%,3,75966,10741913,10741913,75966,75966,0,0,0,99288440,801241899,749,848,67550,68398,418,418,418,0.9003764842166232,161.60287081339712,0.006367394708931268,
quotes,quotes.quote,benchmarks/quotes/../../data/quotes/quotes__quote.csv,job-csv,fsst,LibcMemmem,static,qgram,qgram,contains_relationship,%relationship with%,4,75966,10741913,10741913,75966,75966,0,0,0,99288440,801241899,749,919,66661,67580,418,418,418,0.889608509069847,159.47607655502392,0.00629124439939143,
quotes,quotes.quote,benchmarks/quotes/../../data/quotes/quotes__quote.csv,job-csv,fsst,LibcMemmem,static,trigram,trigram,contains_relationship,%relationship with%,0,75966,10741913,10741913,75966,75966,0,0,0,99288440,435265034,749,115252,79250,194502,450,450,418,2.5603822762814943,176.11111111111111,0.01810683069207505,
quotes,quotes.quote,benchmarks/quotes/../../data/quotes/quotes__quote.csv,job-csv,fsst,LibcMemmem,static,trigram,trigram,contains_relationship,%relationship with%,1,75966,10741913,10741913,75966,75966,0,0,0,99288440,435265034,749,104909,77613,182522,450,450,418,2.4026801463812757,172.47333333333333,0.01699157310248184,
quotes,quotes.quote,benchmarks/quotes/../../data/quotes/quotes__quote.csv,job-csv,fsst,LibcMemmem,static,trigram,trigram,contains_relationship,%relationship with%,2,75966,10741913,10741913,75966,75966,0,0,0,99288440,435265034,749,108862,79400,188262,450,450,418,2.4782402653818814,176.44444444444446,0.017525928575291942,
quotes,quotes.quote,benchmarks/quotes/../../data/quotes/quotes__quote.csv,job-csv,fsst,LibcMemmem,static,trigram,trigram,contains_relationship,%relationship with%,3,75966,10741913,10741913,75966,75966,0,0,0,99288440,435265034,749,104370,78262,182632,450,450,418,2.4041281625990574,173.91555555555556,0.0170018133641559,
quotes,quotes.quote,benchmarks/quotes/../../data/quotes/quotes__quote.csv,job-csv,fsst,LibcMemmem,static,trigram,trigram,contains_relationship,%relationship with%,4,75966,10741913,10741913,75966,75966,0,0,0,99288440,435265034,749,103312,77134,180446,450,450,418,2.375352131216597,171.4088888888889,0.01679831143670592,
quotes,quotes.quote,benchmarks/quotes/../../data/quotes/quotes__quote.csv,job-csv,utf8,LibcMemmem,static,fm,fm,prefix_age_issue,Age is an issue%,0,75966,10741913,10741913,75966,75966,0,0,0,99288440,14027570551,2724,653,40,693,1,1,1,0.009122502172024326,40.0,0.0000645136485465857,
quotes,quotes.quote,benchmarks/quotes/../../data/quotes/quotes__quote.csv,job-csv,utf8,LibcMemmem,static,fm,fm,prefix_age_issue,Age is an issue%,1,75966,10741913,10741913,75966,75966,0,0,0,99288440,14027570551,2724,382,40,422,1,1,1,0.005555116762762289,40.0,0.000039285367513216685,
quotes,quotes.quote,benchmarks/quotes/../../data/quotes/quotes__quote.csv,job-csv,utf8,LibcMemmem,static,fm,fm,prefix_age_issue,Age is an issue%,2,75966,10741913,10741913,75966,75966,0,0,0,99288440,14027570551,2724,311,30,341,1,1,1,0.004488850275123081,30.0,0.00003174481118958979,
quotes,quotes.quote,benchmarks/quotes/../../data/quotes/quotes__quote.csv,job-csv,utf8,LibcMemmem,static,fm,fm,prefix_age_issue,Age is an issue%,3,75966,10741913,10741913,75966,75966,0,0,0,99288440,14027570551,2724,321,40,361,1,1,1,0.004752125951083379,40.0,0.00003360667694851001,
quotes,quotes.quote,benchmarks/quotes/../../data/quotes/quotes__quote.csv,job-csv,utf8,LibcMemmem,static,fm,fm,prefix_age_issue,Age is an issue%,4,75966,10741913,10741913,75966,75966,0,0,0,99288440,14027570551,2724,1136,41,1177,1,1,1,0.015493773530263539,41.0,0.00010957079991245508,
quotes,quotes.quote,benchmarks/quotes/../../data/quotes/quotes__quote.csv,job-csv,utf8,LibcMemmem,static,full-scan,full-scan,prefix_age_issue,Age is an issue%,0,75966,10741913,10741913,75966,75966,0,0,0,99288440,0,2724,90,496569,496659,75966,75952,1,6.5379116973382825,6.536726956796461,0.04623561929797793,
quotes,quotes.quote,benchmarks/quotes/../../data/quotes/quotes__quote.csv,job-csv,utf8,LibcMemmem,static,full-scan,full-scan,prefix_age_issue,Age is an issue%,1,75966,10741913,10741913,75966,75966,0,0,0,99288440,0,2724,100,313953,314053,75966,75952,1,4.134125793117974,4.132809414738173,0.029236226359308625,
quotes,quotes.quote,benchmarks/quotes/../../data/quotes/quotes__quote.csv,job-csv,utf8,LibcMemmem,static,full-scan,full-scan,prefix_age_issue,Age is an issue%,2,75966,10741913,10741913,75966,75966,0,0,0,99288440,0,2724,71,251948,252019,75966,75952,1,3.317523628991917,3.3165890003422582,0.023461277334865773,
quotes,quotes.quote,benchmarks/quotes/../../data/quotes/quotes__quote.csv,job-csv,utf8,LibcMemmem,static,full-scan,full-scan,prefix_age_issue,Age is an issue%,3,75966,10741913,10741913,75966,75966,0,0,0,99288440,0,2724,70,252451,252521,75966,75952,1,3.3241318484585207,3.32321038359266,0.02350801016541467,
quotes,quotes.quote,benchmarks/quotes/../../data/quotes/quotes__quote.csv,job-csv,utf8,LibcMemmem,static,full-scan,full-scan,prefix_age_issue,Age is an issue%,4,75966,10741913,10741913,75966,75966,0,0,0,99288440,0,2724,70,253406,253476,75966,75952,1,3.336703261985625,3.3357817971197643,0.023596914255403112,
quotes,quotes.quote,benchmarks/quotes/../../data/quotes/quotes__quote.csv,job-csv,utf8,LibcMemmem,static,prefix-btree,prefix-btree,prefix_age_issue,Age is an issue%,0,75966,10741913,10741913,75966,75966,0,0,0,99288440,17900896,2724,352,50,402,1,1,1,0.00529184108680199,50.0,0.00003742350175429647,
quotes,quotes.quote,benchmarks/quotes/../../data/quotes/quotes__quote.csv,job-csv,utf8,LibcMemmem,static,prefix-btree,prefix-btree,prefix_age_issue,Age is an issue%,1,75966,10741913,10741913,75966,75966,0,0,0,99288440,17900896,2724,361,40,401,1,1,1,0.005278677303003975,40.0,0.000037330408466350455,
quotes,quotes.quote,benchmarks/quotes/../../data/quotes/quotes__quote.csv,job-csv,utf8,LibcMemmem,static,prefix-btree,prefix-btree,prefix_age_issue,Age is an issue%,2,75966,10741913,10741913,75966,75966,0,0,0,99288440,17900896,2724,1849,30,1879,1,1,1,0.024734749756469998,30.0,0.00017492228805055486,
quotes,quotes.quote,benchmarks/quotes/../../data/quotes/quotes__quote.csv,job-csv,utf8,LibcMemmem,static,prefix-btree,prefix-btree,prefix_age_issue,Age is an issue%,3,75966,10741913,10741913,75966,75966,0,0,0,99288440,17900896,2724,312,40,352,1,1,1,0.004633651896901245,40.0,0.00003276883735699591,
quotes,quotes.quote,benchmarks/quotes/../../data/quotes/quotes__quote.csv,job-csv,utf8,LibcMemmem,static,prefix-btree,prefix-btree,prefix_age_issue,Age is an issue%,4,75966,10741913,10741913,75966,75966,0,0,0,99288440,17900896,2724,362,41,403,1,1,1,0.005305004870600006,41.0,0.000037516595042242474,
quotes,quotes.quote,benchmarks/quotes/../../data/quotes/quotes__quote.csv,job-csv,utf8,LibcMemmem,static,qgram,qgram,prefix_age_issue,Age is an issue%,0,75966,10741913,10741913,75966,75966,0,0,0,99288440,795701401,2724,141,40,181,1,1,1,0.002382644867440697,40.0,0.00001684988511822801,
quotes,quotes.quote,benchmarks/quotes/../../data/quotes/quotes__quote.csv,job-csv,utf8,LibcMemmem,static,qgram,qgram,prefix_age_issue,Age is an issue%,1,75966,10741913,10741913,75966,75966,0,0,0,99288440,795701401,2724,1256,40,1296,1,1,1,0.01706026380222731,40.0,0.0001206489011780304,
quotes,quotes.quote,benchmarks/quotes/../../data/quotes/quotes__quote.csv,job-csv,utf8,LibcMemmem,static,qgram,qgram,prefix_age_issue,Age is an issue%,2,75966,10741913,10741913,75966,75966,0,0,0,99288440,795701401,2724,151,30,181,1,1,1,0.002382644867440697,30.0,0.00001684988511822801,
quotes,quotes.quote,benchmarks/quotes/../../data/quotes/quotes__quote.csv,job-csv,utf8,LibcMemmem,static,qgram,qgram,prefix_age_issue,Age is an issue%,3,75966,10741913,10741913,75966,75966,0,0,0,99288440,795701401,2724,433,40,473,1,1,1,0.0062264697364610485,40.0,0.000044033125198463254,
quotes,quotes.quote,benchmarks/quotes/../../data/quotes/quotes__quote.csv,job-csv,utf8,LibcMemmem,static,qgram,qgram,prefix_age_issue,Age is an issue%,4,75966,10741913,10741913,75966,75966,0,0,0,99288440,795701401,2724,151,50,201,1,1,1,0.002645920543400995,50.0,0.000018711750877148234,
quotes,quotes.quote,benchmarks/quotes/../../data/quotes/quotes__quote.csv,job-csv,utf8,LibcMemmem,static,trigram,trigram,prefix_age_issue,Age is an issue%,0,75966,10741913,10741913,75966,75966,0,0,0,99288440,384005744,2724,1266,31,1297,1,1,1,0.017073427586025328,31.0,0.0001207419944659764,
quotes,quotes.quote,benchmarks/quotes/../../data/quotes/quotes__quote.csv,job-csv,utf8,LibcMemmem,static,trigram,trigram,prefix_age_issue,Age is an issue%,1,75966,10741913,10741913,75966,75966,0,0,0,99288440,384005744,2724,995,40,1035,1,1,1,0.013624516230945422,40.0,0.00009635155302412149,
quotes,quotes.quote,benchmarks/quotes/../../data/quotes/quotes__quote.csv,job-csv,utf8,LibcMemmem,static,trigram,trigram,prefix_age_issue,Age is an issue%,2,75966,10741913,10741913,75966,75966,0,0,0,99288440,384005744,2724,864,41,905,1,1,1,0.011913224337203486,41.0,0.00008424942559114005,
quotes,quotes.quote,benchmarks/quotes/../../data/quotes/quotes__quote.csv,job-csv,utf8,LibcMemmem,static,trigram,trigram,prefix_age_issue,Age is an issue%,3,75966,10741913,10741913,75966,75966,0,0,0,99288440,384005744,2724,865,30,895,1,1,1,0.011781586499223336,30.0,0.00008331849271167995,
quotes,quotes.quote,benchmarks/quotes/../../data/quotes/quotes__quote.csv,job-csv,utf8,LibcMemmem,static,trigram,trigram,prefix_age_issue,Age is an issue%,4,75966,10741913,10741913,75966,75966,0,0,0,99288440,384005744,2724,854,40,894,1,1,1,0.011768422715425322,40.0,0.00008322539942373393,
quotes,quotes.quote,benchmarks/quotes/../../data/quotes/quotes__quote.csv,job-csv,utf8,LibcMemmem,static,fm,fm,prefix_learning,Anyone who stops learning%,0,75966,10741913,10741913,75966,75966,0,0,0,99288440,14027570551,694,9428,111,9539,3,3,3,0.12556933364926415,37.0,0.0008880168737169999,
quotes,quotes.quote,benchmarks/quotes/../../data/quotes/quotes__quote.csv,job-csv,utf8,LibcMemmem,static,fm,fm,prefix_learning,Anyone who stops learning%,1,75966,10741913,10741913,75966,75966,0,0,0,99288440,14027570551,694,1357,50,1407,3,3,3,0.018521443803806967,16.666666666666668,0.00013098225614003762,
quotes,quotes.quote,benchmarks/quotes/../../data/quotes/quotes__quote.csv,job-csv,utf8,LibcMemmem,static,fm,fm,prefix_learning,Anyone who stops learning%,2,75966,10741913,10741913,75966,75966,0,0,0,99288440,14027570551,694,493,50,543,3,3,3,0.007147934602322091,16.666666666666668,0.000050549655354684034,
quotes,quotes.quote,benchmarks/quotes/../../data/quotes/quotes__quote.csv,job-csv,utf8,LibcMemmem,static,fm,fm,prefix_learning,Anyone who stops learning%,3,75966,10741913,10741913,75966,75966,0,0,0,99288440,14027570551,694,522,51,573,3,3,3,0.007542848116262538,17.0,0.000053342453993064366,
quotes,quotes.quote,benchmarks/quotes/../../data/quotes/quotes__quote.csv,job-csv,utf8,LibcMemmem,static,fm,fm,prefix_learning,Anyone who stops learning%,4,75966,10741913,10741913,75966,75966,0,0,0,99288440,14027570551,694,473,60,533,3,3,3,0.007016296764341942,20.0,0.00004961872247522392,
quotes,quotes.quote,benchmarks/quotes/../../data/quotes/quotes__quote.csv,job-csv,utf8,LibcMemmem,static,full-scan,full-scan,prefix_learning,Anyone who stops learning%,0,75966,10741913,10741913,75966,75966,0,0,0,99288440,0,694,31,301922,301953,75966,75668,3,3.9748440091619934,3.9744359318642553,0.028109797575161893,
quotes,quotes.quote,benchmarks/quotes/../../data/quotes/quotes__quote.csv,job-csv,utf8,LibcMemmem,static,full-scan,full-scan,prefix_learning,Anyone who stops learning%,1,75966,10741913,10741913,75966,75966,0,0,0,99288440,0,694,70,303229,303299,75966,75668,3,3.9925624621541216,3.9916409972882607,0.028235101140737223,
quotes,quotes.quote,benchmarks/quotes/../../data/quotes/quotes__quote.csv,job-csv,utf8,LibcMemmem,static,full-scan,full-scan,prefix_learning,Anyone who stops learning%,2,75966,10741913,10741913,75966,75966,0,0,0,99288440,0,694,71,296846,296917,75966,75668,3,3.9085511939551907,3.9076165653055313,0.02764097977706578,
quotes,quotes.quote,benchmarks/quotes/../../data/quotes/quotes__quote.csv,job-csv,utf8,LibcMemmem,static,full-scan,full-scan,prefix_learning,Anyone who stops learning%,3,75966,10741913,10741913,75966,75966,0,0,0,99288440,0,694,70,296887,296957,75966,75668,3,3.909077745307111,3.90815628044125,0.02764470350858362,
quotes,quotes.quote,benchmarks/quotes/../../data/quotes/quotes__quote.csv,job-csv,utf8,LibcMemmem,static,full-scan,full-scan,prefix_learning,Anyone who stops learning%,4,75966,10741913,10741913,75966,75966,0,0,0,99288440,0,694,61,296786,296847,75966,75668,3,3.9076297290893294,3.9068267382776507,0.02763446324690956,
quotes,quotes.quote,benchmarks/quotes/../../data/quotes/quotes__quote.csv,job-csv,utf8,LibcMemmem,static,prefix-btree,prefix-btree,prefix_learning,Anyone who stops learning%,0,75966,10741913,10741913,75966,75966,0,0,0,99288440,17900896,694,302,50,352,3,3,3,0.004633651896901245,16.666666666666668,0.00003276883735699591,
quotes,quotes.quote,benchmarks/quotes/../../data/quotes/quotes__quote.csv,job-csv,utf8,LibcMemmem,static,prefix-btree,prefix-btree,prefix_learning,Anyone who stops learning%,1,75966,10741913,10741913,75966,75966,0,0,0,99288440,17900896,694,232,60,292,3,3,3,0.0038438248690203514,20.0,0.000027183240080235244,
quotes,quotes.quote,benchmarks/quotes/../../data/quotes/quotes__quote.csv,job-csv,utf8,LibcMemmem,static,prefix-btree,prefix-btree,prefix_learning,Anyone who stops learning%,2,75966,10741913,10741913,75966,75966,0,0,0,99288440,17900896,694,201,50,251,3,3,3,0.0033041097333017405,16.666666666666668,0.000023366415274448787,
quotes,quotes.quote,benchmarks/quotes/../../data/quotes/quotes__quote.csv,job-csv,utf8,LibcMemmem,static,prefix-btree,prefix-btree,prefix_learning,Anyone who stops learning%,3,75966,10741913,10741913,75966,75966,0,0,0,99288440,17900896,694,291,50,341,3,3,3,0.004488850275123081,16.666666666666668,0.00003174481118958979,
quotes,quotes.quote,benchmarks/quotes/../../data/quotes/quotes__quote.csv,job-csv,utf8,LibcMemmem,static,prefix-btree,prefix-btree,prefix_learning,Anyone who stops learning%,4,75966,10741913,10741913,75966,75966,0,0,0,99288440,17900896,694,221,50,271,3,3,3,0.0035673854092620385,16.666666666666668,0.00002522828103336901,
quotes,quotes.quote,benchmarks/quotes/../../data/quotes/quotes__quote.csv,job-csv,utf8,LibcMemmem,static,qgram,qgram,prefix_learning,Anyone who stops learning%,0,75966,10741913,10741913,75966,75966,0,0,0,99288440,795701401,694,1789,61,1850,3,3,3,0.024353000026327568,20.333333333333332,0.00017222258270012056,
quotes,quotes.quote,benchmarks/quotes/../../data/quotes/quotes__quote.csv,job-csv,utf8,LibcMemmem,static,qgram,qgram,prefix_learning,Anyone who stops learning%,1,75966,10741913,10741913,75966,75966,0,0,0,99288440,795701401,694,573,51,624,3,3,3,0.008214201089961298,17.0,0.00005809021167831093,
quotes,quotes.quote,benchmarks/quotes/../../data/quotes/quotes__quote.csv,job-csv,utf8,LibcMemmem,static,qgram,qgram,prefix_learning,Anyone who stops learning%,2,75966,10741913,10741913,75966,75966,0,0,0,99288440,795701401,694,1548,50,1598,3,3,3,0.021035726509227814,16.666666666666668,0.00014876307413772574,
quotes,quotes.quote,benchmarks/quotes/../../data/quotes/quotes__quote.csv,job-csv,utf8,LibcMemmem,static,qgram,qgram,prefix_learning,Anyone who stops learning%,3,75966,10741913,10741913,75966,75966,0,0,0,99288440,795701401,694,372,50,422,3,3,3,0.005555116762762289,16.666666666666668,0.000039285367513216685,
quotes,quotes.quote,benchmarks/quotes/../../data/quotes/quotes__quote.csv,job-csv,utf8,LibcMemmem,static,qgram,qgram,prefix_learning,Anyone who stops learning%,4,75966,10741913,10741913,75966,75966,0,0,0,99288440,795701401,694,362,41,403,3,3,3,0.005305004870600006,13.666666666666666,0.000037516595042242474,
quotes,quotes.quote,benchmarks/quotes/../../data/quotes/quotes__quote.csv,job-csv,utf8,LibcMemmem,static,trigram,trigram,prefix_learning,Anyone who stops learning%,0,75966,10741913,10741913,75966,75966,0,0,0,99288440,384005744,694,79423,161,79584,3,3,3,1.047626569781218,53.666666666666664,0.0074087362278953475,
quotes,quotes.quote,benchmarks/quotes/../../data/quotes/quotes__quote.csv,job-csv,utf8,LibcMemmem,static,trigram,trigram,prefix_learning,Anyone who stops learning%,1,75966,10741913,10741913,75966,75966,0,0,0,99288440,384005744,694,70830,90,70920,3,3,3,0.9335755469552168,30.0,0.006602175981131108,
quotes,quotes.quote,benchmarks/quotes/../../data/quotes/quotes__quote.csv,job-csv,utf8,LibcMemmem,static,trigram,trigram,prefix_learning,Anyone who stops learning%,2,75966,10741913,10741913,75966,75966,0,0,0,99288440,384005744,694,70770,80,70850,3,3,3,0.9326540820893557,26.666666666666668,0.006595659450974887,
quotes,quotes.quote,benchmarks/quotes/../../data/quotes/quotes__quote.csv,job-csv,utf8,LibcMemmem,static,trigram,trigram,prefix_learning,Anyone who stops learning%,3,75966,10741913,10741913,75966,75966,0,0,0,99288440,384005744,694,70970,91,71061,3,3,3,0.9354316404707369,30.333333333333332,0.006615302134731495,
quotes,quotes.quote,benchmarks/quotes/../../data/quotes/quotes__quote.csv,job-csv,utf8,LibcMemmem,static,trigram,trigram,prefix_learning,Anyone who stops learning%,4,75966,10741913,10741913,75966,75966,0,0,0,99288440,384005744,694,70668,91,70759,3,3,3,0.9314561777637365,30.333333333333332,0.0065871879617718,
quotes,quotes.quote,benchmarks/quotes/../../data/quotes/quotes__quote.csv,job-csv,utf8,LibcMemmem,static,fm,fm,prefix_coffee_obituaries,Like everyone else who makes the mistake%,0,75966,10741913,10741913,75966,75966,0,0,0,99288440,14027570551,453,925,40,965,1,1,1,0.01270305136508438,40.0,0.00008983502286790071,
quotes,quotes.quote,benchmarks/quotes/../../data/quotes/quotes__quote.csv,job-csv,utf8,LibcMemmem,static,fm,fm,prefix_coffee_obituaries,Like everyone else who makes the mistake%,1,75966,10741913,10741913,75966,75966,0,0,0,99288440,14027570551,453,2040,50,2090,1,1,1,0.027512308137851143,50.0,0.00019456497180716321,
quotes,quotes.quote,benchmarks/quotes/../../data/quotes/quotes__quote.csv,job-csv,utf8,LibcMemmem,static,fm,fm,prefix_coffee_obituaries,Like everyone else who makes the mistake%,2,75966,10741913,10741913,75966,75966,0,0,0,99288440,14027570551,453,764,50,814,1,1,1,0.01071532001158413,50.0,0.00007577793638805304,
quotes,quotes.quote,benchmarks/quotes/../../data/quotes/quotes__quote.csv,job-csv,utf8,LibcMemmem,static,fm,fm,prefix_coffee_obituaries,Like everyone else who makes the mistake%,3,75966,10741913,10741913,75966,75966,0,0,0,99288440,14027570551,453,764,41,805,1,1,1,0.010596845957401995,41.0,0.00007494009679653893,
quotes,quotes.quote,benchmarks/quotes/../../data/quotes/quotes__quote.csv,job-csv,utf8,LibcMemmem,static,fm,fm,prefix_coffee_obituaries,Like everyone else who makes the mistake%,4,75966,10741913,10741913,75966,75966,0,0,0,99288440,14027570551,453,764,40,804,1,1,1,0.01058368217360398,40.0,0.00007484700350859294,
quotes,quotes.quote,benchmarks/quotes/../../data/quotes/quotes__quote.csv,job-csv,utf8,LibcMemmem,static,full-scan,full-scan,prefix_coffee_obituaries,Like everyone else who makes the mistake%,0,75966,10741913,10741913,75966,75966,0,0,0,99288440,0,453,100,308987,309087,75966,73421,1,4.068754442777032,4.067438064397231,0.028773925091368734,
quotes,quotes.quote,benchmarks/quotes/../../data/quotes/quotes__quote.csv,job-csv,utf8,LibcMemmem,static,full-scan,full-scan,prefix_coffee_obituaries,Like everyone else who makes the mistake%,1,75966,10741913,10741913,75966,75966,0,0,0,99288440,0,453,60,306415,306475,75966,73421,1,4.034370639496617,4.0335808124687365,0.028530765423253755,
quotes,quotes.quote,benchmarks/quotes/../../data/quotes/quotes__quote.csv,job-csv,utf8,LibcMemmem,static,full-scan,full-scan,prefix_coffee_obituaries,Like everyone else who makes the mistake%,2,75966,10741913,10741913,75966,75966,0,0,0,99288440,0,453,261,327914,328175,75966,73421,1,4.32002474791354,4.316589000342258,0.030550889771682195,
quotes,quotes.quote,benchmarks/quotes/../../data/quotes/quotes__quote.csv,job-csv,utf8,LibcMemmem,static,full-scan,full-scan,prefix_coffee_obituaries,Like everyone else who makes the mistake%,3,75966,10741913,10741913,75966,75966,0,0,0,99288440,0,453,111,315672,315783,75966,73421,1,4.15689913908854,4.15543795908696,0.029397277747455226,
quotes,quotes.quote,benchmarks/quotes/../../data/quotes/quotes__quote.csv,job-csv,utf8,LibcMemmem,static,full-scan,full-scan,prefix_coffee_obituaries,Like everyone else who makes the mistake%,4,75966,10741913,10741913,75966,75966,0,0,0,99288440,0,453,30,390250,390280,75966,73421,1,5.137561540689256,5.137166627175315,0.036332448419569216,
quotes,quotes.quote,benchmarks/quotes/../../data/quotes/quotes__quote.csv,job-csv,utf8,LibcMemmem,static,prefix-btree,prefix-btree,prefix_coffee_obituaries,Like everyone else who makes the mistake%,0,75966,10741913,10741913,75966,75966,0,0,0,99288440,17900896,453,312,40,352,1,1,1,0.004633651896901245,40.0,0.00003276883735699591,
quotes,quotes.quote,benchmarks/quotes/../../data/quotes/quotes__quote.csv,job-csv,utf8,LibcMemmem,static,prefix-btree,prefix-btree,prefix_coffee_obituaries,Like everyone else who makes the mistake%,1,75966,10741913,10741913,75966,75966,0,0,0,99288440,17900896,453,242,50,292,1,1,1,0.0038438248690203514,50.0,0.000027183240080235244,
quotes,quotes.quote,benchmarks/quotes/../../data/quotes/quotes__quote.csv,job-csv,utf8,LibcMemmem,static,prefix-btree,prefix-btree,prefix_coffee_obituaries,Like everyone else who makes the mistake%,2,75966,10741913,10741913,75966,75966,0,0,0,99288440,17900896,453,211,40,251,1,1,1,0.0033041097333017405,40.0,0.000023366415274448787,
quotes,quotes.quote,benchmarks/quotes/../../data/quotes/quotes__quote.csv,job-csv,utf8,LibcMemmem,static,prefix-btree,prefix-btree,prefix_coffee_obituaries,Like everyone else who makes the mistake%,3,75966,10741913,10741913,75966,75966,0,0,0,99288440,17900896,453,291,30,321,1,1,1,0.004225574599162783,30.0,0.000029882945430669566,
quotes,quotes.quote,benchmarks/quotes/../../data/quotes/quotes__quote.csv,job-csv,utf8,LibcMemmem,static,prefix-btree,prefix-btree,prefix_coffee_obituaries,Like everyone else who makes the mistake%,4,75966,10741913,10741913,75966,75966,0,0,0,99288440,17900896,453,232,30,262,1,1,1,0.003448911355079904,30.0,0.00002439044144185491,
quotes,quotes.quote,benchmarks/quotes/../../data/quotes/quotes__quote.csv,job-csv,utf8,LibcMemmem,static,qgram,qgram,prefix_coffee_obituaries,Like everyone else who makes the mistake%,0,75966,10741913,10741913,75966,75966,0,0,0,99288440,795701401,453,4141,40,4181,1,1,1,0.0550377800595003,40.0,0.0003892230369022724,
quotes,quotes.quote,benchmarks/quotes/../../data/quotes/quotes__quote.csv,job-csv,utf8,LibcMemmem,static,qgram,qgram,prefix_coffee_obituaries,Like everyone else who makes the mistake%,1,75966,10741913,10741913,75966,75966,0,0,0,99288440,795701401,453,1126,50,1176,1,1,1,0.015480609746465524,50.0,0.00010947770662450906,
quotes,quotes.quote,benchmarks/quotes/../../data/quotes/quotes__quote.csv,job-csv,utf8,LibcMemmem,static,qgram,qgram,prefix_coffee_obituaries,Like everyone else who makes the mistake%,2,75966,10741913,10741913,75966,75966,0,0,0,99288440,795701401,453,934,50,984,1,1,1,0.012953163257246663,50.0,0.00009160379533887493,
quotes,quotes.quote,benchmarks/quotes/../../data/quotes/quotes__quote.csv,job-csv,utf8,LibcMemmem,static,qgram,qgram,prefix_coffee_obituaries,Like everyone else who makes the mistake%,3,75966,10741913,10741913,75966,75966,0,0,0,99288440,795701401,453,21479,50,21529,1,1,1,0.28340310138746283,50.0,0.0020042053961896733,
quotes,quotes.quote,benchmarks/quotes/../../data/quotes/quotes__quote.csv,job-csv,utf8,LibcMemmem,static,qgram,qgram,prefix_coffee_obituaries,Like everyone else who makes the mistake%,4,75966,10741913,10741913,75966,75966,0,0,0,99288440,795701401,453,2000,50,2050,1,1,1,0.02698575678593055,50.0,0.00019084124028932278,
quotes,quotes.quote,benchmarks/quotes/../../data/quotes/quotes__quote.csv,job-csv,utf8,LibcMemmem,static,trigram,trigram,prefix_coffee_obituaries,Like everyone else who makes the mistake%,0,75966,10741913,10741913,75966,75966,0,0,0,99288440,384005744,453,7036,40,7076,1,1,1,0.09314693415475345,40.0,0.0006587281055059745,
quotes,quotes.quote,benchmarks/quotes/../../data/quotes/quotes__quote.csv,job-csv,utf8,LibcMemmem,static,trigram,trigram,prefix_coffee_obituaries,Like everyone else who makes the mistake%,1,75966,10741913,10741913,75966,75966,0,0,0,99288440,384005744,453,6192,30,6222,1,1,1,0.08190506279124872,30.0,0.0005792264376000811,
quotes,quotes.quote,benchmarks/quotes/../../data/quotes/quotes__quote.csv,job-csv,utf8,LibcMemmem,static,trigram,trigram,prefix_coffee_obituaries,Like everyone else who makes the mistake%,2,75966,10741913,10741913,75966,75966,0,0,0,99288440,384005744,453,6011,50,6061,1,1,1,0.07978569359976832,50.0,0.0005642384182407733,
quotes,quotes.quote,benchmarks/quotes/../../data/quotes/quotes__quote.csv,job-csv,utf8,LibcMemmem,static,trigram,trigram,prefix_coffee_obituaries,Like everyone else who makes the mistake%,3,75966,10741913,10741913,75966,75966,0,0,0,99288440,384005744,453,5980,40,6020,1,1,1,0.07924597846404971,40.0,0.0005604215934349869,
quotes,quotes.quote,benchmarks/quotes/../../data/quotes/quotes__quote.csv,job-csv,utf8,LibcMemmem,static,trigram,trigram,prefix_coffee_obituaries,Like everyone else who makes the mistake%,4,75966,10741913,10741913,75966,75966,0,0,0,99288440,384005744,453,5971,40,6011,1,1,1,0.07912750440986757,40.0,0.0005595837538434728,
quotes,quotes.quote,benchmarks/quotes/../../data/quotes/quotes__quote.csv,job-csv,utf8,LibcMemmem,static,fm,fm,prefix_gap_age,Age is a________________over mat%,0,75966,10741913,10741913,75966,75966,0,0,0,99288440,14027570551,925,241,81,322,3,3,1,0.004238738382960798,27.0,0.000029976038718615576,
quotes,quotes.quote,benchmarks/quotes/../../data/quotes/quotes__quote.csv,job-csv,utf8,LibcMemmem,static,fm,fm,prefix_gap_age,Age is a________________over mat%,1,75966,10741913,10741913,75966,75966,0,0,0,99288440,14027570551,925,252,70,322,3,3,1,0.004238738382960798,23.333333333333332,0.000029976038718615576,
quotes,quotes.quote,benchmarks/quotes/../../data/quotes/quotes__quote.csv,job-csv,utf8,LibcMemmem,static,fm,fm,prefix_gap_age,Age is a________________over mat%,2,75966,10741913,10741913,75966,75966,0,0,0,99288440,14027570551,925,211,60,271,3,3,1,0.0035673854092620385,20.0,0.00002522828103336901,
quotes,quotes.quote,benchmarks/quotes/../../data/quotes/quotes__quote.csv,job-csv,utf8,LibcMemmem,static,fm,fm,prefix_gap_age,Age is a________________over mat%,3,75966,10741913,10741913,75966,75966,0,0,0,99288440,14027570551,925,262,50,312,3,3,1,0.004107100544980649,16.666666666666668,0.000029045105839155464,
quotes,quotes.quote,benchmarks/quotes/../../data/quotes/quotes__quote.csv,job-csv,utf8,LibcMemmem,static,fm,fm,prefix_gap_age,Age is a________________over mat%,4,75966,10741913,10741913,75966,75966,0,0,0,99288440,14027570551,925,201,50,251,3,3,1,0.0033041097333017405,16.666666666666668,0.000023366415274448787,
quotes,quotes.quote,benchmarks/quotes/../../data/quotes/quotes__quote.csv,job-csv,utf8,LibcMemmem,static,full-scan,full-scan,prefix_gap_age,Age is a________________over mat%,0,75966,10741913,10741913,75966,75966,0,0,0,99288440,0,925,40,553589,553629,75966,74931,1,7.287852460311192,7.2873259089592715,0.051539143912262185,
quotes,quotes.quote,benchmarks/quotes/../../data/quotes/quotes__quote.csv,job-csv,utf8,LibcMemmem,static,full-scan,full-scan,prefix_gap_age,Age is a________________over mat%,1,75966,10741913,10741913,75966,75966,0,0,0,99288440,0,925,50,549408,549458,75966,74931,1,7.232946318089672,7.232288128899771,0.05115085180823937,
quotes,quotes.quote,benchmarks/quotes/../../data/quotes/quotes__quote.csv,job-csv,utf8,LibcMemmem,static,full-scan,full-scan,prefix_gap_age,Age is a________________over mat%,2,75966,10741913,10741913,75966,75966,0,0,0,99288440,0,925,50,537678,537728,75966,74931,1,7.078535134138957,7.077876944949056,0.050058867540632664,
quotes,quotes.quote,benchmarks/quotes/../../data/quotes/quotes__quote.csv,job-csv,utf8,LibcMemmem,static,full-scan,full-scan,prefix_gap_age,Age is a________________over mat%,3,75966,10741913,10741913,75966,75966,0,0,0,99288440,0,925,70,547538,547608,75966,74931,1,7.208593318063344,7.207671853197483,0.05097862922553925,
quotes,quotes.quote,benchmarks/quotes/../../data/quotes/quotes__quote.csv,job-csv,utf8,LibcMemmem,static,full-scan,full-scan,prefix_gap_age,Age is a________________over mat%,4,75966,10741913,10741913,75966,75966,0,0,0,99288440,0,925,312,538844,539156,75966,74931,1,7.097333017402522,7.093225916857541,0.050191804755819566,
quotes,quotes.quote,benchmarks/quotes/../../data/quotes/quotes__quote.csv,job-csv,utf8,LibcMemmem,static,prefix-btree,prefix-btree,prefix_gap_age,Age is a________________over mat%,0,75966,10741913,10741913,75966,75966,0,0,0,99288440,17900896,925,583,100,683,6,6,1,0.008990864334044177,16.666666666666668,0.00006358271566712558,
quotes,quotes.quote,benchmarks/quotes/../../data/quotes/quotes__quote.csv,job-csv,utf8,LibcMemmem,static,prefix-btree,prefix-btree,prefix_gap_age,Age is a________________over mat%,1,75966,10741913,10741913,75966,75966,0,0,0,99288440,17900896,925,442,81,523,6,6,1,0.006884658926361794,13.5,0.00004868778959576381,
quotes,quotes.quote,benchmarks/quotes/../../data/quotes/quotes__quote.csv,job-csv,utf8,LibcMemmem,static,prefix-btree,prefix-btree,prefix_gap_age,Age is a________________over mat%,2,75966,10741913,10741913,75966,75966,0,0,0,99288440,17900896,925,342,100,442,6,6,1,0.005818392438722586,16.666666666666668,0.00004114723327213691,
quotes,quotes.quote,benchmarks/quotes/../../data/quotes/quotes__quote.csv,job-csv,utf8,LibcMemmem,static,prefix-btree,prefix-btree,prefix_gap_age,Age is a________________over mat%,3,75966,10741913,10741913,75966,75966,0,0,0,99288440,17900896,925,292,80,372,6,6,1,0.0048969275728615435,13.333333333333334,0.00003463070311591613,
quotes,quotes.quote,benchmarks/quotes/../../data/quotes/quotes__quote.csv,job-csv,utf8,LibcMemmem,static,prefix-btree,prefix-btree,prefix_gap_age,Age is a________________over mat%,4,75966,10741913,10741913,75966,75966,0,0,0,99288440,17900896,925,331,80,411,6,6,1,0.005410315140984124,13.333333333333334,0.00003826134134581056,
quotes,quotes.quote,benchmarks/quotes/../../data/quotes/quotes__quote.csv,job-csv,utf8,LibcMemmem,static,qgram,full-scan,prefix_gap_age,Age is a________________over mat%,0,75966,10741913,10741913,75966,75966,0,0,0,99288440,795701401,925,40,545056,545096,75966,74931,1,7.175525893162731,7.1749993418108104,0.05074477888621887,literal-shorter-than-qgram
quotes,quotes.quote,benchmarks/quotes/../../data/quotes/quotes__quote.csv,job-csv,utf8,LibcMemmem,static,qgram,full-scan,prefix_gap_age,Age is a________________over mat%,1,75966,10741913,10741913,75966,75966,0,0,0,99288440,795701401,925,20,556203,556223,75966,74931,1,7.321999315483242,7.321736039807282,0.051780627901194136,literal-shorter-than-qgram
quotes,quotes.quote,benchmarks/quotes/../../data/quotes/quotes__quote.csv,job-csv,utf8,LibcMemmem,static,qgram,full-scan,prefix_gap_age,Age is a________________over mat%,2,75966,10741913,10741913,75966,75966,0,0,0,99288440,795701401,925,30,567962,567992,75966,74931,1,7.47692388700208,7.476528973488139,0.05287624280703074,literal-shorter-than-qgram
quotes,quotes.quote,benchmarks/quotes/../../data/quotes/quotes__quote.csv,job-csv,utf8,LibcMemmem,static,qgram,full-scan,prefix_gap_age,Age is a________________over mat%,3,75966,10741913,10741913,75966,75966,0,0,0,99288440,795701401,925,30,555408,555438,75966,74931,1,7.311665745201801,7.31127083168786,0.05170754967015652,literal-shorter-than-qgram
quotes,quotes.quote,benchmarks/quotes/../../data/quotes/quotes__quote.csv,job-csv,utf8,LibcMemmem,static,qgram,full-scan,prefix_gap_age,Age is a________________over mat%,4,75966,10741913,10741913,75966,75966,0,0,0,99288440,795701401,925,40,615192,615232,75966,74931,1,8.098781033620304,8.098254482268382,0.057273969729600305,literal-shorter-than-qgram
quotes,quotes.quote,benchmarks/quotes/../../data/quotes/quotes__quote.csv,job-csv,utf8,LibcMemmem,static,trigram,trigram,prefix_gap_age,Age is a________________over mat%,0,75966,10741913,10741913,75966,75966,0,0,0,99288440,384005744,925,61311,251,61562,15,15,1,0.8103888581733933,16.733333333333334,0.005731008992532336,
quotes,quotes.quote,benchmarks/quotes/../../data/quotes/quotes__quote.csv,job-csv,utf8,LibcMemmem,static,trigram,trigram,prefix_gap_age,Age is a________________over mat%,1,75966,10741913,10741913,75966,75966,0,0,0,99288440,384005744,925,57783,241,58024,15,15,1,0.7638153910960166,16.066666666666666,0.005401644939779349,
quotes,quotes.quote,benchmarks/quotes/../../data/quotes/quotes__quote.csv,job-csv,utf8,LibcMemmem,static,trigram,trigram,prefix_gap_age,Age is a________________over mat%,2,75966,10741913,10741913,75966,75966,0,0,0,99288440,384005744,925,55693,231,55924,15,15,1,0.7361714451201854,15.4,0.005206149035092725,
quotes,quotes.quote,benchmarks/quotes/../../data/quotes/quotes__quote.csv,job-csv,utf8,LibcMemmem,static,trigram,trigram,prefix_gap_age,Age is a________________over mat%,3,75966,10741913,10741913,75966,75966,0,0,0,99288440,384005744,925,54658,231,54889,15,15,1,0.7225469288892399,15.4,0.005109797482068604,
quotes,quotes.quote,benchmarks/quotes/../../data/quotes/quotes__quote.csv,job-csv,utf8,LibcMemmem,static,trigram,trigram,prefix_gap_age,Age is a________________over mat%,4,75966,10741913,10741913,75966,75966,0,0,0,99288440,384005744,925,54717,252,54969,15,15,1,0.7236000315930811,16.8,0.005117244945104285,
quotes,quotes.quote,benchmarks/quotes/../../data/quotes/quotes__quote.csv,job-csv,utf8,LibcMemmem,static,fm,fm,equality_age_issue_full,"Age is an issue of mind over matter. If you don't mind, it doesn't matter.",0,75966,10741913,10741913,75966,75966,0,0,0,99288440,14027570551,1015,1920,50,1970,1,1,1,0.025932654082089356,50.0,0.00018339377725364188,
quotes,quotes.quote,benchmarks/quotes/../../data/quotes/quotes__quote.csv,job-csv,utf8,LibcMemmem,static,fm,fm,equality_age_issue_full,"Age is an issue of mind over matter. If you don't mind, it doesn't matter.",1,75966,10741913,10741913,75966,75966,0,0,0,99288440,14027570551,1015,1427,40,1467,1,1,1,0.01931127083168786,40.0,0.00013656785341679828,
quotes,quotes.quote,benchmarks/quotes/../../data/quotes/quotes__quote.csv,job-csv,utf8,LibcMemmem,static,fm,fm,equality_age_issue_full,"Age is an issue of mind over matter. If you don't mind, it doesn't matter.",2,75966,10741913,10741913,75966,75966,0,0,0,99288440,14027570551,1015,1437,40,1477,1,1,1,0.01944290866966801,40.0,0.00013749878629625841,
quotes,quotes.quote,benchmarks/quotes/../../data/quotes/quotes__quote.csv,job-csv,utf8,LibcMemmem,static,fm,fm,equality_age_issue_full,"Age is an issue of mind over matter. If you don't mind, it doesn't matter.",3,75966,10741913,10741913,75966,75966,0,0,0,99288440,14027570551,1015,1357,41,1398,1,1,1,0.018402969749624833,41.0,0.00013014441654852352,
quotes,quotes.quote,benchmarks/quotes/../../data/quotes/quotes__quote.csv,job-csv,utf8,LibcMemmem,static,fm,fm,equality_age_issue_full,"Age is an issue of mind over matter. If you don't mind, it doesn't matter.",4,75966,10741913,10741913,75966,75966,0,0,0,99288440,14027570551,1015,1377,40,1417,1,1,1,0.018653081641787115,40.0,0.00013191318901949775,
quotes,quotes.quote,benchmarks/quotes/../../data/quotes/quotes__quote.csv,job-csv,utf8,LibcMemmem,static,full-scan,full-scan,equality_age_issue_full,"Age is an issue of mind over matter. If you don't mind, it doesn't matter.",0,75966,10741913,10741913,75966,75966,0,0,0,99288440,0,1015,40,112099,112139,75966,467,1,1.4761735513255931,1.4756469999736723,0.010439388216977739,
quotes,quotes.quote,benchmarks/quotes/../../data/quotes/quotes__quote.csv,job-csv,utf8,LibcMemmem,static,full-scan,full-scan,equality_age_issue_full,"Age is an issue of mind over matter. If you don't mind, it doesn't matter.",1,75966,10741913,10741913,75966,75966,0,0,0,99288440,0,1015,30,106963,106993,75966,467,1,1.4084327199010083,1.408037806387068,0.009960330157207566,
quotes,quotes.quote,benchmarks/quotes/../../data/quotes/quotes__quote.csv,job-csv,utf8,LibcMemmem,static,full-scan,full-scan,equality_age_issue_full,"Age is an issue of mind over matter. If you don't mind, it doesn't matter.",2,75966,10741913,10741913,75966,75966,0,0,0,99288440,0,1015,110,109616,109726,75966,467,1,1.444409341020983,1.4429613248032014,0.010214754113164014,
quotes,quotes.quote,benchmarks/quotes/../../data/quotes/quotes__quote.csv,job-csv,utf8,LibcMemmem,static,full-scan,full-scan,equality_age_issue_full,"Age is an issue of mind over matter. If you don't mind, it doesn't matter.",3,75966,10741913,10741913,75966,75966,0,0,0,99288440,0,1015,21,104872,104893,75966,467,1,1.380788773925177,1.3805123344654187,0.009764834252520943,
quotes,quotes.quote,benchmarks/quotes/../../data/quotes/quotes__quote.csv,job-csv,utf8,LibcMemmem,static,full-scan,full-scan,equality_age_issue_full,"Age is an issue of mind over matter. If you don't mind, it doesn't matter.",4,75966,10741913,10741913,75966,75966,0,0,0,99288440,0,1015,70,103707,103777,75966,467,1,1.3660979912065925,1.3651765263407314,0.009660942143173194,
quotes,quotes.quote,benchmarks/quotes/../../data/quotes/quotes__quote.csv,job-csv,utf8,LibcMemmem,static,prefix-btree,prefix-btree,equality_age_issue_full,"Age is an issue of mind over matter. If you don't mind, it doesn't matter.",0,75966,10741913,10741913,75966,75966,0,0,0,99288440,17900896,1015,170,40,210,1,1,1,0.002764394597583129,40.0,0.000019549590468662333,
quotes,quotes.quote,benchmarks/quotes/../../data/quotes/quotes__quote.csv,job-csv,utf8,LibcMemmem,static,prefix-btree,prefix-btree,equality_age_issue_full,"Age is an issue of mind over matter. If you don't mind, it doesn't matter.",1,75966,10741913,10741913,75966,75966,0,0,0,99288440,17900896,1015,111,40,151,1,1,1,0.0019877313535002503,40.0,0.000014057086479847678,
quotes,quotes.quote,benchmarks/quotes/../../data/quotes/quotes__quote.csv,job-csv,utf8,LibcMemmem,static,prefix-btree,prefix-btree,equality_age_issue_full,"Age is an issue of mind over matter. If you don't mind, it doesn't matter.",2,75966,10741913,10741913,75966,75966,0,0,0,99288440,17900896,1015,121,30,151,1,1,1,0.0019877313535002503,30.0,0.000014057086479847678,
quotes,quotes.quote,benchmarks/quotes/../../data/quotes/quotes__quote.csv,job-csv,utf8,LibcMemmem,static,prefix-btree,prefix-btree,equality_age_issue_full,"Age is an issue of mind over matter. If you don't mind, it doesn't matter.",3,75966,10741913,10741913,75966,75966,0,0,0,99288440,17900896,1015,81,40,121,1,1,1,0.001592817839559803,40.0,0.000011264287841467344,
quotes,quotes.quote,benchmarks/quotes/../../data/quotes/quotes__quote.csv,job-csv,utf8,LibcMemmem,static,prefix-btree,prefix-btree,equality_age_issue_full,"Age is an issue of mind over matter. If you don't mind, it doesn't matter.",4,75966,10741913,10741913,75966,75966,0,0,0,99288440,17900896,1015,91,30,121,1,1,1,0.001592817839559803,30.0,0.000011264287841467344,
quotes,quotes.quote,benchmarks/quotes/../../data/quotes/quotes__quote.csv,job-csv,utf8,LibcMemmem,static,qgram,qgram,equality_age_issue_full,"Age is an issue of mind over matter. If you don't mind, it doesn't matter.",0,75966,10741913,10741913,75966,75966,0,0,0,99288440,795701401,1015,10293,60,10353,1,1,1,0.13628465366084827,60.0,0.0009637948101050529,
quotes,quotes.quote,benchmarks/quotes/../../data/quotes/quotes__quote.csv,job-csv,utf8,LibcMemmem,static,qgram,qgram,equality_age_issue_full,"Age is an issue of mind over matter. If you don't mind, it doesn't matter.",1,75966,10741913,10741913,75966,75966,0,0,0,99288440,795701401,1015,3317,41,3358,1,1,1,0.04420398599373404,41.0,0.0003126072609227053,
quotes,quotes.quote,benchmarks/quotes/../../data/quotes/quotes__quote.csv,job-csv,utf8,LibcMemmem,static,qgram,qgram,equality_age_issue_full,"Age is an issue of mind over matter. If you don't mind, it doesn't matter.",2,75966,10741913,10741913,75966,75966,0,0,0,99288440,795701401,1015,2292,50,2342,1,1,1,0.0308295816549509,50.0,0.000218024480369558,
quotes,quotes.quote,benchmarks/quotes/../../data/quotes/quotes__quote.csv,job-csv,utf8,LibcMemmem,static,qgram,qgram,equality_age_issue_full,"Age is an issue of mind over matter. If you don't mind, it doesn't matter.",3,75966,10741913,10741913,75966,75966,0,0,0,99288440,795701401,1015,2603,40,2643,1,1,1,0.034791880578153384,40.0,0.00024604556004130735,
quotes,quotes.quote,benchmarks/quotes/../../data/quotes/quotes__quote.csv,job-csv,utf8,LibcMemmem,static,qgram,qgram,equality_age_issue_full,"Age is an issue of mind over matter. If you don't mind, it doesn't matter.",4,75966,10741913,10741913,75966,75966,0,0,0,99288440,795701401,1015,2060,30,2090,1,1,1,0.027512308137851143,30.0,0.00019456497180716321,
quotes,quotes.quote,benchmarks/quotes/../../data/quotes/quotes__quote.csv,job-csv,utf8,LibcMemmem,static,trigram,trigram,equality_age_issue_full,"Age is an issue of mind over matter. If you don't mind, it doesn't matter.",0,75966,10741913,10741913,75966,75966,0,0,0,99288440,384005744,1015,2794,40,2834,1,1,1,0.03730616328357423,40.0,0.0002638263780389955,
quotes,quotes.quote,benchmarks/quotes/../../data/quotes/quotes__quote.csv,job-csv,utf8,LibcMemmem,static,trigram,trigram,equality_age_issue_full,"Age is an issue of mind over matter. If you don't mind, it doesn't matter.",1,75966,10741913,10741913,75966,75966,0,0,0,99288440,384005744,1015,2151,40,2191,1,1,1,0.028841850301450648,40.0,0.00020396739388971034,
quotes,quotes.quote,benchmarks/quotes/../../data/quotes/quotes__quote.csv,job-csv,utf8,LibcMemmem,static,trigram,trigram,equality_age_issue_full,"Age is an issue of mind over matter. If you don't mind, it doesn't matter.",2,75966,10741913,10741913,75966,75966,0,0,0,99288440,384005744,1015,2040,50,2090,1,1,1,0.027512308137851143,50.0,0.00019456497180716321,
quotes,quotes.quote,benchmarks/quotes/../../data/quotes/quotes__quote.csv,job-csv,utf8,LibcMemmem,static,trigram,trigram,equality_age_issue_full,"Age is an issue of mind over matter. If you don't mind, it doesn't matter.",3,75966,10741913,10741913,75966,75966,0,0,0,99288440,384005744,1015,2040,51,2091,1,1,1,0.02752547192164916,51.0,0.0001946580650951092,
quotes,quotes.quote,benchmarks/quotes/../../data/quotes/quotes__quote.csv,job-csv,utf8,LibcMemmem,static,trigram,trigram,equality_age_issue_full,"Age is an issue of mind over matter. If you don't mind, it doesn't matter.",4,75966,10741913,10741913,75966,75966,0,0,0,99288440,384005744,1015,1990,50,2040,1,1,1,0.0268541189479504,50.0,0.00018991030740986265,
quotes,quotes.quote,benchmarks/quotes/../../data/quotes/quotes__quote.csv,job-csv,utf8,LibcMemmem,static,fm,fm,contains_relationship,%relationship with%,0,75966,10741913,10741913,75966,75966,0,0,0,99288440,14027570551,522,3578,18685,22263,418,418,418,0.29306531869520575,44.70095693779904,0.002072535869542045,
quotes,quotes.quote,benchmarks/quotes/../../data/quotes/quotes__quote.csv,job-csv,utf8,LibcMemmem,static,fm,fm,contains_relationship,%relationship with%,1,75966,10741913,10741913,75966,75966,0,0,0,99288440,14027570551,522,2955,14574,17529,418,418,418,0.23074796619540322,34.866028708133975,0.0016318322444056287,
quotes,quotes.quote,benchmarks/quotes/../../data/quotes/quotes__quote.csv,job-csv,utf8,LibcMemmem,static,fm,fm,contains_relationship,%relationship with%,2,75966,10741913,10741913,75966,75966,0,0,0,99288440,14027570551,522,2674,13287,15961,418,418,418,0.21010715320011583,31.78708133971292,0.0014858619689062833,
quotes,quotes.quote,benchmarks/quotes/../../data/quotes/quotes__quote.csv,job-csv,utf8,LibcMemmem,static,fm,fm,contains_relationship,%relationship with%,3,75966,10741913,10741913,75966,75966,0,0,0,99288440,14027570551,522,2613,13056,15669,418,418,418,0.20626332833109548,31.23444976076555,0.001458678728826048,
quotes,quotes.quote,benchmarks/quotes/../../data/quotes/quotes__quote.csv,job-csv,utf8,LibcMemmem,static,fm,fm,contains_relationship,%relationship with%,4,75966,10741913,10741913,75966,75966,0,0,0,99288440,14027570551,522,2643,13057,15700,418,418,418,0.20667140562883396,31.236842105263158,0.0014615646207523745,
quotes,quotes.quote,benchmarks/quotes/../../data/quotes/quotes__quote.csv,job-csv,utf8,LibcMemmem,static,full-scan,full-scan,contains_relationship,%relationship with%,0,75966,10741913,10741913,75966,75966,0,0,0,99288440,0,522,161,3038448,3038609,75966,75937,418,39.99959192270226,39.99747255351078,0.28287410259234086,
quotes,quotes.quote,benchmarks/quotes/../../data/quotes/quotes__quote.csv,job-csv,utf8,LibcMemmem,static,full-scan,full-scan,contains_relationship,%relationship with%,1,75966,10741913,10741913,75966,75966,0,0,0,99288440,0,522,101,3092543,3092644,75966,75937,418,40.710896980228,40.7095674380644,0.28790439840650356,
quotes,quotes.quote,benchmarks/quotes/../../data/quotes/quotes__quote.csv,job-csv,utf8,LibcMemmem,static,full-scan,full-scan,contains_relationship,%relationship with%,2,75966,10741913,10741913,75966,75966,0,0,0,99288440,0,522,40,3045343,3045383,75966,75937,418,40.088763394150014,40.088236842798096,0.2835047165248871,
quotes,quotes.quote,benchmarks/quotes/../../data/quotes/quotes__quote.csv,job-csv,utf8,LibcMemmem,static,full-scan,full-scan,contains_relationship,%relationship with%,3,75966,10741913,10741913,75966,75966,0,0,0,99288440,0,522,100,3047635,3047735,75966,75937,418,40.119724613642944,40.118408235263146,0.28372367193813613,
quotes,quotes.quote,benchmarks/quotes/../../data/quotes/quotes__quote.csv,job-csv,utf8,LibcMemmem,static,full-scan,full-scan,contains_relationship,%relationship with%,4,75966,10741913,10741913,75966,75966,0,0,0,99288440,0,522,40,3046058,3046098,75966,75937,418,40.09817549956559,40.097648948213674,0.28357127822576855,
quotes,quotes.quote,benchmarks/quotes/../../data/quotes/quotes__quote.csv,job-csv,utf8,LibcMemmem,static,prefix-btree,full-scan,contains_relationship,%relationship with%,0,75966,10741913,10741913,75966,75966,0,0,0,99288440,17900896,522,50,3068984,3069034,75966,75937,418,40.40010004475686,40.39944185556696,0.2857064658780982,no-indexable-prefix
quotes,quotes.quote,benchmarks/quotes/../../data/quotes/quotes__quote.csv,job-csv,utf8,LibcMemmem,static,prefix-btree,full-scan,contains_relationship,%relationship with%,1,75966,10741913,10741913,75966,75966,0,0,0,99288440,17900896,522,181,3010386,3010567,75966,75937,418,39.63045309743833,39.62807045257089,0.2802635806117588,no-indexable-prefix
quotes,quotes.quote,benchmarks/quotes/../../data/quotes/quotes__quote.csv,job-csv,utf8,LibcMemmem,static,prefix-btree,full-scan,contains_relationship,%relationship with%,2,75966,10741913,10741913,75966,75966,0,0,0,99288440,17900896,522,51,3008366,3008417,75966,75937,418,39.602150962272596,39.6014796092989,0.2800634300426749,no-indexable-prefix
quotes,quotes.quote,benchmarks/quotes/../../data/quotes/quotes__quote.csv,job-csv,utf8,LibcMemmem,static,prefix-btree,full-scan,contains_relationship,%relationship with%,3,75966,10741913,10741913,75966,75966,0,0,0,99288440,17900896,522,171,3075537,3075708,75966,75937,418,40.48795513782482,40.485704130795355,0.28632777048184993,no-indexable-prefix
quotes,quotes.quote,benchmarks/quotes/../../data/quotes/quotes__quote.csv,job-csv,utf8,LibcMemmem,static,prefix-btree,full-scan,contains_relationship,%relationship with%,4,75966,10741913,10741913,75966,75966,0,0,0,99288440,17900896,522,81,3025372,3025453,75966,75937,418,39.826409183055574,39.82534291656794,0.28164936729612317,no-indexable-prefix
quotes,quotes.quote,benchmarks/quotes/../../data/quotes/quotes__quote.csv,job-csv,utf8,LibcMemmem,static,qgram,qgram,contains_relationship,%relationship with%,0,75966,10741913,10741913,75966,75966,0,0,0,99288440,795701401,522,1548,15278,16826,418,418,418,0.22149382618539873,36.55023923444976,0.001566387662979583,
quotes,quotes.quote,benchmarks/quotes/../../data/quotes/quotes__quote.csv,job-csv,utf8,LibcMemmem,static,qgram,qgram,contains_relationship,%relationship with%,1,75966,10741913,10741913,75966,75966,0,0,0,99288440,795701401,522,804,13077,13881,418,418,418,0.18272648290024485,31.284688995215312,0.0012922279299785802,
quotes,quotes.quote,benchmarks/quotes/../../data/quotes/quotes__quote.csv,job-csv,utf8,LibcMemmem,static,qgram,qgram,contains_relationship,%relationship with%,2,75966,10741913,10741913,75966,75966,0,0,0,99288440,795701401,522,754,12513,13267,418,418,418,0.1746439196482637,29.935406698564595,0.0012350686511797293,
quotes,quotes.quote,benchmarks/quotes/../../data/quotes/quotes__quote.csv,job-csv,utf8,LibcMemmem,static,qgram,qgram,contains_relationship,%relationship with%,3,75966,10741913,10741913,75966,75966,0,0,0,99288440,795701401,522,914,12523,13437,418,418,418,0.17688176289392624,29.95933014354067,0.0012508945101305513,
quotes,quotes.quote,benchmarks/quotes/../../data/quotes/quotes__quote.csv,job-csv,utf8,LibcMemmem,static,qgram,qgram,contains_relationship,%relationship with%,4,75966,10741913,10741913,75966,75966,0,0,0,99288440,795701401,522,733,12443,13176,418,418,418,0.17344601532264434,29.767942583732058,0.0012265971619766422,
quotes,quotes.quote,benchmarks/quotes/../../data/quotes/quotes__quote.csv,job-csv,utf8,LibcMemmem,static,trigram,trigram,contains_relationship,%relationship with%,0,75966,10741913,10741913,75966,75966,0,0,0,99288440,384005744,522,103867,20886,124753,450,450,418,1.642221520153753,46.413333333333334,0.011613666951128724,
quotes,quotes.quote,benchmarks/quotes/../../data/quotes/quotes__quote.csv,job-csv,utf8,LibcMemmem,static,trigram,trigram,contains_relationship,%relationship with%,1,75966,10741913,10741913,75966,75966,0,0,0,99288440,384005744,522,100581,18846,119427,450,450,418,1.5721112076455257,41.88,0.011117852099528269,
quotes,quotes.quote,benchmarks/quotes/../../data/quotes/quotes__quote.csv,job-csv,utf8,LibcMemmem,static,trigram,trigram,contains_relationship,%relationship with%,2,75966,10741913,10741913,75966,75966,0,0,0,99288440,384005744,522,111707,26022,137729,450,450,418,1.8130347787167944,57.82666666666667,0.012821645455516164,
quotes,quotes.quote,benchmarks/quotes/../../data/quotes/quotes__quote.csv,job-csv,utf8,LibcMemmem,static,trigram,trigram,contains_relationship,%relationship with%,3,75966,10741913,10741913,75966,75966,0,0,0,99288440,384005744,522,142925,17579,160504,450,450,418,2.1128399547165837,39.06444444444445,0.014941845088486566,
quotes,quotes.quote,benchmarks/quotes/../../data/quotes/quotes__quote.csv,job-csv,utf8,LibcMemmem,static,trigram,trigram,contains_relationship,%relationship with%,4,75966,10741913,10741913,75966,75966,0,0,0,99288440,384005744,522,97575,16684,114259,450,450,418,1.5040807729773846,37.07555555555555,0.010636745987423283,
