dataset,pattern_name,pattern,rows_matched,row_count,match_fraction,complexity,specificity,percent_count,underscore_count,literal_chars,longest_fixed_fragment,median_execute_static_geomean_ms,median_execute_adaptive_geomean_ms,median_execute_recursive_geomean_ms,median_execute_winner,median_execute_second_best_ratio,geomean_total_static_geomean_ms,geomean_total_adaptive_geomean_ms,geomean_total_recursive_geomean_ms,geomean_total_winner,geomean_total_second_best_ratio
DNA shared recursive-safe,anchored_prefix_exact_segments,CGCA%GAGA%CGGG%,55,50421,0.001090815334880308,ordered_segments,selective,3,0,12,4,0.31770979633126534,0.35721688276272767,0.2805101730227165,recursive,1.132614168347956,0.31951567704558764,0.37829035834822755,0.2801754314804402,recursive,1.140412902577769
DNA shared recursive-safe,anchored_prefix_gap,AAGC________ACCG%,0,50421,0.0,single_gapped_segment,zero_match,1,8,8,4,0.2803937091952979,0.4246529895762564,0.2389632426182408,recursive,1.1733758971594008,0.28797774466064063,0.48280572083432194,0.23829026824140556,recursive,1.2085165994647251
DNA shared recursive-safe,anchored_suffix_gap,%GGGCAC____________________GGTGTC,0,50421,0.0,single_gapped_segment,zero_match,1,20,12,6,0.27828135664898107,0.3350640541239724,9.774580942439819,static,1.204047795938468,0.28215235940701455,0.3485468922865225,9.77663698887396,static,1.2353144698809042
DNA shared recursive-safe,any_len001,%_%,50421,50421,1.0,wildcard_only,all_rows,2,1,0,0,0.09592489921720984,0.09595207087050452,0.09588342171297391,recursive,1.0004325826456224,0.09676362530093072,0.09557934360516916,0.09786381556045849,adaptive,1.0123905610887405
DNA shared recursive-safe,dna_multi_percent_common4,%CACA_GATC%AGCA__CACC%GACG_GCGG%GAGA_GCTG%,494,50421,0.009797505007834037,complex_multi_percent,selective,5,5,32,4,67.01902506974696,74.55514068458625,71.6054245789061,static,1.0684342916714478,67.37955968894192,74.60169437517979,71.52619779210085,static,1.0615414841281525
DNA shared recursive-safe,dna_multi_percent_medium4,%CCTA_TGAG%GTGG__GCAG%GCTT_CGAG%GAGA_TCCG%,42,50421,0.0008329862557267805,complex_multi_percent,selective,5,5,32,4,66.38035556890007,72.4521302572133,70.78441967934044,static,1.0663458951476863,66.35551559365899,72.75723188493737,71.2616432566422,static,1.0739369985914486
DNA shared recursive-safe,gap_len016,%AAGC________ACCG%,538,50421,0.010670157275738284,single_gapped_segment,medium,2,8,8,4,70.36471468653896,68.77149178658028,74.19929969363494,adaptive,1.0231669091155235,70.39131939202827,69.26185209310695,74.51261985194154,adaptive,1.0163072061284615
DNA shared recursive-safe,gap_len032,%GGGCAC____________________GGTGTC%,25,50421,0.0004958251522183217,single_gapped_segment,selective,2,20,12,6,67.24162027604378,67.23448574605341,68.62747081425476,adaptive,1.000106114145311,67.18076513707827,67.7416133189469,68.58039518293916,static,1.008348344659729
DNA shared recursive-safe,gap_len064,%TGCAAGCT________________________________________________GGATGGGC%,67,50421,0.0013288114079451022,single_gapped_segment,selective,2,48,16,8,76.68872291107009,77.43938708843615,78.36059234745154,static,1.0097884558364147,76.91927431366554,77.52963752806188,78.28062732467481,static,1.0079351140509643
DNA shared recursive-safe,gap_len128,%AAGATTGGAGGA________________________________________________________________________________________________________GGCCGACTTGGA%,44,50421,0.0008726522679042462,single_gapped_segment,selective,2,104,24,12,61.42361461153376,62.073030409008965,63.12674820653741,static,1.0105727382144858,61.44755493736183,62.357799063107365,63.092879979927154,static,1.0148133498016874
DNA shared recursive-safe,gap_len256,%CATGGGCCTGGTCTGC________________________________________________________________________________________________________________________________________________________________________________________________________________________________GGAGGCTGCCATTTGT%,26,50421,0.0005156581583070546,single_gapped_segment,selective,2,224,32,16,75.09185782206156,76.1395764588224,76.8669212774845,static,1.0139524932149573,75.30338303317521,76.3363159809735,76.88872258640171,static,1.0137169527608503
DNA shared recursive-safe,interleaved_common,%C_G_C_G_C_G_C_G%,3085,50421,0.061184823783740905,single_gapped_segment,medium,2,7,8,1,182.4622990767805,173.64391012450523,187.0765734986262,adaptive,1.0507843260725491,182.49642922040047,174.65219513239182,187.14871934947087,adaptive,1.0449134583282076
DNA shared recursive-safe,interleaved_with_bigger,%C_G_C_G_CGC_G_C_G%,297,50421,0.005890402808353662,single_gapped_segment,selective,2,7,10,3,73.4504937565687,137.08866991433442,203.84297231792186,static,1.8664090995586333,73.49449386606808,136.9152094243292,204.60824796896628,static,1.8629315234667128
DNA shared recursive-safe,many_common_short_segments,%A_%C_%G_%T_%,50420,50421,0.9999801669939112,complex_multi_percent,broad,5,4,4,1,4.077425030664259,7.542637608588313,5.305160054508681,static,1.3011054806921636,4.219520622767115,7.56684920718146,5.366526808856477,static,1.2718332930761143
DNA shared recursive-safe,one_fixed_len002,%G_%,50421,50421,1.0,single_gapped_segment,all_rows,2,1,1,1,1.1331340416002946,1.1837889133765414,1.3379243385719808,static,1.0447033359837183,1.1766209196108157,1.23359397881226,1.3612302833038037,static,1.0484209130161386
DNA shared recursive-safe,ordered_exact_segments,%CGCA%GAGA%CGGG%,24211,50421,0.4801769104143115,complex_multi_percent,broad,4,0,12,4,36.54026381038932,38.658937403343195,85.33831653227647,static,1.0579818909887422,36.87528785509168,39.90110740283046,85.21500864148976,static,1.082055482783736
DNA shared recursive-safe,ordered_mixed_segments,%AAGC_%GGGA_%ACCG%,27590,50421,0.5471926379881399,complex_multi_percent,broad,4,2,12,4,36.13941326063161,40.20422363886658,189.30939105502082,static,1.11247582656974,36.15264935765421,41.297882596562744,189.42062725651752,static,1.142319673117378
DNA shared recursive-safe,ordered_wild_segments,%CGC_%GAGA_%CGGG_%,30963,50421,0.6140893675254359,complex_multi_percent,broad,4,3,11,4,29.363873562530085,30.291218518114185,195.29491281072632,static,1.0315811520441718,29.377834229774848,30.311757447226096,195.89422980157218,static,1.0317900635610744
DNA shared recursive-safe,selective_spaced_segments,%TGCA_%GAGT_%GGGC%,35019,50421,0.6945320402213363,complex_multi_percent,broad,4,2,12,4,27.724403949773293,30.197100207002332,55.65692149618741,static,1.0891884370790688,27.716740642428334,30.775018477680653,55.84196717518673,static,1.1103404572242797
DNA shared recursive-safe,spaced_seed,%CGCA____CGGG____TAGA%,0,50421,0.0,single_gapped_segment,zero_match,2,8,12,4,64.80862783360136,66.96857091677823,67.99308636137322,static,1.0333280175090669,64.80345222053715,67.00752262832141,68.11072309853161,static,1.0340116202495422
DNA shared recursive-safe,sparse_len004,%C__G%,50407,50421,0.9997223379147577,single_gapped_segment,broad,2,2,2,1,2.6487392148517053,3.5275580296907525,3.5838320677204853,static,1.331787595362894,2.749605198184104,3.6656719726107982,3.5835463803127348,static,1.303294881272185
DNA full static/adaptive,anchored_prefix_exact_segments,CGCA%GAGA%CGGG%,55,50421,0.001090815334880308,ordered_segments,selective,3,0,12,4,0.31770979633126534,0.35721688276272767,,static,1.1243496010751572,0.31951567704558764,0.37829035834822755,,static,1.1839492880164815
DNA full static/adaptive,anchored_prefix_gap,AAGC________ACCG%,0,50421,0.0,single_gapped_segment,zero_match,1,8,8,4,0.2803937091952979,0.4246529895762564,,static,1.514488291463344,0.28797774466064063,0.48280572083432194,,static,1.6765383082059724
DNA full static/adaptive,anchored_suffix_gap,%GGGCAC____________________GGTGTC,0,50421,0.0,single_gapped_segment,zero_match,1,20,12,6,0.27828135664898107,0.3350640541239724,,static,1.204047795938468,0.28215235940701455,0.3485468922865225,,static,1.2353144698809042
DNA full static/adaptive,any_len001,%_%,50421,50421,1.0,wildcard_only,all_rows,2,1,0,0,0.09592489921720984,0.09595207087050452,,static,1.0002832596491256,0.09676362530093072,0.09557934360516916,,adaptive,1.0123905610887405
DNA full static/adaptive,dna_common_gap_multi_percent,%A_%C_%G_%T_%CCTA%CAAG__GGGA%,1586,50421,0.03145514765673033,complex_multi_percent,medium,7,6,16,4,68.15090440181201,71.24389929036217,,static,1.0453845024610988,68.19126204468796,71.54313350505275,,static,1.0491539731024218
DNA full static/adaptive,dna_multi_percent_common4,%CACA_GATC%AGCA__CACC%GACG_GCGG%GAGA_GCTG%,494,50421,0.009797505007834037,complex_multi_percent,selective,5,5,32,4,67.01902506974696,74.55514068458625,,static,1.112447407389117,67.37955968894192,74.60169437517979,,static,1.1071858397350605
DNA full static/adaptive,dna_multi_percent_medium4,%CCTA_TGAG%GTGG__GCAG%GCTT_CGAG%GAGA_TCCG%,42,50421,0.0008329862557267805,complex_multi_percent,selective,5,5,32,4,66.38035556890007,72.4521302572133,,static,1.0914694511090857,66.35551559365899,72.75723188493737,,static,1.0964760236433175
DNA full static/adaptive,gap_len016,%AAGC________ACCG%,538,50421,0.010670157275738284,single_gapped_segment,medium,2,8,8,4,70.36471468653896,68.77149178658028,,adaptive,1.0231669091155235,70.39131939202827,69.26185209310695,,adaptive,1.0163072061284615
DNA full static/adaptive,gap_len032,%GGGCAC____________________GGTGTC%,25,50421,0.0004958251522183217,single_gapped_segment,selective,2,20,12,6,67.24162027604378,67.23448574605341,,adaptive,1.000106114145311,67.18076513707827,67.7416133189469,,static,1.008348344659729
DNA full static/adaptive,gap_len064,%TGCAAGCT________________________________________________GGATGGGC%,67,50421,0.0013288114079451022,single_gapped_segment,selective,2,48,16,8,76.68872291107009,77.43938708843615,,static,1.0097884558364147,76.91927431366554,77.52963752806188,,static,1.0079351140509643
DNA full static/adaptive,gap_len128,%AAGATTGGAGGA________________________________________________________________________________________________________GGCCGACTTGGA%,44,50421,0.0008726522679042462,single_gapped_segment,selective,2,104,24,12,61.42361461153376,62.073030409008965,,static,1.0105727382144858,61.44755493736183,62.357799063107365,,static,1.0148133498016874
DNA full static/adaptive,gap_len256,%CATGGGCCTGGTCTGC________________________________________________________________________________________________________________________________________________________________________________________________________________________________GGAGGCTGCCATTTGT%,26,50421,0.0005156581583070546,single_gapped_segment,selective,2,224,32,16,75.09185782206156,76.1395764588224,,static,1.0139524932149573,75.30338303317521,76.3363159809735,,static,1.0137169527608503
DNA full static/adaptive,interleaved_common,%C_G_C_G_C_G_C_G%,3085,50421,0.061184823783740905,single_gapped_segment,medium,2,7,8,1,182.4622990767805,173.64391012450523,,adaptive,1.0507843260725491,182.49642922040047,174.65219513239182,,adaptive,1.0449134583282076
DNA full static/adaptive,interleaved_with_bigger,%C_G_C_G_CGC_G_C_G%,297,50421,0.005890402808353662,single_gapped_segment,selective,2,7,10,3,73.4504937565687,137.08866991433442,,static,1.8664090995586333,73.49449386606808,136.9152094243292,,static,1.8629315234667128
DNA full static/adaptive,many_common_short_segments,%A_%C_%G_%T_%,50420,50421,0.9999801669939112,complex_multi_percent,broad,5,4,4,1,4.077425030664259,7.542637608588313,,static,1.8498531675908043,4.219520622767115,7.56684920718146,,static,1.793295941333545
DNA full static/adaptive,one_fixed_len002,%G_%,50421,50421,1.0,single_gapped_segment,all_rows,2,1,1,1,1.1331340416002946,1.1837889133765414,,static,1.0447033359837183,1.1766209196108157,1.23359397881226,,static,1.0484209130161386
DNA full static/adaptive,ordered_exact_segments,%CGCA%GAGA%CGGG%,24211,50421,0.4801769104143115,complex_multi_percent,broad,4,0,12,4,36.54026381038932,38.658937403343195,,static,1.0579818909887422,36.87528785509168,39.90110740283046,,static,1.082055482783736
DNA full static/adaptive,ordered_mixed_segments,%AAGC_%GGGA_%ACCG%,27590,50421,0.5471926379881399,complex_multi_percent,broad,4,2,12,4,36.13941326063161,40.20422363886658,,static,1.11247582656974,36.15264935765421,41.297882596562744,,static,1.142319673117378
DNA full static/adaptive,ordered_wild_segments,%CGC_%GAGA_%CGGG_%,30963,50421,0.6140893675254359,complex_multi_percent,broad,4,3,11,4,29.363873562530085,30.291218518114185,,static,1.0315811520441718,29.377834229774848,30.311757447226096,,static,1.0317900635610744
DNA full static/adaptive,selective_spaced_segments,%TGCA_%GAGT_%GGGC%,35019,50421,0.6945320402213363,complex_multi_percent,broad,4,2,12,4,27.724403949773293,30.197100207002332,,static,1.0891884370790688,27.716740642428334,30.775018477680653,,static,1.1103404572242797
DNA full static/adaptive,spaced_seed,%CGCA____CGGG____TAGA%,0,50421,0.0,single_gapped_segment,zero_match,2,8,12,4,64.80862783360136,66.96857091677823,,static,1.0333280175090669,64.80345222053715,67.00752262832141,,static,1.0340116202495422
DNA full static/adaptive,sparse_len004,%C__G%,50407,50421,0.9997223379147577,single_gapped_segment,broad,2,2,2,1,2.6487392148517053,3.5275580296907525,,static,1.331787595362894,2.749605198184104,3.6656719726107982,,static,1.333163021015411
Quotes,anchored_prefix_exact,Age is an issue%,1,75966,1.3163783798014901e-05,simple_literal,selective,1,0,15,15,0.18508115411694723,0.16897449655473806,0.1769388308280596,adaptive,1.0471333511015466,0.18769143451321518,0.17030348288861136,0.17897664463183685,adaptive,1.0509276827233078
Quotes,anchored_prefix_gap,Age is a________________over mat%,1,75966,1.3163783798014901e-05,single_gapped_segment,selective,1,16,16,8,0.3049754331106732,0.2725365284075395,0.2195082078799192,recursive,1.2415778482262,0.3041021709687255,0.2737558372625788,0.22247144777304254,recursive,1.230521219702111
Quotes,common_first_selective_later,%the%relationship with%,167,75966,0.0021983518942684886,ordered_segments,selective,3,0,20,17,6.978379367764545,6.9422422546855,14.766389326918594,adaptive,1.0052053949939093,6.95629980026146,6.952268529425696,14.725545149247028,adaptive,1.0005798497021083
Quotes,gap_16,%ge i________ue o%,1,75966,1.3163783798014901e-05,single_gapped_segment,selective,2,8,8,4,5.538745834988984,5.537093828733076,5.642575039026302,adaptive,1.0002983525847684,5.5800909403645855,5.538503862460841,5.654988299845439,adaptive,1.0075087205744526
Quotes,gap_32,%Age is a________________over mat%,1,75966,1.3163783798014901e-05,single_gapped_segment,selective,2,16,16,8,4.994410398444713,5.097865695931172,5.189620306609952,static,1.0207142163404663,4.986232005150935,5.1031041387759775,5.180161360997047,static,1.023438968243818
Quotes,gap_8,%le____ng%,1497,75966,0.01970618434562831,single_gapped_segment,medium,2,4,4,2,5.818609953658291,5.874014446642925,5.949099864312893,static,1.009521946551822,5.840755705729961,5.8703576931257215,5.921353478408833,static,1.0050681776275492
Quotes,multi_gap_common,%the_%of_%and_%,9937,75966,0.13080851960087408,complex_multi_percent,broad,4,3,8,3,6.986273904469874,7.060070430997523,13.667193577992911,static,1.0105630737553009,6.970267407438558,7.040081881366392,13.610760334267306,static,1.0100160395357758
Quotes,multi_gap_selective,%young_%learning_%mind%,0,75966,0.0,complex_multi_percent,zero_match,4,2,17,8,4.767873378414642,4.765327647708384,4.995298770974971,adaptive,1.0005342194481595,4.783047824797021,4.752749047696417,5.010124971205207,adaptive,1.0063750004043006
Quotes,ordered_common,%the%of%the%,15174,75966,0.19974725535107812,complex_multi_percent,broad,4,0,8,3,6.9610375620811595,6.897014627416353,11.326476563119313,adaptive,1.0092827024623536,6.938610511505865,6.884461782624969,11.324431295864859,adaptive,1.007865353979821
Quotes,ordered_selective,%coffee%obituaries%,1,75966,1.3163783798014901e-05,ordered_segments,selective,3,0,16,10,4.604061210210766,4.594695839505871,4.768165833714223,adaptive,1.0020383004734221,4.609493960454505,4.612620352963327,4.8034313042587105,static,1.0006782507007588
Quotes,quote_learning_gap_multi,%A_yone%learning%young%m_nd%,3,75966,3.9491351394044706e-05,complex_multi_percent,selective,5,2,21,8,5.189008741897502,5.260010980778909,4.374028326468801,recursive,1.1863226194711554,5.200779736250686,5.252775502498832,4.397703262792889,recursive,1.1826127015554433
Quotes,quote_multi_common4,%the_%of_%and_%to_%,3636,75966,0.04786351788958218,complex_multi_percent,medium,5,4,10,3,7.405455972134107,7.337249950870134,17.024248842147742,adaptive,1.0092958563113807,7.404717802885764,7.383244391578136,17.16667919380026,adaptive,1.0029083977407172
Quotes,quote_multi_common5,%the_%of_%and_%to_%in_%,1747,75966,0.022997130295132034,complex_multi_percent,medium,6,5,12,3,7.498800033016921,7.4470956668670745,18.68361904686797,adaptive,1.0069428900154842,7.484609195564431,7.432077240988973,18.718187950652858,adaptive,1.0070682734950247
Quotes,quote_multi_common5_inner_underscore,%t_e%of%a_d%to%in%,2017,75966,0.026551351920596055,complex_multi_percent,medium,6,2,10,2,9.869783038603833,10.081723989786465,26.792438724775835,static,1.0214737193668457,9.896191770167023,10.342367780480325,26.82188699747374,static,1.0450856269437239
Quotes,quote_people_repeat_stance_dance,%people%repeat%stance%dance%,1,75966,1.3163783798014901e-05,complex_multi_percent,selective,5,0,23,6,4.967582125838703,5.019975000446658,5.391771882016966,static,1.0105469569059433,4.977878085944964,5.030221909169759,5.383695635163008,static,1.010515288305792
Quotes,quote_relationship_multi5,%f_m_l_%relationship%jealousy%anxiety%posturing%,4,75966,5.2655135192059604e-05,complex_multi_percent,selective,6,3,39,12,5.875942177769214,6.075729097771941,6.239004474811809,static,1.0340008315191718,5.8732840218235625,6.175332680031565,6.237260797151937,static,1.051427558600209
Quotes,selective_first_common_later,%relationship with%the%,236,75966,0.0031066529763315166,ordered_segments,selective,3,0,20,17,5.538696714697542,5.581901720845652,5.669616961101972,static,1.0078005726570045,5.55313246525584,5.5560796813221,5.693887643977496,static,1.0005307303732982
Quotes,wild_4,%t__ %,58785,75966,0.7738330305663059,single_gapped_segment,broad,2,2,2,1,4.7399196084521975,5.9386222105384165,4.833687055845442,static,1.0197824974132554,4.7445200906902745,5.988973877339846,4.838606925913474,static,1.0198306326930342
Quotes,wild_any,%_%,75966,75966,1.0,wildcard_only,all_rows,2,1,0,0,0.15733381338808733,0.1406990896243926,0.15337682859536325,adaptive,1.0901053376025025,0.15799322443444516,0.14172274901107998,0.15304521866554716,adaptive,1.0798916880562484
Quotes,wild_short,%t_%,75409,75966,0.9926677724245057,single_gapped_segment,broad,2,1,1,1,1.627025412334503,1.4777424262151053,1.746133553237077,adaptive,1.1010209786706546,1.632454967548825,1.4864351837129757,1.7462749337239627,adaptive,1.0982348813024632
