dataset,column,storage,algorithm,generic_matcher,requested_index,actual_index,pattern_name,pattern,runs,row_count,rows_matched,sum_query_total_ns,min_query_total_ns,median_query_total_ns,mean_query_total_ns,geomean_query_total_ns,p90_query_total_ns,max_query_total_ns,median_execute_ns,median_candidate_prepare_ns,median_ns_per_table_row,geomean_ns_per_table_row,median_ns_per_candidate_row
job_movie_info_info,movie_info.info,utf8,PairHorspool,static,trigram,trigram,prefix_japan_2007,Japan:%2007%,5,6674158,8501,22503972,4437166,4519512.0,4500794.4,4500627.472801896,4541597,4541597,3993849.0,511820.0,0.6771658687133268,0.6743362983015985,30.714591135959886
job_movie_info_info,movie_info.info,utf8,PairHorspool,static,trigram,trigram,prefix_japan_200,Japan:%200%,5,6674158,54763,26354547,5228927,5240140.0,5270909.4,5270615.203171366,5377613,5377613,4749090.0,500603.0,0.7851387395983134,0.7897048586503346,36.52275226676716
job_movie_info_info,movie_info.info,utf8,PairHorspool,static,trigram,trigram,prefix_japan_201,Japan:%201%,5,6674158,23878,26680676,5280010,5360016.0,5336135.2,5336001.092145216,5374849,5374849,4825532.0,519981.0,0.8030999565787924,0.7995017498836557,37.110627465758164
job_movie_info_info,movie_info.info,utf8,TwoWay2,static,trigram,trigram,prefix_japan_201,Japan:%201%,5,6674158,23878,27261914,5387660,5444418.0,5452382.8,5451992.690563909,5569974,5569974,4963741.0,480677.0,0.8157460461679211,0.8168808709652963,38.17352016057709
job_movie_info_info,movie_info.info,utf8,TwoWay2,static,trigram,trigram,prefix_japan_200,Japan:%200%,5,6674158,54763,27986497,5541508,5569554.0,5597299.4,5597001.602315787,5696214,5696214,5078081.0,502513.0,0.8344953775442535,0.8386078064079394,39.05284893602295
job_movie_info_info,movie_info.info,utf8,NaiveAutoWildcard,static,trigram,trigram,prefix_japan_2007,Japan:%2007%,5,6674158,8501,28420151,5524150,5646685.0,5684030.2,5683005.819516185,5811248,5811248,5126934.0,533810.0,0.8460520413211674,0.8514939262750447,39.428551653067345
job_movie_info_info,movie_info.info,utf8,StdSearch,static,trigram,trigram,prefix_japan_2007,Japan:%2007%,5,6674158,8501,29843412,5757854,6002461.0,5968682.4,5967543.452661548,6091911,6091911,5515296.0,487165.0,0.8993585408076944,0.8941267198049552,42.41523944290208
job_movie_info_info,movie_info.info,utf8,NaiveAutoWildcard,static,trigram,trigram,prefix_usa_2008,USA:%2008%,5,6674158,45638,31333740,6052180,6125414.0,6266748.0,6263299.651545179,6556133,6556133,4978285.0,1166898.0,0.9177807897265843,0.9384403246072388,36.72059864868852
job_movie_info_info,movie_info.info,utf8,PairHorspool,static,prefix-btree,prefix-btree,prefix_japan_2007,Japan:%2007%,5,6674158,8501,30794162,6037244,6151273.0,6158832.4,6158232.825605997,6270581,6270581,4010010.0,2099883.0,0.9216552859551722,0.9226979642975188,30.838876883204776
job_movie_info_info,movie_info.info,utf8,TwoWay2,static,trigram,trigram,prefix_usa_2008,USA:%2008%,5,6674158,45638,31382887,6080021,6260082.0,6276577.4,6275034.829354405,6471715,6471715,5095499.0,1144601.0,0.9379583162400411,0.9401985988344896,37.58518720679786
job_movie_info_info,movie_info.info,utf8,NaiveAutoWildcard,static,trigram,trigram,prefix_japan_200,Japan:%200%,5,6674158,54763,31561021,6283185,6290502.0,6312204.2,6312073.098419286,6391618,6391618,5776010.0,519815.0,0.9425161945521817,0.9457482127333515,44.420253631826256
job_movie_info_info,movie_info.info,utf8,PairHorspool,static,trigram,trigram,prefix_usa_2008,USA:%2008%,5,6674158,45638,31624210,5947683,6337098.0,6324842.0,6317733.407595641,6828279,6828279,5117093.0,1171059.0,0.9494977493790228,0.946596259782882,37.74446788422388
job_movie_info_info,movie_info.info,utf8,StdSearch,static,trigram,trigram,prefix_japan_201,Japan:%201%,5,6674158,23878,31884518,6236521,6348401.0,6376903.6,6376168.74681675,6510821,6510821,5840173.0,508228.0,0.9511912963403024,0.9553516713269299,44.913697502903155
job_movie_info_info,movie_info.info,utf8,StdSearch,static,trigram,trigram,prefix_usa_2008,USA:%2008%,5,6674158,45638,32222669,6383626,6440907.0,6444533.8,6444374.116058964,6524297,6524297,5312692.0,1127894.0,0.9650516214929284,0.9655710877686743,39.18723630248134
job_movie_info_info,movie_info.info,utf8,LibcMemmem,static,trigram,trigram,prefix_japan_2007,Japan:%2007%,5,6674158,8501,32165105,6268442,6478283.0,6433021.0,6431657.593059884,6624857,6624857,5957025.0,511191.0,0.9706517286525131,0.9636656788766463,45.81234474855996
job_movie_info_info,movie_info.info,utf8,PairHorspool,static,fm,fm,prefix_japan_2007,Japan:%2007%,5,6674158,8501,32173130,6166127,6518783.0,6434626.0,6432783.438381911,6564893,6564893,3921348.0,2530339.0,0.9767199098373158,0.9638343892967473,30.157024094254446
job_movie_info_info,movie_info.info,utf8,TwoWay2,static,prefix-btree,prefix-btree,prefix_japan_2007,Japan:%2007%,5,6674158,8501,32486033,6396084,6531504.0,6497206.6,6496678.988837666,6596477,6596477,4440187.0,2011578.0,0.9786259180558806,0.9734078815634871,34.147141835408476
job_movie_info_info,movie_info.info,utf8,StdSearch,static,trigram,trigram,prefix_japan_200,Japan:%200%,5,6674158,54763,33491796,6490076,6556032.0,6698359.2,6690370.2162587745,7366491,7366491,6039602.0,511457.0,0.9823009883793581,1.0024290704535315,46.44740100437588
job_movie_info_info,movie_info.info,utf8,PairHorspool,static,prefix-btree,prefix-btree,prefix_japan_200,Japan:%200%,5,6674158,54763,34104132,6564784,6798041.0,6820826.4,6819067.220205356,6989288,6989288,4718933.0,2072336.0,1.018561592338689,1.0217119522792237,36.29083064807623
job_movie_info_info,movie_info.info,utf8,LibcMemmem,static,trigram,trigram,prefix_usa_2008,USA:%2008%,5,6674158,45638,34011130,6516270,6816702.0,6802226.0,6799514.212302241,7046568,7046568,5521045.0,1155789.0,1.0213576004643583,1.0187822943358549,40.72408019355029
job_movie_info_info,movie_info.info,utf8,TwoWay2,static,fm,fm,prefix_japan_2007,Japan:%2007%,5,6674158,8501,34454843,6667210,6873863.0,6890968.6,6888896.855748765,7117001,7117001,4322018.0,2519992.0,1.0299221265064447,1.032174545463263,33.23836623574378
job_movie_info_info,movie_info.info,utf8,LibcMemmem,static,trigram,trigram,prefix_japan_201,Japan:%201%,5,6674158,23878,35344555,6962246,7006191.0,7068911.0,7067527.826956133,7343542,7343542,6482269.0,526016.0,1.0497490469958908,1.0589391201107317,49.85171997446763
job_movie_info_info,movie_info.info,utf8,PairHorspool,static,prefix-btree,prefix-btree,prefix_japan_201,Japan:%201%,5,6674158,23878,35450945,6902394,7020845.0,7090189.0,7087634.768054385,7458087,7458087,4783701.0,2237144.0,1.0519446797633498,1.0619517847794433,36.78892725580823
job_movie_info_info,movie_info.info,utf8,TwoWay2,static,trigram,trigram,prefix_japan_2007,Japan:%2007%,5,6674158,8501,32930930,4670322,7167912.0,6586186.0,6470016.519277315,7713997,7713997,6317715.0,850197.0,1.0739799687091616,0.9694130705326425,48.58622174712184
job_movie_info_info,movie_info.info,utf8,NaiveAutoWildcard,static,prefix-btree,prefix-btree,prefix_japan_2007,Japan:%2007%,5,6674158,8501,36644178,7088994,7240309.0,7328835.6,7325797.525433056,7640506,7640506,5164269.0,2076040.0,1.0848273295298074,1.0976361362736693,39.71567549276711
job_movie_info_info,movie_info.info,utf8,PairHorspool,static,fm,fm,prefix_japan_201,Japan:%201%,5,6674158,23878,37316862,7184993,7387522.0,7463372.4,7455635.375795506,8131496,8131496,4823092.0,2564430.0,1.106884493894211,1.1170899759939756,37.09186270966154
job_movie_info_info,movie_info.info,utf8,TwoWay2,static,prefix-btree,prefix-btree,prefix_japan_201,Japan:%201%,5,6674158,23878,38232053,7352497,7478955.0,7646410.6,7638650.3710100865,8278848,8278848,5397289.0,2120272.0,1.1205840497033484,1.1445114125257447,41.507709699994614
job_movie_info_info,movie_info.info,utf8,PairHorspool,static,trigram,trigram,prefix_usa_space_199,USA:% 199%,5,6674158,78136,37871385,7450230,7515760.0,7574277.0,7573327.272796244,7742254,7742254,6461173.0,1080761.0,1.126098602999809,1.1347239606853778,24.528586179929693
job_movie_info_info,movie_info.info,utf8,TwoWay2,static,prefix-btree,prefix-btree,prefix_japan_200,Japan:%200%,5,6674158,54763,37870149,7277321,7531569.0,7574029.8,7571630.683835559,7812468,7812468,5484559.0,2105841.0,1.1284672913047609,1.134469696402153,42.1788573494013
job_movie_info_info,movie_info.info,utf8,TwoWay2,static,trigram,trigram,prefix_usa_space_199,USA:% 199%,5,6674158,78136,38196833,7506601,7645096.0,7639366.6,7638476.348310154,7781464,7781464,6638030.0,1038377.0,1.1454772272397507,1.1444853418213954,25.19998937034478
job_movie_info_info,movie_info.info,utf8,TwoWay2,static,fm,fm,prefix_usa_2008,USA:%2008%,5,6674158,45638,38418301,7440195,7671883.0,7683660.2,7680786.191384717,8046173,8046173,4928001.0,2639271.0,1.1494907672248693,1.1508247182640867,36.34996422538744
job_movie_info_info,movie_info.info,utf8,NaiveAutoWildcard,static,trigram,trigram,prefix_usa_space_199,USA:% 199%,5,6674158,78136,38507604,7587714,7673537.0,7701520.8,7700854.638252534,7890601,7890601,6577732.0,1082507.0,1.149738588747824,1.1538315394990648,24.97107974519198
job_movie_info_info,movie_info.info,utf8,TwoWay2,static,fm,fm,prefix_japan_200,Japan:%200%,5,6674158,54763,38513200,7532828,7705389.0,7702640.0,7701450.740480334,7900831,7900831,5155485.0,2404791.0,1.1545110259601286,1.1539208391530438,39.648122370819266
job_movie_info_info,movie_info.info,utf8,NaiveAutoWildcard,static,fm,fm,prefix_usa_2008,USA:%2008%,5,6674158,45638,38737304,7575059,7722581.0,7747460.8,7746672.91075473,7891911,7891911,5112178.0,2617102.0,1.1570869314151688,1.160696525314504,37.70849222916405
job_movie_info_info,movie_info.info,utf8,StdSearch,static,prefix-btree,prefix-btree,prefix_japan_2007,Japan:%2007%,5,6674158,8501,38784310,7633081,7733406.0,7756862.0,7756259.119154693,7886315,7886315,5640109.0,2102930.0,1.1587088588553043,1.162132961191509,43.37511055056102
job_movie_info_info,movie_info.info,utf8,LibcMemmem,static,trigram,trigram,prefix_japan_200,Japan:%200%,5,6674158,54763,38634913,7527864,7733725.0,7726982.6,7725104.343160247,8015407,8015407,7148686.0,585039.0,1.1587566551466117,1.157464956628237,54.97678245956733
job_movie_info_info,movie_info.info,utf8,PairHorspool,static,fm,fm,prefix_japan_200,Japan:%200%,5,6674158,54763,39300826,7540662,7829929.0,7860165.2,7857124.9519074755,8210827,8210827,5021392.0,2705535.0,1.173171057682482,1.1772457289743514,38.616883666202675
job_movie_info_info,movie_info.info,utf8,NaiveAutoWildcard,static,prefix-btree,prefix-btree,prefix_japan_201,Japan:%201%,5,6674158,23878,39417384,7640628,7873287.0,7883476.8,7881879.981395265,8119988,8119988,5725399.0,2098005.0,1.1796674576778075,1.1809548110787909,44.03103106182372
job_movie_info_info,movie_info.info,utf8,PairHorspool,static,fm,fm,prefix_usa_2008,USA:%2008%,5,6674158,45638,39449688,7714272,7895406.0,7889937.6,7889126.184890772,8028501,8028501,5206004.0,2618375.0,1.1829815835945148,1.182040640931785,38.400572393801035
job_movie_info_info,movie_info.info,utf8,TwoWay2,static,fm,fm,prefix_japan_201,Japan:%201%,5,6674158,23878,39848241,7683365,8010234.0,7969648.2,7965869.420260726,8322327,8322327,5380654.0,2559492.0,1.2001864504855893,1.193539170034632,41.379778668163745
job_movie_info_info,movie_info.info,utf8,NaiveAutoWildcard,static,prefix-btree,prefix-btree,prefix_japan_200,Japan:%200%,5,6674158,54763,40034121,7813244,8028305.0,8006824.2,8006104.059936259,8107253,8107253,5903561.0,2106144.0,1.2028940579470848,1.1995676458363738,45.40118125677723
job_movie_info_info,movie_info.info,utf8,NaiveAutoWildcard,static,fm,fm,prefix_japan_2007,Japan:%2007%,5,6674158,8501,40681418,7972484,8050493.0,8136283.6,8134717.829381567,8396855,8396855,5454748.0,2652335.0,1.2062185222465516,1.2188379418047939,41.949596634648664
job_movie_info_info,movie_info.info,utf8,StdSearch,static,prefix-btree,prefix-btree,prefix_japan_201,Japan:%201%,5,6674158,23878,40289285,7980393,8073555.0,8057857.0,8057761.755276314,8086583,8086583,5957527.0,2123845.0,1.2096739393943026,1.2073074985638639,45.816205366412625
job_movie_info_info,movie_info.info,utf8,NaiveAutoWildcard,static,fm,fm,prefix_japan_201,Japan:%201%,5,6674158,23878,40541792,8014635,8138291.0,8108358.4,8108032.095135914,8210210,8210210,5560644.0,2537809.0,1.2193734400653986,1.214839684646363,42.763987049242104
job_movie_info_info,movie_info.info,utf8,StdSearch,static,prefix-btree,prefix-btree,prefix_japan_200,Japan:%200%,5,6674158,54763,40738034,7881800,8143197.0,8147606.8,8145778.692883893,8382839,8382839,6080769.0,2188984.0,1.2201085140627477,1.2204952295105989,46.76399473971591
job_movie_info_info,movie_info.info,utf8,StdSearch,static,fm,fm,prefix_japan_2007,Japan:%2007%,5,6674158,8501,41743686,8087637,8259919.0,8348737.2,8344040.593177862,8894086,8894086,5684651.0,2506395.0,1.2375971620689832,1.2502011489689036,43.717659635010115
job_movie_info_info,movie_info.info,utf8,LibcMemmem,static,prefix-btree,prefix-btree,prefix_japan_2007,Japan:%2007%,5,6674158,8501,41073650,8047233,8269206.0,8214730.0,8213656.058484371,8403630,8403630,6071746.0,2184816.0,1.2389886484557302,1.2306655011763281,46.69460359452746
job_movie_info_info,movie_info.info,utf8,StdSearch,static,trigram,trigram,prefix_usa_space_199,USA:% 199%,5,6674158,78136,42666914,8368132,8487917.0,8533382.8,8532191.339585643,8787739,8787739,7429369.0,1092154.0,1.2717584750016406,1.2783921207738864,28.204153917407577
job_movie_info_info,movie_info.info,utf8,StdSearch,static,fm,fm,prefix_japan_201,Japan:%201%,5,6674158,23878,42593434,8308903,8501170.0,8518686.8,8517735.806508582,8674687,8674687,5989511.0,2541971.0,1.273744193649596,1.2762261546699973,46.06217748075459
job_movie_info_info,movie_info.info,utf8,NaiveAutoWildcard,static,fm,fm,prefix_japan_200,Japan:%200%,5,6674158,54763,42623977,8222823,8540336.0,8524795.4,8522098.168244435,8818952,8818952,6023308.0,2449305.0,1.2796124994343856,1.27687987008998,46.32209242411425
job_movie_info_info,movie_info.info,utf8,StdSearch,static,fm,fm,prefix_japan_200,Japan:%200%,5,6674158,54763,42895934,8378494,8552977.0,8579186.8,8577893.358877081,8832278,8832278,6073621.0,2426128.0,1.281506521122215,1.2852397261197592,46.70902323292138
job_movie_info_info,movie_info.info,utf8,LibcMemmem,static,prefix-btree,prefix-btree,prefix_japan_201,Japan:%201%,5,6674158,23878,42812809,8375030,8594705.0,8562561.8,8561948.378608271,8677203,8677203,6533304.0,2044012.0,1.2877586955538063,1.2828506607125574,50.244203305365644
job_movie_info_info,movie_info.info,utf8,LibcMemmem,static,trigram,trigram,prefix_usa_space_199,USA:% 199%,5,6674158,78136,43257178,8609674,8637152.0,8651435.6,8651310.289303001,8741127,8741127,7546588.0,1086759.0,1.2941185989303818,1.2962399152072817,28.64915304425733
job_movie_info_info,movie_info.info,utf8,NaiveAutoWildcard,static,trigram,trigram,prefix_japan_201,Japan:%201%,5,6674158,23878,39271003,6172278,8701552.0,7854200.6,7757468.871840502,8893355,8893355,7831389.0,879330.0,1.303767756172389,1.162314107637248,60.22709200113819
job_movie_info_info,movie_info.info,utf8,LibcMemmem,static,fm,fm,prefix_usa_2008,USA:%2008%,5,6674158,45638,43376198,8548262,8712522.0,8675239.6,8674886.603569169,8771381,8771381,5872076.0,2756602.0,1.3054114091994826,1.2997723458150077,43.31365852579091
job_movie_info_info,movie_info.info,utf8,LibcMemmem,static,fm,fm,prefix_japan_201,Japan:%201%,5,6674158,23878,44902234,8842738,8999318.0,8980446.8,8979654.61672802,9144080,9144080,6529096.0,2488432.0,1.3483825225594,1.3454362333046357,50.21184179157278
job_movie_info_info,movie_info.info,utf8,LibcMemmem,static,fm,fm,prefix_japan_2007,Japan:%2007%,5,6674158,8501,45798759,8985505,9167002.0,9159751.8,9159171.048860485,9304231,9304231,6342156.0,2785475.0,1.3735068903073617,1.372333558779999,48.77418461751429
job_movie_info_info,movie_info.info,utf8,LibcMemmem,static,prefix-btree,prefix-btree,prefix_japan_200,Japan:%200%,5,6674158,54763,47617155,9184590,9414409.0,9523431.0,9516078.345333217,10260696,10260696,7183848.0,2237183.0,1.4105762854280646,1.4258095178447978,55.24719489967777
job_movie_info_info,movie_info.info,utf8,LibcMemmem,static,fm,fm,prefix_japan_200,Japan:%200%,5,6674158,54763,49407030,9693455,9760729.0,9881406.0,9879472.768337542,10227025,10227025,7103626.0,2791736.0,1.4624659769816657,1.4802574347206046,54.63024970968461
job_movie_info_info,movie_info.info,utf8,StdSearch,static,fm,fm,prefix_usa_2008,USA:%2008%,5,6674158,45638,52637490,8425380,10844524.0,10527498.0,10401628.319624608,12425626,12425626,6753221.0,3885148.0,1.6248527529614971,1.558492921504106,49.813168007907294
job_movie_info_info,movie_info.info,utf8,PairHorspool,static,fm,fm,prefix_usa_space_199,USA:% 199%,5,6674158,78136,57359723,11356387,11392033.0,11471944.6,11471304.37055352,11658446,11658446,6416541.0,5121709.0,1.706886921166685,1.718764224640771,24.35914947573022
job_movie_info_info,movie_info.info,utf8,TwoWay2,static,fm,fm,prefix_usa_space_199,USA:% 199%,5,6674158,78136,58894151,11565196,11778143.0,11778830.2,11777653.322449822,11998414,11998414,6637901.0,5094024.0,1.764738413444812,1.7646649959440577,25.199499646943593
job_movie_info_info,movie_info.info,utf8,NaiveAutoWildcard,static,fm,fm,prefix_usa_space_199,USA:% 199%,5,6674158,78136,60353155,11798167,12007504.0,12070631.0,12068643.836431954,12346799,12346799,6787556.0,5219948.0,1.7991039468948742,1.808264503177779,25.767635736900846
job_movie_info_info,movie_info.info,utf8,LibcMemmem,static,fm,fm,prefix_usa_space_199,USA:% 199%,5,6674158,78136,62838507,12218456,12425511.0,12567701.4,12564669.149829382,12946679,12946679,7381015.0,5059250.0,1.8617346188088446,1.8825848893598263,28.02058736437699
job_movie_info_info,movie_info.info,utf8,StdSearch,static,fm,fm,prefix_usa_space_199,USA:% 199%,5,6674158,78136,71571548,12534112,12795945.0,14314309.6,14118208.317021193,19100355,19100355,7299342.0,5496603.0,1.9172373503893674,2.1153541765118535,27.710531710539303
job_movie_info_info,movie_info.info,utf8,PairHorspool,static,trigram,trigram,prefix_usa_space_200,USA:% 200%,5,6674158,268914,87275049,17018153,17443085.0,17455009.8,17452297.341009986,17979234,17979234,14745581.0,2730680.0,2.6135259309114347,2.6149061799256175,16.65299883337606
job_movie_info_info,movie_info.info,utf8,TwoWay2,static,trigram,trigram,prefix_usa_space_200,USA:% 200%,5,6674158,268914,90015769,17841787,17974935.0,18003153.8,18002627.636457194,18236694,18236694,15265305.0,2739030.0,2.6932138855568,2.6973630231708627,17.239951844293536
job_movie_info_info,movie_info.info,utf8,NaiveAutoWildcard,static,trigram,trigram,prefix_usa_space_200,USA:% 200%,5,6674158,268914,91169980,17877429,18300990.0,18233996.0,18233053.680543423,18404067,18404067,15586977.0,2730335.0,2.742067239043487,2.7318881273113402,17.603233795729004
job_movie_info_info,movie_info.info,utf8,StdSearch,static,trigram,trigram,prefix_usa_space_200,USA:% 200%,5,6674158,268914,99131306,19600769,19770563.0,19826261.2,19825570.796704546,20101264,20101264,17039019.0,2731544.0,2.9622557631988933,2.970497551900929,19.24310500406003
job_movie_info_info,movie_info.info,utf8,LibcMemmem,static,trigram,trigram,prefix_usa_space_200,USA:% 200%,5,6674158,268914,107078598,20818808,21285263.0,21415719.6,21411242.741592996,22140367,22140367,18518610.0,2817857.0,3.1892057395105122,3.2080813789544687,20.914088819270415
job_movie_info_info,movie_info.info,utf8,PairHorspool,static,trigram,trigram,prefix_usa_201,USA:%201%,5,6674158,227707,135255059,25338348,25480425.0,27051011.8,26897004.391973007,33112601,33112601,23802595.0,1636024.0,3.8177737176734503,4.0300220642064515,25.433492257521294
job_movie_info_info,movie_info.info,utf8,PairHorspool,static,trigram,trigram,prefix_usa_200,USA:%200%,5,6674158,294734,129044233,25107069,25639657.0,25808846.6,25798492.553705618,27216423,27216423,23790093.0,1849564.0,3.8416317084492158,3.8654302160662066,25.420133650184425
job_movie_info_info,movie_info.info,utf8,TwoWay2,static,trigram,trigram,prefix_usa_201,USA:%201%,5,6674158,227707,134933634,26741467,26938992.0,26986726.8,26985342.113065697,27501088,27501088,25389062.0,1596635.0,4.036313194862933,4.043257891107762,27.128660207121456
job_movie_info_info,movie_info.info,utf8,TwoWay2,static,trigram,trigram,prefix_usa_200,USA:%200%,5,6674158,294734,135070099,26377034,27140132.0,27014019.8,27011302.37149359,27398329,27398329,25389208.0,1637499.0,4.066450329764444,4.047147520331404,27.12881621069458
job_movie_info_info,movie_info.info,utf8,NaiveAutoWildcard,static,trigram,trigram,prefix_usa_201,USA:%201%,5,6674158,227707,141447937,27782994,28019296.0,28289587.4,28282038.320147127,29572962,29572962,26517561.0,1607722.0,4.198176908607797,4.237543971838845,28.33448127743419
job_movie_info_info,movie_info.info,utf8,NaiveAutoWildcard,static,trigram,trigram,prefix_usa_200,USA:%200%,5,6674158,294734,140492276,27755794,28042529.0,28098455.2,28097529.220433056,28365078,28365078,26350812.0,1668972.0,4.201657946964995,4.209898686845592,28.156307032128186
job_movie_info_info,movie_info.info,utf8,StdSearch,static,trigram,trigram,prefix_usa_200,USA:%200%,5,6674158,294734,154897484,30476546,30882808.0,30979496.8,30977696.57153387,31353696,31353696,29218560.0,1678853.0,4.627221591098083,4.641438815203356,31.220546311690864
job_movie_info_info,movie_info.info,utf8,StdSearch,static,trigram,trigram,prefix_usa_201,USA:%201%,5,6674158,227707,155003228,30468406,31018596.0,31000645.6,30999089.31972563,31419391,31419391,29386486.0,1729808.0,4.647566929041836,4.6446441633536395,31.39997820224047
job_movie_info_info,movie_info.info,utf8,PairHorspool,static,prefix-btree,prefix-btree,prefix_usa_space_199,USA:% 199%,5,6674158,78136,159366228,31537582,32029695.0,31873245.6,31872224.0586218,32154394,32154394,18634538.0,13243125.0,4.799061544542398,4.775467407274446,19.91133227051447
job_movie_info_info,movie_info.info,utf8,PairHorspool,static,prefix-btree,prefix-btree,prefix_usa_2008,USA:%2008%,5,6674158,45638,166692523,32654475,33014358.0,33338504.6,33332314.592581205,34497738,34497738,19227863.0,13769959.0,4.946595210961442,4.994235078042803,20.545310489851218
job_movie_info_info,movie_info.info,utf8,TwoWay2,static,prefix-btree,prefix-btree,prefix_usa_2008,USA:%2008%,5,6674158,45638,181598914,33456840,33619255.0,36319782.8,35978123.98984509,46944972,46944972,20317009.0,13330385.0,5.0372279169896785,5.390660964274445,21.70908218610158
job_movie_info_info,movie_info.info,utf8,NaiveAutoWildcard,static,fm,fm,prefix_usa_space_200,USA:% 200%,5,6674158,268914,168485528,33362307,33697529.0,33697105.6,33696411.315239176,33945321,33945321,15495826.0,18124495.0,5.048955838324475,5.048788326557448,17.500291938323652
job_movie_info_info,movie_info.info,utf8,TwoWay2,static,fm,fm,prefix_usa_space_200,USA:% 200%,5,6674158,268914,169827415,32750156,33730286.0,33965483.0,33951953.13236621,35268276,35268276,15413050.0,18308828.0,5.0538638731657235,5.087076602022307,17.40680843086257
job_movie_info_info,movie_info.info,utf8,PairHorspool,static,prefix-btree,prefix-btree,prefix_usa_space_200,USA:% 200%,5,6674158,268914,169869172,33603796,33752713.0,33973834.4,33970849.1815321,34835706,34835706,20776799.0,13066254.0,5.057224147225762,5.089907820582012,22.20037590450017
job_movie_info_info,movie_info.info,utf8,PairHorspool,static,fm,fm,prefix_usa_space_200,USA:% 200%,5,6674158,268914,178848110,32791488,34087581.0,35769622.0,35549296.45650602,43975685,43975685,15067916.0,18730493.0,5.107397966904589,5.32640911407851,17.017029547320547
job_movie_info_info,movie_info.info,utf8,TwoWay2,static,prefix-btree,prefix-btree,prefix_usa_space_199,USA:% 199%,5,6674158,78136,180419857,33629629,34437219.0,36083971.4,35925874.63634932,42976795,42976795,20321145.0,14065519.0,5.159784799820442,5.382832411219512,21.71350157499498
job_movie_info_info,movie_info.info,utf8,StdSearch,static,fm,fm,prefix_usa_space_200,USA:% 200%,5,6674158,268914,179305715,35240343,35762948.0,35861143.0,35858022.29843331,36573994,36573994,17367028.0,18450486.0,5.358420942387039,5.372666035176272,19.61354367950706
job_movie_info_info,movie_info.info,utf8,LibcMemmem,static,trigram,trigram,prefix_usa_200,USA:%200%,5,6674158,294734,179334498,35675626,35857262.0,35866899.6,35866553.85881857,36054875,36054875,34230063.0,1627199.0,5.372552163134286,5.37394424884757,36.575425590569694
job_movie_info_info,movie_info.info,utf8,NaiveAutoWildcard,static,qgram,full-scan,prefix_japan_2007,Japan:%2007%,5,6674158,8501,179401143,35284129,36029495.0,35880228.6,35877238.112841114,36513997,36513997,36029385.0,110.0,5.39835811498619,5.3755451998589185,5.398341633506429
job_movie_info_info,movie_info.info,utf8,LibcMemmem,static,fm,fm,prefix_usa_space_200,USA:% 200%,5,6674158,268914,180504350,35597643,36068471.0,36100870.0,36097458.59708995,37013191,37013191,18308879.0,17665800.0,5.404197952760483,5.408541122340826,20.677228020206424
job_movie_info_info,movie_info.info,utf8,TwoWay2,static,prefix-btree,prefix-btree,prefix_usa_space_200,USA:% 200%,5,6674158,268914,181313596,35732760,36173785.0,36262719.2,36259438.135217294,37139248,37139248,22514749.0,13670527.0,5.419977321483849,5.4328108504473525,24.057406109356368
job_movie_info_info,movie_info.info,utf8,NaiveAutoWildcard,static,full-scan,full-scan,prefix_japan_2007,Japan:%2007%,5,6674158,8501,180744272,35690695,36242696.0,36148854.4,36147589.521133095,36582437,36582437,36242596.0,110.0,5.430302369227699,5.416052331994538,5.43028738606428
job_movie_info_info,movie_info.info,utf8,NaiveAutoWildcard,static,prefix-btree,prefix-btree,prefix_usa_2008,USA:%2008%,5,6674158,45638,184182292,35964302,36256302.0,36836458.4,36813487.63886711,39472229,39472229,23070717.0,13132167.0,5.432340978442524,5.51582491754016,24.651467715808504
job_movie_info_info,movie_info.info,utf8,NaiveAutoWildcard,static,prefix-btree,prefix-btree,prefix_usa_space_199,USA:% 199%,5,6674158,78136,180786850,35539594,36270254.0,36157370.0,36155673.34554227,36581795,36581795,22948737.0,13218193.0,5.43443142940278,5.417263570925352,24.521129936017164
job_movie_info_info,movie_info.info,utf8,PairHorspool,static,prefix-btree,prefix-btree,prefix_usa_201,USA:%201%,5,6674158,227707,183479308,36128215,36708451.0,36695861.6,36694235.80244545,37217724,37217724,23690402.0,13038407.0,5.5000872020111,5.497957195499417,25.313612059717315
job_movie_info_info,movie_info.info,utf8,LibcMemmem,static,trigram,trigram,prefix_usa_201,USA:%201%,5,6674158,227707,184333982,35740912,36708580.0,36866796.4,36853438.71764204,38493004,38493004,35018923.0,1689657.0,5.5001065302919105,5.521810841157791,37.41833640354064
job_movie_info_info,movie_info.info,utf8,PairHorspool,static,prefix-btree,prefix-btree,prefix_usa_200,USA:%200%,5,6674158,294734,185395232,36110146,37279455.0,37079046.4,37074164.729096696,37838293,37838293,23758763.0,13285826.0,5.585641664461645,5.554882578446599,25.38665699302044
job_movie_info_info,movie_info.info,utf8,NaiveAutoWildcard,static,prefix-btree,prefix-btree,prefix_usa_space_200,USA:% 200%,5,6674158,268914,188780699,37261059,37738868.0,37756139.8,37754252.45035616,38424592,38424592,24236058.0,13322382.0,5.654476265020996,5.656781274881416,25.896655112429425
job_movie_info_info,movie_info.info,utf8,PairHorspool,static,qgram,full-scan,prefix_japan_2007,Japan:%2007%,5,6674158,8501,189931475,37812709,37947132.0,37986295.0,37985866.97233476,38313460,38313460,37946312.0,100.0,5.685680800484495,5.691484379003314,5.6855579385444575
job_movie_info_info,movie_info.info,utf8,TwoWay2,static,prefix-btree,prefix-btree,prefix_usa_200,USA:%200%,5,6674158,294734,191368506,37727614,38385115.0,38273701.2,38271668.31807741,38865878,38865878,25154413.0,13125530.0,5.7513045091230985,5.734306559718844,26.87793361513705
job_movie_info_info,movie_info.info,utf8,PairHorspool,static,full-scan,full-scan,prefix_japan_2007,Japan:%2007%,5,6674158,8501,191532962,37750412,38394409.0,38306592.4,38304721.27970657,38812363,38812363,38394259.0,150.0,5.752697044331285,5.739258944723814,5.752674569586156
job_movie_info_info,movie_info.info,utf8,TwoWay2,static,qgram,full-scan,prefix_japan_2007,Japan:%2007%,5,6674158,8501,192996234,38208505,38566415.0,38599246.8,38598523.6124231,38908965,38908965,38566305.0,110.0,5.7784689844022274,5.783279778512885,5.778452502922466
job_movie_info_info,movie_info.info,utf8,NaiveAutoWildcard,static,prefix-btree,prefix-btree,prefix_usa_201,USA:%201%,5,6674158,227707,193299772,38250544,38602896.0,38659954.4,38658041.66864527,39308583,39308583,25483015.0,12831871.0,5.783934992249209,5.792197457716764,27.229050643461314
job_movie_info_info,movie_info.info,utf8,TwoWay2,static,prefix-btree,prefix-btree,prefix_usa_201,USA:%201%,5,6674158,227707,192515802,38049195,38639564.0,38503160.4,38502440.83791813,38680989,38680989,25406882.0,13213029.0,5.789429018611786,5.768883505604752,27.147701191183447
job_movie_info_info,movie_info.info,utf8,NaiveAutoWildcard,static,qgram,full-scan,prefix_japan_201,Japan:%201%,5,6674158,23878,195007216,38548181,39112242.0,39001443.2,39000425.624795616,39332705,39332705,39112142.0,100.0,5.860251135798703,5.843497411958182,5.8602361526352835
job_movie_info_info,movie_info.info,utf8,NaiveAutoWildcard,static,full-scan,full-scan,prefix_japan_201,Japan:%201%,5,6674158,23878,196258235,38368537,39317915.0,39251647.0,39246433.05125294,39966515,39966515,39317405.0,110.0,5.89106745749801,5.88035719262265,5.890991043364571
job_movie_info_info,movie_info.info,utf8,NaiveAutoWildcard,static,prefix-btree,prefix-btree,prefix_usa_200,USA:%200%,5,6674158,294734,196368305,38819462,39339745.0,39273661.0,39271959.79361832,39864678,39864678,26071544.0,13137885.0,5.894338282072435,5.884181794917052,27.857904252272736
job_movie_info_info,movie_info.info,utf8,NaiveAutoWildcard,static,qgram,full-scan,prefix_japan_200,Japan:%200%,5,6674158,54763,196584922,38550293,39359682.0,39316984.4,39314240.1989142,39994220,39994220,39359572.0,110.0,5.897325475363334,5.890516826242352,5.897308993883573
job_movie_info_info,movie_info.info,utf8,StdSearch,static,prefix-btree,prefix-btree,prefix_usa_2008,USA:%2008%,5,6674158,45638,197589461,38812471,39404139.0,39517892.2,39514568.91672807,40335301,40335301,26204231.0,13054130.0,5.903986540324637,5.920532297856898,27.999682650265633
job_movie_info_info,movie_info.info,utf8,StdSearch,static,prefix-btree,prefix-btree,prefix_usa_space_199,USA:% 199%,5,6674158,78136,197917300,39099017,39602489.0,39583460.0,39582407.52588317,40003347,40003347,26166599.0,13351079.0,5.933705644966751,5.930696726088894,27.959472195034383
job_movie_info_info,movie_info.info,utf8,NaiveAutoWildcard,static,full-scan,full-scan,prefix_japan_200,Japan:%200%,5,6674158,54763,200095769,39015943,39958903.0,40019153.8,40012941.84355956,41221469,41221469,39958803.0,109.0,5.987107737035893,5.995204338884395,5.987092753872473
job_movie_info_info,movie_info.info,utf8,TwoWay2,static,full-scan,full-scan,prefix_japan_2007,Japan:%2007%,5,6674158,8501,209725925,38207406,40648394.0,41945185.0,41710043.47017775,50896476,50896476,40648284.0,110.0,6.090415300327023,6.249483904936024,6.0903988188472615
job_movie_info_info,movie_info.info,utf8,StdSearch,static,qgram,full-scan,prefix_japan_2007,Japan:%2007%,5,6674158,8501,212956179,39049406,40844819.0,42591235.8,42434133.66161214,48825395,48825395,40844310.0,110.0,6.1198459790733155,6.357975492938585,6.119769714771511
job_movie_info_info,movie_info.info,utf8,LibcMemmem,static,qgram,full-scan,prefix_japan_2007,Japan:%2007%,5,6674158,8501,208445001,40721225,41259501.0,41689000.2,41673167.96887488,43889219,43889219,41259391.0,110.0,6.181978460803595,6.243958713593535,6.181961979323834
job_movie_info_info,movie_info.info,utf8,StdSearch,static,full-scan,full-scan,prefix_japan_2007,Japan:%2007%,5,6674158,8501,206503969,40591854,41332232.0,41300793.8,41294466.31383689,42591809,42591809,41332122.0,110.0,6.192875865390061,6.187217323893141,6.1928593839103
job_movie_info_info,movie_info.info,utf8,LibcMemmem,static,prefix-btree,prefix-btree,prefix_usa_2008,USA:%2008%,5,6674158,45638,208836257,41294169,41499200.0,41767251.4,41764356.05989864,42368861,42368861,28373672.0,13334001.0,6.217892953687941,6.257621710483929,30.31776859327518
job_movie_info_info,movie_info.info,utf8,StdSearch,static,prefix-btree,prefix-btree,prefix_usa_space_200,USA:% 200%,5,6674158,268914,208717342,40813447,41635705.0,41743468.4,41738075.73185041,42797540,42797540,28383218.0,13558861.0,6.23834572091341,6.253683985305712,30.32796866251512
job_movie_info_info,movie_info.info,utf8,LibcMemmem,static,full-scan,full-scan,prefix_japan_2007,Japan:%2007%,5,6674158,8501,208202653,40739918,41752843.0,41640530.6,41636075.16999204,42585451,42585451,41752221.0,131.0,6.255896698879469,6.2384011586180605,6.255803503603001
job_movie_info_info,movie_info.info,utf8,LibcMemmem,static,prefix-btree,prefix-btree,prefix_usa_space_199,USA:% 199%,5,6674158,78136,211648689,41416672,42018560.0,42329737.8,42316683.359820426,44408699,44408699,28527504.0,13367879.0,6.295709511222239,6.340377767502657,30.482140796430297
job_movie_info_info,movie_info.info,utf8,PairHorspool,static,full-scan,full-scan,prefix_japan_201,Japan:%201%,5,6674158,23878,211357968,41961969,42252387.0,42271593.6,42270842.65653621,42684129,42684129,42251516.0,110.0,6.330744192750606,6.333509335559632,6.330613689397224
job_movie_info_info,movie_info.info,utf8,PairHorspool,static,qgram,full-scan,prefix_japan_200,Japan:%200%,5,6674158,54763,212289013,42210463,42467075.0,42457802.6,42457207.026098356,42790223,42790223,42466965.0,110.0,6.36291124663216,6.361432708065946,6.362894765152398
job_movie_info_info,movie_info.info,utf8,PairHorspool,static,fm,fm,prefix_usa_201,USA:%201%,5,6674158,227707,212526002,42141267,42470184.0,42505200.4,42504472.43092996,42899677,42899677,23513999.0,18978452.0,6.363377073182864,6.368514500256063,25.125122345267965
job_movie_info_info,movie_info.info,utf8,PairHorspool,static,qgram,full-scan,prefix_japan_201,Japan:%201%,5,6674158,23878,212101311,41849766,42496233.0,42420262.2,42419080.059845224,42809815,42809815,42495563.0,240.0,6.367280037421949,6.3557200773490825,6.3671796502270395
job_movie_info_info,movie_info.info,utf8,PairHorspool,static,full-scan,full-scan,prefix_japan_200,Japan:%200%,5,6674158,54763,212965692,42108098,42574453.0,42593138.4,42590788.397261485,43413698,43413698,42573842.0,110.0,6.378999867848498,6.381447367593036,6.378908320720007
job_movie_info_info,movie_info.info,utf8,StdSearch,static,prefix-btree,prefix-btree,prefix_usa_201,USA:%201%,5,6674158,227707,213714857,41906528,42595244.0,42742971.4,42736034.5429603,43763580,43763580,29345581.0,13249663.0,6.382115017354998,6.403209813132983,31.356270488825444
job_movie_info_info,movie_info.info,utf8,TwoWay2,static,qgram,full-scan,prefix_japan_201,Japan:%201%,5,6674158,23878,213841860,41681403,42715728.0,42768372.0,42760510.40074399,44191134,44191134,42715608.0,140.0,6.400167331969066,6.406877092211482,6.4001493521729635
job_movie_info_info,movie_info.info,utf8,StdSearch,static,prefix-btree,prefix-btree,prefix_usa_200,USA:%200%,5,6674158,294734,215162632,42517058,42987568.0,43032526.4,43030841.257952504,43659511,43659511,29380148.0,13713597.0,6.440897563407998,6.447381227714417,31.393205937538735
job_movie_info_info,movie_info.info,utf8,TwoWay2,static,qgram,full-scan,prefix_japan_200,Japan:%200%,5,6674158,54763,213608154,41879359,43110479.0,42721630.8,42718128.259271115,43187233,43187233,43110369.0,110.0,6.459313519398252,6.4005269278911285,6.459297037918491
job_movie_info_info,movie_info.info,utf8,TwoWay2,static,full-scan,full-scan,prefix_japan_201,Japan:%201%,5,6674158,23878,215195239,42225087,43133761.0,43039047.8,43034513.47529225,44003852,44003852,43133651.0,110.0,6.462801899505526,6.4479314094751725,6.4627854180257645
job_movie_info_info,movie_info.info,utf8,TwoWay2,static,full-scan,full-scan,prefix_japan_200,Japan:%200%,5,6674158,54763,216261248,42954494,43205106.0,43252249.6,43251767.68455614,43546940,43546940,43204996.0,120.0,6.473491637447001,6.480482931330064,6.47347515596724
job_movie_info_info,movie_info.info,utf8,StdSearch,static,full-scan,full-scan,prefix_japan_201,Japan:%201%,5,6674158,23878,218139683,43159685,43546028.0,43627936.6,43626352.932439536,44176448,44176448,43545898.0,279.0,6.52457253783923,6.536607614024121,6.524553059726785
job_movie_info_info,movie_info.info,utf8,StdSearch,static,full-scan,full-scan,prefix_japan_200,Japan:%200%,5,6674158,54763,218220260,43432590,43628928.0,43644052.0,43643784.77202026,43909239,43909239,43628539.0,179.0,6.536993580313801,6.539219479071368,6.5369352958081
job_movie_info_info,movie_info.info,utf8,LibcMemmem,static,prefix-btree,prefix-btree,prefix_usa_space_200,USA:% 200%,5,6674158,268914,219006109,43242037,43664677.0,43801221.8,43798753.85300656,44378035,44378035,30569005.0,13166210.0,6.542349911404555,6.562438737590569,32.663520594608684
job_movie_info_info,movie_info.info,utf8,StdSearch,static,qgram,full-scan,prefix_japan_201,Japan:%201%,5,6674158,23878,219092262,43413429,43695639.0,43818452.4,43816943.19848013,44494762,44494762,43695190.0,110.0,6.546988998462428,6.565164175016534,6.5469217240586755
job_movie_info_info,movie_info.info,utf8,StdSearch,static,qgram,full-scan,prefix_japan_200,Japan:%200%,5,6674158,54763,233877440,43528546,43938514.0,46775488.0,46438915.64397351,58648122,58648122,43938005.0,110.0,6.58337935661697,6.958018524583925,6.583303092315165
job_movie_info_info,movie_info.info,utf8,LibcMemmem,static,full-scan,full-scan,prefix_japan_201,Japan:%201%,5,6674158,23878,221623428,43844554,44268159.0,44324685.6,44323642.57868988,44756834,44756834,44268059.0,100.0,6.632770605670408,6.641083714230319,6.632755622506989
job_movie_info_info,movie_info.info,utf8,LibcMemmem,static,qgram,full-scan,prefix_japan_201,Japan:%201%,5,6674158,23878,223718620,43981912,44593749.0,44743724.0,44739060.140519835,45940944,45940944,44593339.0,110.0,6.681554287447195,6.703326472043365,6.681492856477177
job_movie_info_info,movie_info.info,utf8,TwoWay2,static,fm,fm,prefix_usa_200,USA:%200%,5,6674158,294734,223776989,43791135,44643165.0,44755397.8,44750692.03508762,45806609,45806609,24933579.0,19869459.0,6.68895836748246,6.705069313612294,26.64196859412999
job_movie_info_info,movie_info.info,utf8,TwoWay2,static,fm,fm,prefix_usa_201,USA:%201%,5,6674158,227707,222948605,43872103,44847019.0,44589721.0,44586756.970858134,45101781,45101781,25239383.0,19348658.0,6.71950214543917,6.680506514829286,26.968725557659347
job_movie_info_info,movie_info.info,utf8,PairHorspool,static,fm,fm,prefix_usa_200,USA:%200%,5,6674158,294734,225377623,43906844,44984380.0,45075524.6,45063519.36170367,46426155,46426155,23888460.0,20486155.0,6.740083168543507,6.75194069424188,25.52524052331719
job_movie_info_info,movie_info.info,utf8,NaiveAutoWildcard,static,fm,fm,prefix_usa_201,USA:%201%,5,6674158,227707,224711002,43852832,45077157.0,44942200.4,44936425.4405121,46033382,46033382,25833434.0,19122759.0,6.753984098069,6.732897992525799,27.603479520791215
job_movie_info_info,movie_info.info,utf8,LibcMemmem,static,full-scan,full-scan,prefix_japan_200,Japan:%200%,5,6674158,54763,234480509,44678722,45756050.0,46896101.8,46823360.8246343,51825435,51825435,45755941.0,109.0,6.855703745700956,7.015620547191121,6.855687414052829
job_movie_info_info,movie_info.info,utf8,LibcMemmem,static,prefix-btree,prefix-btree,prefix_usa_200,USA:%200%,5,6674158,294734,231931110,45878205,46290178.0,46386222.0,46383984.23914389,47019208,47019208,33082153.0,13013363.0,6.935733016809012,6.949788123086088,35.34886352465497
job_movie_info_info,movie_info.info,utf8,NaiveAutoWildcard,static,fm,fm,prefix_usa_200,USA:%200%,5,6674158,294734,231545422,45798312,46350414.0,46309084.4,46307663.400129035,46871593,46871593,26582927.0,19485756.0,6.94475827512624,6.93835282293287,28.40432600045305
job_movie_info_info,movie_info.info,utf8,LibcMemmem,static,qgram,full-scan,prefix_japan_200,Japan:%200%,5,6674158,54763,232782230,46117618,46369380.0,46556446.0,46554552.87776183,47296927,47296927,46369220.0,141.0,6.947599981900338,6.975344605267061,6.947576008838868
job_movie_info_info,movie_info.info,utf8,LibcMemmem,static,prefix-btree,prefix-btree,prefix_usa_201,USA:%201%,5,6674158,227707,239134401,46730347,47484034.0,47826880.2,47817821.528892554,49283446,49283446,33875694.0,13272055.0,7.114610412279721,7.164622263961986,36.19677606862447
job_movie_info_info,movie_info.info,utf8,StdSearch,static,fm,fm,prefix_usa_201,USA:%201%,5,6674158,227707,241702471,48002289,48063796.0,48340494.2,48338998.92861797,48880894,48880894,28709361.0,19730573.0,7.201477100182525,7.242711065575612,30.67645820600165
job_movie_info_info,movie_info.info,utf8,StdSearch,static,fm,fm,prefix_usa_200,USA:%200%,5,6674158,294734,243911575,47849381,48319400.0,48782315.0,48773955.33837215,50105746,50105746,29191337.0,19901127.0,7.239774665208705,7.307881383689148,31.191458056409182
job_movie_info_info,movie_info.info,utf8,PairHorspool,static,qgram,full-scan,prefix_usa_2008,USA:%2008%,5,6674158,45638,264230235,52059967,52711328.0,52846047.0,52842268.752705544,53757223,53757223,52711218.0,110.0,7.8978244147051955,7.917443368886382,7.897807933225435
job_movie_info_info,movie_info.info,utf8,LibcMemmem,static,fm,fm,prefix_usa_201,USA:%201%,5,6674158,227707,265030150,52329386,52864239.0,53006030.0,53004034.50425793,53540280,53540280,33844861.0,19028888.0,7.92073531972123,7.941681033023192,36.16383046471969
job_movie_info_info,movie_info.info,utf8,PairHorspool,static,qgram,full-scan,prefix_usa_space_199,USA:% 199%,5,6674158,78136,263772091,52158255,52969036.0,52754418.2,52752042.5025125,53462030,53462030,52968926.0,110.0,7.936437225489717,7.903924659859715,7.936420744009956
job_movie_info_info,movie_info.info,utf8,LibcMemmem,static,fm,fm,prefix_usa_200,USA:%200%,5,6674158,294734,267461858,53026653,53596951.0,53492371.6,53491809.855139926,53681509,53681509,33984484.0,19579194.0,8.0305187560738,8.014765158391516,36.313020100953544
job_movie_info_info,movie_info.info,utf8,PairHorspool,static,full-scan,full-scan,prefix_usa_2008,USA:%2008%,5,6674158,45638,275179932,52722415,53655713.0,55035986.4,54984802.00221434,58082662,58082662,53655584.0,129.0,8.039323162562228,8.238462739419713,8.039303834281418
job_movie_info_info,movie_info.info,utf8,PairHorspool,static,full-scan,full-scan,prefix_usa_space_199,USA:% 199%,5,6674158,78136,274492127,52759536,53722829.0,54898425.4,54847184.6647546,59327558,59327558,53722719.0,110.0,8.049379262522704,8.21784320958539,8.049362781042943
job_movie_info_info,movie_info.info,utf8,TwoWay2,static,qgram,full-scan,prefix_usa_2008,USA:%2008%,5,6674158,45638,271125499,53636893,54415611.0,54225099.8,54223907.34932807,54601613,54601613,54415501.0,110.0,8.15317992172196,8.124456598120691,8.1531634402422
job_movie_info_info,movie_info.info,utf8,TwoWay2,static,full-scan,full-scan,prefix_usa_2008,USA:%2008%,5,6674158,45638,273915149,53977493,55094465.0,54783029.8,54778833.611352794,55670075,55670075,55094064.0,110.0,8.254893725920184,8.207602067556687,8.254833643434873
job_movie_info_info,movie_info.info,utf8,PairHorspool,static,qgram,full-scan,prefix_usa_space_200,USA:% 200%,5,6674158,268914,276157305,54445874,55102983.0,55231461.0,55226066.61064222,56602632,56602632,55102873.0,110.0,8.256169991780236,8.274611718811572,8.256153510300475
job_movie_info_info,movie_info.info,utf8,NaiveAutoWildcard,static,full-scan,full-scan,prefix_usa_2008,USA:%2008%,5,6674158,45638,275001380,54039279,55108399.0,55000276.0,54997877.98691432,55567997,55567997,55108300.0,109.0,8.256981479911024,8.240421788036784,8.256966646579238
job_movie_info_info,movie_info.info,utf8,TwoWay2,static,qgram,full-scan,prefix_usa_space_199,USA:% 199%,5,6674158,78136,275451864,54234380,55132117.0,55090372.8,55087840.618163936,55777865,55777865,55131528.0,110.0,8.260535186610806,8.253901091343657,8.260446935778265
job_movie_info_info,movie_info.info,utf8,NaiveAutoWildcard,static,full-scan,full-scan,prefix_usa_space_199,USA:% 199%,5,6674158,78136,275248580,54167100,55173324.0,55049716.0,55046671.65066831,55663011,55663011,55172624.0,110.0,8.266709298760983,8.24773267279558,8.266604416617048
job_movie_info_info,movie_info.info,utf8,PairHorspool,static,full-scan,full-scan,prefix_usa_space_200,USA:% 200%,5,6674158,268914,278452605,54887254,55230146.0,55690521.0,55682121.27639077,57592686,57592686,55230036.0,110.0,8.275223031879078,8.342943184743303,8.275206550399316
job_movie_info_info,movie_info.info,utf8,NaiveAutoWildcard,static,qgram,full-scan,prefix_usa_space_199,USA:% 199%,5,6674158,78136,277621335,54752199,55412126.0,55524267.0,55521909.69602477,56279951,56279951,55412026.0,130.0,8.302489392669457,8.31893835896603,8.302474409506038
job_movie_info_info,movie_info.info,utf8,NaiveAutoWildcard,static,qgram,full-scan,prefix_usa_2008,USA:%2008%,5,6674158,45638,288854374,53990439,55490306.0,57770874.8,57559424.4893648,67965292,67965292,55490206.0,100.0,8.314203229830639,8.624222561108082,8.31418824666722
job_movie_info_info,movie_info.info,utf8,TwoWay2,static,qgram,full-scan,prefix_usa_space_200,USA:% 200%,5,6674158,268914,278914806,55220715,55607532.0,55782961.2,55781482.837742426,56299213,56299213,55607422.0,110.0,8.331767392980508,8.35783060574832,8.331750911500746
job_movie_info_info,movie_info.info,utf8,TwoWay2,static,full-scan,full-scan,prefix_usa_space_199,USA:% 199%,5,6674158,78136,279920864,54253920,56010794.0,55984172.8,55960405.192634895,58864980,58864980,56010694.0,110.0,8.392188797448307,8.384638931232974,8.392173814284888
job_movie_info_info,movie_info.info,utf8,NaiveAutoWildcard,static,qgram,full-scan,prefix_usa_space_200,USA:% 200%,5,6674158,268914,283306544,56156622,56625356.0,56661308.8,56659793.496213995,57154546,57154546,56625236.0,120.0,8.484269626221016,8.489429378207708,8.484251646424912
job_movie_info_info,movie_info.info,utf8,NaiveAutoWildcard,static,full-scan,full-scan,prefix_usa_space_200,USA:% 200%,5,6674158,268914,284563805,56298770,56992767.0,56912761.0,56911263.74071919,57473187,57473187,56992627.0,120.0,8.539319416771374,8.527107539258136,8.539298440342588
job_movie_info_info,movie_info.info,utf8,TwoWay2,static,full-scan,full-scan,prefix_usa_space_200,USA:% 200%,5,6674158,268914,284676673,55991878,57031334.0,56935334.6,56928687.526520275,58329725,58329725,57031204.0,110.0,8.545097973407282,8.529718205652308,8.545078495294836
job_movie_info_info,movie_info.info,utf8,StdSearch,static,full-scan,full-scan,prefix_usa_space_199,USA:% 199%,5,6674158,78136,305234025,60422118,60900944.0,61046805.0,61044907.745397896,61806386,61806386,60900834.0,110.0,9.124887963395533,9.14645817494881,9.124871481915772
job_movie_info_info,movie_info.info,utf8,StdSearch,static,qgram,full-scan,prefix_usa_space_199,USA:% 199%,5,6674158,78136,305317696,59835077,60968574.0,61063539.2,61055068.65190646,62907849,62907849,60968464.0,110.0,9.135021076815981,9.147980614183842,9.135004595336222
job_movie_info_info,movie_info.info,utf8,NaiveAutoWildcard,static,full-scan,full-scan,prefix_usa_201,USA:%201%,5,6674158,227707,309312259,61477792,61525087.0,61862451.8,61858721.042082086,63227682,63227682,61524977.0,110.0,9.21840432905544,9.268393256497674,9.218387847575679
job_movie_info_info,movie_info.info,utf8,PairHorspool,static,qgram,full-scan,prefix_usa_201,USA:%201%,5,6674158,227707,309361155,61462035,61684455.0,61872231.0,61870359.166028745,62765053,62765053,61684346.0,110.0,9.242282696933456,9.270136997056408,9.242266365285328
job_movie_info_info,movie_info.info,utf8,NaiveAutoWildcard,static,full-scan,full-scan,prefix_usa_200,USA:%200%,5,6674158,294734,308574410,61173285,61866526.0,61714882.0,61713845.13759833,62065576,62065576,61866417.0,109.0,9.269562692402546,9.246686248662378,9.26954636075442
job_movie_info_info,movie_info.info,utf8,NaiveAutoWildcard,static,qgram,full-scan,prefix_usa_201,USA:%201%,5,6674158,227707,318142577,61907672,62137972.0,63628515.4,63597155.19739142,66313777,66313777,62137813.0,139.0,9.310233890177608,9.528865663653752,9.310210066947771
job_movie_info_info,movie_info.info,utf8,PairHorspool,static,qgram,full-scan,prefix_usa_200,USA:%200%,5,6674158,294734,333282652,62143876,62272719.0,66656530.4,66164495.25434372,83810452,83810452,62272370.0,349.0,9.330423253390165,9.91353441138193,9.330370962149832
job_movie_info_info,movie_info.info,utf8,StdSearch,static,qgram,full-scan,prefix_usa_2008,USA:%2008%,5,6674158,45638,311419345,61275617,62320788.0,62283869.0,62281353.82543085,62898677,62898677,62320209.0,110.0,9.337625510214172,9.331716899719785,9.337538757697974
job_movie_info_info,movie_info.info,utf8,PairHorspool,static,full-scan,full-scan,prefix_usa_201,USA:%201%,5,6674158,227707,313732141,61410212,62345905.0,62746428.2,62738376.640290216,63930981,63930981,62345806.0,130.0,9.341388831370189,9.400193402673416,9.341373998038405
job_movie_info_info,movie_info.info,utf8,StdSearch,static,full-scan,full-scan,prefix_usa_space_200,USA:% 200%,5,6674158,268914,312835259,62027009,62503723.0,62567051.8,62565714.64084448,63282753,63282753,62503603.0,110.0,9.365034960215207,9.374323173050444,9.365016980419103
job_movie_info_info,movie_info.info,utf8,NaiveAutoWildcard,static,qgram,full-scan,prefix_usa_200,USA:%200%,5,6674158,294734,327891134,62168125,62600583.0,65578226.8,65463112.64301516,70922635,70922635,62600434.0,150.0,9.379547652303106,9.808445050296982,9.379525327389612
job_movie_info_info,movie_info.info,utf8,PairHorspool,static,full-scan,full-scan,prefix_usa_200,USA:%200%,5,6674158,294734,317012565,62498688,62830262.0,63402513.0,63396741.51009559,64616918,64616918,62830162.0,109.0,9.413960832212842,9.498837306518665,9.413945849049423
job_movie_info_info,movie_info.info,utf8,TwoWay2,static,qgram,full-scan,prefix_usa_200,USA:%200%,5,6674158,294734,316079315,62856957,63106462.0,63215863.0,63215132.888029814,63706380,63706380,63105972.0,121.0,9.455344329576855,9.47162653326457,9.4552709120761
job_movie_info_info,movie_info.info,utf8,StdSearch,static,qgram,full-scan,prefix_usa_space_200,USA:% 200%,5,6674158,268914,317224364,62137981,63188619.0,63444872.8,63438737.55718498,64716641,64716641,63188519.0,110.0,9.46765404714722,9.50512963582822,9.467639063983802
job_movie_info_info,movie_info.info,utf8,LibcMemmem,static,qgram,full-scan,prefix_usa_2008,USA:%2008%,5,6674158,45638,318740394,62980514,63249724.0,63748078.8,63743223.008977145,64920689,64920689,63249615.0,120.0,9.476809509154563,9.550751270797006,9.476793177506437
job_movie_info_info,movie_info.info,utf8,LibcMemmem,static,full-scan,full-scan,prefix_usa_2008,USA:%2008%,5,6674158,45638,318041014,62514714,63294946.0,63608202.8,63600788.36490632,64866357,64866357,63294846.0,109.0,9.483585195316023,9.529410001980775,9.483570212152603
job_movie_info_info,movie_info.info,utf8,LibcMemmem,static,qgram,full-scan,prefix_usa_space_199,USA:% 199%,5,6674158,78136,317909020,62859500,63514337.0,63581804.0,63580117.09318634,64119103,64119103,63514237.0,130.0,9.516456907373184,9.526312832270378,9.516441924209765
job_movie_info_info,movie_info.info,utf8,LibcMemmem,static,full-scan,full-scan,prefix_usa_space_199,USA:% 199%,5,6674158,78136,331089092,62727707,63642233.0,66217818.4,66055962.79147052,75311019,75311019,63642123.0,110.0,9.535619774059889,9.897272734628098,9.535603292580127
job_movie_info_info,movie_info.info,utf8,TwoWay2,static,full-scan,full-scan,prefix_usa_200,USA:%200%,5,6674158,294734,320495566,63222574,63655066.0,64099113.2,64092219.077737376,65789253,65789253,63654946.0,120.0,9.537542563421484,9.603041911803706,9.53752458362538
job_movie_info_info,movie_info.info,utf8,TwoWay2,static,full-scan,full-scan,prefix_usa_201,USA:%201%,5,6674158,227707,319483852,62993536,63941829.0,63896770.4,63894335.65736941,64748835,64748835,63941278.0,110.0,9.580508732337472,9.573392628703127,9.580426175107032
job_movie_info_info,movie_info.info,utf8,StdSearch,static,full-scan,full-scan,prefix_usa_2008,USA:%2008%,5,6674158,45638,373572942,61980131,64086817.0,74714588.4,73329122.91350292,99476843,99476843,64086707.0,120.0,9.602232521315797,10.987022183172769,9.602216039836037
job_movie_info_info,movie_info.info,utf8,TwoWay2,static,qgram,full-scan,prefix_usa_201,USA:%201%,5,6674158,227707,333159633,63236375,64393459.0,66631926.6,66548109.54866764,71649810,71649810,64393349.0,111.0,9.648177193287902,9.971011923901113,9.648160711808142
job_movie_info_info,movie_info.info,utf8,LibcMemmem,static,full-scan,full-scan,prefix_usa_space_200,USA:% 200%,5,6674158,268914,343869663,65787007,65965464.0,68773932.6,68555978.77714375,80154057,80154057,65965354.0,120.0,9.883713271396932,10.271854217415889,9.88369678991717
job_movie_info_info,movie_info.info,utf8,LibcMemmem,static,qgram,full-scan,prefix_usa_space_200,USA:% 200%,5,6674158,268914,331720540,65240415,66454916.0,66344108.0,66339615.31352726,67240248,67240248,66454786.0,120.0,9.957048664415796,9.939772927161748,9.957029186303352
job_movie_info_info,movie_info.info,utf8,StdSearch,static,qgram,full-scan,prefix_usa_201,USA:%201%,5,6674158,227707,338416145,67190757,67445351.0,67683229.0,67680680.33145578,68801059,68801059,67445242.0,110.0,10.1054471590274,10.140706887670325,10.105430827379275
job_movie_info_info,movie_info.info,utf8,StdSearch,static,full-scan,full-scan,prefix_usa_201,USA:%201%,5,6674158,227707,342424083,68115181,68390978.0,68484816.6,68484123.12767181,68854027,68854027,68390868.0,110.0,10.247131997774101,10.261088065340976,10.24711551629434
job_movie_info_info,movie_info.info,utf8,StdSearch,static,qgram,full-scan,prefix_usa_200,USA:%200%,5,6674158,294734,358120456,69235735,69853408.0,71624091.2,71566257.80553524,77132332,77132332,69852749.0,110.0,10.46625027456647,10.722889239361729,10.466151535519536
job_movie_info_info,movie_info.info,utf8,StdSearch,static,full-scan,full-scan,prefix_usa_200,USA:%200%,5,6674158,294734,351012190,69601729,70289690.0,70202438.0,70200871.05258411,70787279,70787279,70289580.0,110.0,10.53161911959531,10.518311223677953,10.53160263811555
job_movie_info_info,movie_info.info,utf8,LibcMemmem,static,qgram,full-scan,prefix_usa_200,USA:%200%,5,6674158,294734,368716272,72908689,73439177.0,73743254.4,73740074.70350103,74862537,74862537,73439067.0,110.0,11.003511903673841,11.04859579290751,11.00349542219408
job_movie_info_info,movie_info.info,utf8,LibcMemmem,static,full-scan,full-scan,prefix_usa_200,USA:%200%,5,6674158,294734,368577204,72245217,74120958.0,73715440.8,73710820.14904189,74624541,74624541,74120848.0,110.0,11.105664265065347,11.044212618280838,11.105647783585585
job_movie_info_info,movie_info.info,utf8,LibcMemmem,static,full-scan,full-scan,prefix_usa_201,USA:%201%,5,6674158,227707,373127357,74196493,74538972.0,74625471.4,74624444.19990815,75198774,75198774,74538872.0,110.0,11.168295985800755,11.18110239523847,11.168281002637336
job_movie_info_info,movie_info.info,utf8,LibcMemmem,static,qgram,full-scan,prefix_usa_201,USA:%201%,5,6674158,227707,387575785,75646499,75738993.0,77515157.0,77437538.00120454,84603834,84603834,75738894.0,109.0,11.348097093296262,11.60259286639603,11.348082259964478
