dataset,column,storage,algorithm,generic_matcher,requested_index,actual_index,pattern_name,pattern,runs,row_count,rows_matched,index_build_ns,index_size_bytes,sum_query_total_ns,min_query_total_ns,median_query_total_ns,mean_query_total_ns,geomean_query_total_ns,p90_query_total_ns,max_query_total_ns,median_execute_ns,median_candidate_prepare_ns,median_ns_per_table_row,geomean_ns_per_table_row,median_ns_per_candidate_row
DNA N-sparse 180bp reads,sequence,utf8,NaiveVectorized,static,qgram,qgram,n_many_short_ranges,%NACGNACGNACGNACG%,5,2048,66,2804042,615992,9418,1626,1834.0,1883.6,1869.3679238108564,2333,2333,1709.0,125.0,0.8955078125,0.91259765625,25.893939393939394
DNA N-sparse 180bp reads,sequence,utf8,NaiveAvx2,static,qgram,qgram,n_many_short_ranges,%NACGNACGNACGNACG%,5,2048,66,2804042,615992,9584,1667,1875.0,1916.8,1906.2822876102923,2292,2292,1709.0,167.0,0.91552734375,0.9306640625,25.893939393939394
DNA N-sparse 180bp reads,sequence,utf8,NaiveAvx2,static,qgram,qgram,n_multi_region_exact,%CGTANNNNACGTNNNNTACG%,5,2048,66,2804042,615992,9624,1709,1916.0,1924.8,1916.794749359014,2250,2250,1583.0,333.0,0.935546875,0.935546875,23.984848484848484
DNA N-sparse 180bp reads,sequence,utf8,NaiveVectorizedV2,static,qgram,qgram,n_many_short_ranges,%NACGNACGNACGNACG%,5,2048,66,2804042,615992,10249,1916,1959.0,2049.8,2044.4162646477218,2333,2333,1875.0,125.0,0.95654296875,0.998046875,28.40909090909091
DNA N-sparse 180bp reads,sequence,utf8,NaiveAvx2,static,qgram,qgram,n_suffix_exact,%TGCANNNNNNNNNNNACGT%,5,2048,80,2804042,615992,10500,2041,2042.0,2100.0,2097.8366705849535,2292,2292,1708.0,375.0,0.9970703125,1.02392578125,21.35
DNA N-sparse 180bp reads,sequence,utf8,NaiveVectorized,static,qgram,qgram,n_suffix_exact,%TGCANNNNNNNNNNNACGT%,5,2048,80,2804042,615992,10417,1958,2042.0,2083.4,2080.50801566242,2291,2291,1709.0,375.0,0.9970703125,1.015625,21.3625
DNA N-sparse 180bp reads,sequence,utf8,NaiveVectorizedV2,static,qgram,qgram,n_multi_region_exact,%CGTANNNNACGTNNNNTACG%,5,2048,66,2804042,615992,11209,2125,2250.0,2241.8,2239.6074653255882,2417,2417,1875.0,292.0,1.0986328125,1.09326171875,28.40909090909091
DNA N-sparse 180bp reads,sequence,utf8,NaiveVectorized,static,qgram,qgram,n_multi_region_exact,%CGTANNNNACGTNNNNTACG%,5,2048,66,2804042,615992,17666,2125,2292.0,3533.2,3020.2707091636653,8166,8166,1875.0,417.0,1.119140625,1.474609375,28.40909090909091
DNA N-sparse 180bp reads,sequence,utf8,NaiveAvx2,static,qgram,qgram,all_n_exact,%NNNNNNNNNNNNNNN%,5,2048,87,2804042,615992,13000,2333,2459.0,2600.0,2583.265345848063,3167,3167,2417.0,83.0,1.20068359375,1.26123046875,27.7816091954023
DNA N-sparse 180bp reads,sequence,utf8,NaiveVectorized,static,qgram,qgram,all_n_exact,%NNNNNNNNNNNNNNN%,5,2048,87,2804042,615992,13211,2417,2543.0,2642.2,2629.733492052729,3125,3125,2459.0,84.0,1.24169921875,1.28369140625,28.264367816091955
DNA N-sparse 180bp reads,sequence,utf8,NaiveVectorizedV2,static,qgram,qgram,n_suffix_exact,%TGCANNNNNNNNNNNACGT%,5,2048,80,2804042,615992,13294,2542,2584.0,2658.8,2655.485913295965,2917,2917,2209.0,375.0,1.26171875,1.29638671875,27.6125
DNA N-sparse 180bp reads,sequence,utf8,NaiveAvx2,static,qgram,qgram,n_prefix_exact,%NNNNNNNNNNNNNNNACGT%,5,2048,80,2804042,615992,13417,2375,2625.0,2683.4,2666.9411549580027,3250,3250,2208.0,417.0,1.28173828125,1.3017578125,27.6
DNA N-sparse 180bp reads,sequence,utf8,TwoWay,static,qgram,qgram,n_multi_region_exact,%CGTANNNNACGTNNNNTACG%,5,2048,66,2804042,615992,13457,2541,2666.0,2691.4,2686.746534299255,3000,3000,2333.0,333.0,1.3017578125,1.3115234375,35.34848484848485
DNA N-sparse 180bp reads,sequence,utf8,NaiveVectorizedV2,static,qgram,qgram,n_prefix_exact,%NNNNNNNNNNNNNNNACGT%,5,2048,80,2804042,615992,13875,2667,2791.0,2775.0,2773.4242794285706,2875,2875,2333.0,458.0,1.36279296875,1.35400390625,29.1625
DNA N-sparse 180bp reads,sequence,utf8,NaiveVectorizedV2,static,qgram,qgram,all_n_exact,%NNNNNNNNNNNNNNN%,5,2048,87,2804042,615992,14623,2708,2916.0,2924.6,2920.0013799553826,3208,3208,2791.0,83.0,1.423828125,1.42578125,32.08045977011494
DNA N-sparse 180bp reads,sequence,dna2,Dna2TwoWay,static,qgram,qgram,all_n_exact,%NNNNNNNNNNNNNNN%,5,2048,87,6226542,615992,14710,2876,2918.0,2942.0,2941.4658703380405,3042,3042,2834.0,84.0,1.4248046875,1.43603515625,32.57471264367816
DNA N-sparse 180bp reads,sequence,dna2,Dna2TwoWay,static,qgram,qgram,n_many_short_ranges,%NACGNACGNACGNACG%,5,2048,66,6226542,615992,14833,2833,2959.0,2966.6,2964.799219415107,3083,3083,2833.0,125.0,1.44482421875,1.447265625,42.92424242424242
DNA N-sparse 180bp reads,sequence,utf8,TwoWay,static,qgram,qgram,n_single_range_exact,%ACGTNNNNNNNNNNNTGCA%,5,2048,77,2804042,615992,15334,2958,3042.0,3066.8,3065.0456946869576,3208,3208,2792.0,250.0,1.4853515625,1.49658203125,36.25974025974026
DNA N-sparse 180bp reads,sequence,utf8,NaiveVectorized,static,qgram,qgram,n_prefix_exact,%NNNNNNNNNNNNNNNACGT%,5,2048,80,2804042,615992,15667,2417,3167.0,3133.4,3079.182509004988,4000,4000,2667.0,500.0,1.54638671875,1.50341796875,33.3375
DNA N-sparse 180bp reads,sequence,dna2,Dna2TwoWay,static,qgram,qgram,n_multi_region_exact,%CGTANNNNACGTNNNNTACG%,5,2048,66,6226542,615992,16334,3167,3208.0,3266.8,3264.663704191382,3501,3501,2875.0,333.0,1.56640625,1.59375,43.56060606060606
DNA N-sparse 180bp reads,sequence,dna2,Dna2TwoWay,static,qgram,qgram,n_suffix_exact,%TGCANNNNNNNNNNNACGT%,5,2048,80,6226542,615992,16416,3208,3250.0,3283.2,3282.424824919684,3417,3417,2875.0,375.0,1.5869140625,1.6025390625,35.9375
DNA N-sparse 180bp reads,sequence,dna2,Dna2TwoWay,static,qgram,qgram,n_single_range_exact,%ACGTNNNNNNNNNNNTGCA%,5,2048,77,6226542,615992,16625,3250,3250.0,3325.0,3323.520645212272,3500,3500,3000.0,250.0,1.5869140625,1.62255859375,38.96103896103896
DNA N-sparse 180bp reads,sequence,utf8,TwoWay,static,qgram,qgram,n_suffix_exact,%TGCANNNNNNNNNNNACGT%,5,2048,80,2804042,615992,16833,3000,3292.0,3366.6,3355.5649553261565,3833,3833,2917.0,375.0,1.607421875,1.63818359375,36.4625
DNA N-sparse 180bp reads,sequence,dna2,Dna2TwoWay,static,qgram,qgram,n_prefix_exact,%NNNNNNNNNNNNNNNACGT%,5,2048,80,6226542,615992,17499,3416,3458.0,3499.8,3498.256304438999,3708,3708,3083.0,375.0,1.6884765625,1.7080078125,38.5375
DNA N-sparse 180bp reads,sequence,utf8,TwoWay,static,qgram,qgram,n_many_short_ranges,%NACGNACGNACGNACG%,5,2048,66,2804042,615992,18374,3458,3667.0,3674.8,3669.757130636955,3999,3999,3542.0,125.0,1.79052734375,1.79150390625,53.666666666666664
DNA N-sparse 180bp reads,sequence,dna2,Dna2PackedNeon,static,qgram,qgram,n_many_short_ranges,%NACGNACGNACGNACG%,5,2048,66,6226542,615992,19001,3584,3792.0,3800.2,3795.723349284066,4084,4084,3667.0,125.0,1.8515625,1.85302734375,55.56060606060606
DNA N-sparse 180bp reads,sequence,dna2,Dna2PackedVectorized,static,qgram,qgram,n_single_range_with_underscore,%ACGTNNNNNNNNNNNTGCA_%,5,2048,77,6226542,615992,19166,3791,3792.0,3833.2,3832.8359840409266,3917,3917,3500.0,292.0,1.8515625,1.87109375,45.45454545454545
DNA N-sparse 180bp reads,sequence,dna2,Dna2PackedNeon,static,qgram,qgram,n_multi_region_exact,%CGTANNNNACGTNNNNTACG%,5,2048,66,6226542,615992,20833,3750,3834.0,4166.6,4134.759513907986,5166,5166,3458.0,500.0,1.8720703125,2.0185546875,52.39393939393939
DNA N-sparse 180bp reads,sequence,utf8,TwoWay,static,qgram,qgram,n_single_range_with_underscore,%ACGTNNNNNNNNNNNTGCA_%,5,2048,77,2804042,615992,19376,3750,3917.0,3875.2,3874.474224321875,3958,3958,3584.0,250.0,1.91259765625,1.8916015625,46.54545454545455
DNA N-sparse 180bp reads,sequence,dna2,Dna2PackedVectorized,static,qgram,qgram,n_single_range_exact,%ACGTNNNNNNNNNNNTGCA%,5,2048,77,6226542,615992,20166,3792,3958.0,4033.2,4024.6317572926064,4541,4541,3667.0,292.0,1.9326171875,1.96484375,47.62337662337662
DNA N-sparse 180bp reads,sequence,dna2,Dna2PackedVectorized,static,qgram,qgram,n_many_short_ranges,%NACGNACGNACGNACG%,5,2048,66,6226542,615992,19750,3750,3958.0,3950.0,3947.5937367030415,4167,4167,3792.0,167.0,1.9326171875,1.92724609375,57.45454545454545
DNA N-sparse 180bp reads,sequence,dna2,Dna2PackedNeon,static,qgram,qgram,n_single_range_with_underscore,%ACGTNNNNNNNNNNNTGCA_%,5,2048,77,6226542,615992,20332,3875,4041.0,4066.4,4062.593525796219,4374,4374,3750.0,292.0,1.97314453125,1.9833984375,48.701298701298704
DNA N-sparse 180bp reads,sequence,dna2,Dna2,static,qgram,qgram,n_many_short_ranges,%NACGNACGNACGNACG%,5,2048,66,6226542,615992,25874,3792,4125.0,5174.8,4789.368648106148,9875,9875,3750.0,167.0,2.01416015625,2.33837890625,56.81818181818182
DNA N-sparse 180bp reads,sequence,utf8,NaiveScalar,static,qgram,qgram,n_multi_region_exact,%CGTANNNNACGTNNNNTACG%,5,2048,66,2804042,615992,20916,4125,4166.0,4183.2,4182.736663605431,4292,4292,3834.0,333.0,2.0341796875,2.0419921875,58.09090909090909
DNA N-sparse 180bp reads,sequence,dna2,Dna2,static,qgram,qgram,n_multi_region_exact,%CGTANNNNACGTNNNNTACG%,5,2048,66,6226542,615992,21376,4001,4167.0,4275.2,4266.370119736804,4791,4791,3833.0,334.0,2.03466796875,2.0830078125,58.07575757575758
DNA N-sparse 180bp reads,sequence,dna2,Dna2PackedNeon,static,qgram,qgram,n_suffix_exact,%TGCANNNNNNNNNNNACGT%,5,2048,80,6226542,615992,21626,4125,4292.0,4325.2,4320.409468775018,4709,4709,3875.0,417.0,2.095703125,2.109375,48.4375
DNA N-sparse 180bp reads,sequence,dna2,Dna2PackedVectorized,static,qgram,qgram,n_multi_region_exact,%CGTANNNNACGTNNNNTACG%,5,2048,66,6226542,615992,22043,4084,4292.0,4408.6,4399.118558596337,4959,4959,3917.0,375.0,2.095703125,2.14794921875,59.34848484848485
DNA N-sparse 180bp reads,sequence,dna2,Dna2PackedVectorized,static,qgram,qgram,n_suffix_exact,%TGCANNNNNNNNNNNACGT%,5,2048,80,6226542,615992,21585,4042,4292.0,4317.0,4309.403284646495,4792,4792,3875.0,417.0,2.095703125,2.10400390625,48.4375
DNA N-sparse 180bp reads,sequence,dna2,Dna2TwoWay,static,qgram,qgram,n_interleaved_exact,%ANANANANANANANANANA%,5,2048,70,6226542,615992,21793,4251,4375.0,4358.6,4358.080401014306,4458,4458,4209.0,125.0,2.13623046875,2.1279296875,56.12
DNA N-sparse 180bp reads,sequence,utf8,StdSearch,static,qgram,qgram,all_n_exact,%NNNNNNNNNNNNNNN%,5,2048,87,2804042,615992,22749,4250,4541.0,4549.8,4544.709334570116,4917,4917,4375.0,83.0,2.21728515625,2.21875,50.28735632183908
DNA N-sparse 180bp reads,sequence,utf8,TwoWay,static,qgram,qgram,n_prefix_exact,%NNNNNNNNNNNNNNNACGT%,5,2048,80,2804042,615992,21958,3792,4541.0,4391.6,4380.520237248609,4584,4584,4000.0,541.0,2.21728515625,2.138671875,50.0
DNA N-sparse 180bp reads,sequence,dna2,Dna2PackedVectorized,static,qgram,qgram,n_prefix_exact,%NNNNNNNNNNNNNNNACGT%,5,2048,80,6226542,615992,23249,4458,4542.0,4649.8,4644.048690083114,5083,5083,4167.0,416.0,2.2177734375,2.267578125,52.0875
DNA N-sparse 180bp reads,sequence,dna2,Dna2PackedNeon,static,qgram,qgram,n_single_range_exact,%ACGTNNNNNNNNNNNTGCA%,5,2048,77,6226542,615992,23249,4292,4625.0,4649.8,4637.0993497324835,5291,5291,4333.0,292.0,2.25830078125,2.26416015625,56.27272727272727
DNA N-sparse 180bp reads,sequence,utf8,NaiveScalar,static,qgram,qgram,n_many_short_ranges,%NACGNACGNACGNACG%,5,2048,66,2804042,615992,23541,4417,4625.0,4708.2,4701.618656215668,5166,5166,4500.0,125.0,2.25830078125,2.29541015625,68.18181818181819
DNA N-sparse 180bp reads,sequence,dna2,Dna2PackedAvx2,static,qgram,qgram,n_many_short_ranges,%NACGNACGNACGNACG%,5,2048,66,6226542,615992,30876,4542,4833.0,6175.2,5702.360047345131,11875,11875,4667.0,125.0,2.35986328125,2.7841796875,70.71212121212122
DNA N-sparse 180bp reads,sequence,dna2,Dna2PackedNeon,static,qgram,qgram,n_prefix_exact,%NNNNNNNNNNNNNNNACGT%,5,2048,80,6226542,615992,25249,4750,4958.0,5049.8,5044.405543907282,5416,5416,4500.0,458.0,2.4208984375,2.462890625,56.25
DNA N-sparse 180bp reads,sequence,dna2,Dna2PackedScalar,static,qgram,qgram,n_multi_region_exact,%CGTANNNNACGTNNNNTACG%,5,2048,66,6226542,615992,25625,4875,5041.0,5125.0,5118.163202699846,5584,5584,4708.0,333.0,2.46142578125,2.4990234375,71.33333333333333
DNA N-sparse 180bp reads,sequence,dna2,Dna2,static,qgram,qgram,n_prefix_exact,%NNNNNNNNNNNNNNNACGT%,5,2048,80,6226542,615992,29042,4750,5042.0,5808.4,5635.951908614678,8875,8875,4584.0,458.0,2.4619140625,2.75146484375,57.3
DNA N-sparse 180bp reads,sequence,utf8,NaiveScalar,static,qgram,qgram,n_suffix_exact,%TGCANNNNNNNNNNNACGT%,5,2048,80,2804042,615992,25790,4958,5083.0,5158.0,5153.48770761091,5583,5583,4666.0,416.0,2.48193359375,2.51611328125,58.325
DNA N-sparse 180bp reads,sequence,dna2,Dna2PackedScalar,static,qgram,qgram,n_many_short_ranges,%NACGNACGNACGNACG%,5,2048,66,6226542,615992,26376,5125,5250.0,5275.2,5272.94589519669,5542,5542,5125.0,125.0,2.5634765625,2.57421875,77.65151515151516
DNA N-sparse 180bp reads,sequence,dna2,Dna2PackedAvx2,static,qgram,qgram,n_single_range_with_underscore,%ACGTNNNNNNNNNNNTGCA_%,5,2048,77,6226542,615992,27043,5333,5334.0,5408.6,5407.68404918872,5584,5584,5125.0,209.0,2.6044921875,2.64013671875,66.55844155844156
DNA N-sparse 180bp reads,sequence,utf8,TwoWay,static,qgram,qgram,n_interleaved_with_underscore,%ANANANANANANANANANA_%,5,2048,70,2804042,615992,27000,5250,5375.0,5400.0,5398.930207291085,5542,5542,5250.0,125.0,2.62451171875,2.6357421875,70.0
DNA N-sparse 180bp reads,sequence,dna2,Dna2TwoWay,static,qgram,qgram,n_single_range_with_underscore,%ACGTNNNNNNNNNNNTGCA_%,5,2048,77,6226542,615992,27458,5375,5458.0,5491.6,5490.393830734408,5708,5708,5167.0,291.0,2.6650390625,2.6806640625,67.1038961038961
DNA N-sparse 180bp reads,sequence,utf8,NaiveScalar,static,qgram,qgram,n_prefix_exact,%NNNNNNNNNNNNNNNACGT%,5,2048,80,2804042,615992,27837,5293,5458.0,5567.4,5561.8886207530595,5959,5959,5125.0,334.0,2.6650390625,2.71533203125,64.0625
DNA N-sparse 180bp reads,sequence,utf8,TwoWay,static,qgram,qgram,all_n_exact,%NNNNNNNNNNNNNNN%,5,2048,87,2804042,615992,27667,5416,5500.0,5533.4,5531.844070355455,5791,5791,5375.0,84.0,2.685546875,2.70068359375,61.7816091954023
DNA N-sparse 180bp reads,sequence,utf8,TwoWay,static,qgram,qgram,n_interleaved_exact,%ANANANANANANANANANA%,5,2048,70,2804042,615992,27708,5292,5500.0,5541.6,5538.323388094504,5875,5875,5375.0,167.0,2.685546875,2.7041015625,71.66666666666667
DNA N-sparse 180bp reads,sequence,utf8,NaiveVectorizedV2,static,qgram,qgram,all_n_with_underscore,%NNNNNNNNNNNNNNN_NNNNNNNNNNNNNNN%,5,2048,1,2804042,615992,28417,5417,5667.0,5683.4,5679.847521436121,6000,6000,5583.0,83.0,2.76708984375,2.77294921875,64.17241379310344
DNA N-sparse 180bp reads,sequence,utf8,NaiveScalar,static,qgram,qgram,all_n_exact,%NNNNNNNNNNNNNNN%,5,2048,87,2804042,615992,29123,5166,5833.0,5824.6,5804.516236557471,6541,6541,5750.0,83.0,2.84814453125,2.833984375,66.0919540229885
DNA N-sparse 180bp reads,sequence,dna2,Dna2PackedScalar,static,qgram,qgram,n_suffix_exact,%TGCANNNNNNNNNNNACGT%,5,2048,80,6226542,615992,29624,5666,5916.0,5924.8,5921.304554669552,6292,6292,5500.0,375.0,2.888671875,2.89111328125,68.75
DNA N-sparse 180bp reads,sequence,dna2,Dna2TwoWay,static,qgram,qgram,n_interleaved_with_underscore,%ANANANANANANANANANA_%,5,2048,70,6226542,615992,30293,6000,6083.0,6058.6,6058.507358510729,6084,6084,5958.0,125.0,2.97021484375,2.9580078125,79.44
DNA N-sparse 180bp reads,sequence,dna2,Dna2PackedAvx2,static,qgram,qgram,n_single_range_exact,%ACGTNNNNNNNNNNNTGCA%,5,2048,77,6226542,615992,31667,6000,6250.0,6333.4,6322.713446648247,7042,7042,5958.0,333.0,3.0517578125,3.0869140625,77.37662337662337
DNA N-sparse 180bp reads,sequence,dna2,Dna2PackedScalar,static,qgram,qgram,n_single_range_with_underscore,%ACGTNNNNNNNNNNNTGCA_%,5,2048,77,6226542,615992,31249,6208,6250.0,6249.8,6249.634050777924,6333,6333,5917.0,333.0,3.0517578125,3.05126953125,76.84415584415585
DNA N-sparse 180bp reads,sequence,dna2,Dna2PackedScalar,static,qgram,qgram,n_single_range_exact,%ACGTNNNNNNNNNNNTGCA%,5,2048,77,6226542,615992,32419,6250,6251.0,6483.8,6476.815145605695,7000,7000,5959.0,292.0,3.05224609375,3.162109375,77.3896103896104
DNA N-sparse 180bp reads,sequence,dna2,Dna2PackedScalar,static,qgram,qgram,n_prefix_exact,%NNNNNNNNNNNNNNNACGT%,5,2048,80,6226542,615992,34750,6292,6541.0,6950.0,6893.847241754872,8792,8792,6208.0,459.0,3.19384765625,3.36572265625,77.6
DNA N-sparse 180bp reads,sequence,dna2,Dna2PackedAvx2,static,qgram,qgram,n_suffix_exact,%TGCANNNNNNNNNNNACGT%,5,2048,80,6226542,615992,33541,6333,6666.0,6708.2,6698.4531905418635,7375,7375,6208.0,459.0,3.2548828125,3.2705078125,77.6
DNA N-sparse 180bp reads,sequence,utf8,NaiveScalar,static,qgram,qgram,n_single_range_exact,%ACGTNNNNNNNNNNNTGCA%,5,2048,77,2804042,615992,33916,6583,6708.0,6783.2,6780.604480784617,7125,7125,6458.0,250.0,3.275390625,3.310546875,83.87012987012987
DNA N-sparse 180bp reads,sequence,dna2,Dna2PackedAvx2,static,qgram,qgram,n_multi_region_exact,%CGTANNNNACGTNNNNTACG%,5,2048,66,6226542,615992,33789,6041,6792.0,6757.8,6746.5182531097735,7124,7124,6375.0,458.0,3.31640625,3.2939453125,96.5909090909091
DNA N-sparse 180bp reads,sequence,utf8,NaiveScalar,static,qgram,qgram,n_interleaved_exact,%ANANANANANANANANANA%,5,2048,70,2804042,615992,35248,6958,7000.0,7049.6,7049.041956634667,7208,7208,6875.0,166.0,3.41796875,3.44189453125,91.66666666666667
DNA N-sparse 180bp reads,sequence,utf8,NaiveAvx2,static,qgram,qgram,all_n_with_underscore,%NNNNNNNNNNNNNNN_NNNNNNNNNNNNNNN%,5,2048,1,2804042,615992,38209,7292,7541.0,7641.8,7635.933953365357,8125,8125,7458.0,84.0,3.68212890625,3.72802734375,85.72413793103448
DNA N-sparse 180bp reads,sequence,utf8,NaiveVectorized,static,qgram,qgram,all_n_with_underscore,%NNNNNNNNNNNNNNN_NNNNNNNNNNNNNNN%,5,2048,1,2804042,615992,39252,7500,7750.0,7850.4,7841.972463187971,8542,8542,7667.0,84.0,3.7841796875,3.82861328125,88.1264367816092
DNA N-sparse 180bp reads,sequence,dna2,Dna2PackedAvx2,static,qgram,qgram,n_prefix_exact,%NNNNNNNNNNNNNNNACGT%,5,2048,80,6226542,615992,47248,7041,7833.0,9449.6,9093.687448886913,14166,14166,7042.0,500.0,3.82470703125,4.43994140625,88.025
DNA N-sparse 180bp reads,sequence,utf8,NaiveScalar,static,qgram,qgram,n_single_range_with_underscore,%ACGTNNNNNNNNNNNTGCA_%,5,2048,77,2804042,615992,39917,7791,7958.0,7983.4,7981.694781830016,8292,8292,7709.0,250.0,3.8857421875,3.89697265625,100.11688311688312
DNA N-sparse 180bp reads,sequence,utf8,NaiveVectorizedV2,static,qgram,qgram,n_single_range_exact,%ACGTNNNNNNNNNNNTGCA%,5,2048,77,2804042,615992,40249,7583,8000.0,8049.8,8040.2127724028005,8500,8500,7666.0,292.0,3.90625,3.92578125,99.55844155844156
DNA N-sparse 180bp reads,sequence,dna2,Dna2,static,qgram,qgram,n_suffix_exact,%TGCANNNNNNNNNNNACGT%,5,2048,80,6226542,615992,40792,7833,8084.0,8158.4,8151.358253603551,8750,8750,7417.0,708.0,3.947265625,3.97998046875,92.7125
DNA N-sparse 180bp reads,sequence,dna2,Dna2,static,qgram,qgram,n_single_range_with_underscore,%ACGTNNNNNNNNNNNTGCA_%,5,2048,77,6226542,615992,41335,8125,8126.0,8267.0,8265.106611578116,8542,8542,7584.0,542.0,3.9677734375,4.03564453125,98.49350649350649
DNA N-sparse 180bp reads,sequence,utf8,StdSearch,static,qgram,qgram,all_n_with_underscore,%NNNNNNNNNNNNNNN_NNNNNNNNNNNNNNN%,5,2048,1,2804042,615992,42333,8333,8417.0,8466.6,8465.853119864101,8666,8666,8334.0,83.0,4.10986328125,4.13330078125,95.79310344827586
DNA N-sparse 180bp reads,sequence,dna2,Dna2,static,qgram,qgram,n_single_range_exact,%ACGTNNNNNNNNNNNTGCA%,5,2048,77,6226542,615992,43124,8208,8583.0,8624.8,8618.746496631504,9208,9208,7917.0,625.0,4.19091796875,4.2080078125,102.81818181818181
DNA N-sparse 180bp reads,sequence,utf8,StdSearch,static,qgram,qgram,n_many_short_ranges,%NACGNACGNACGNACG%,5,2048,66,2804042,615992,44292,8668,8833.0,8858.4,8856.821600428546,9125,9125,8708.0,125.0,4.31298828125,4.32421875,131.93939393939394
DNA N-sparse 180bp reads,sequence,utf8,NaiveVectorizedV2,static,qgram,qgram,n_interleaved_exact,%ANANANANANANANANANA%,5,2048,70,2804042,615992,45876,8791,9000.0,9175.2,9168.739860546328,9793,9793,8875.0,209.0,4.39453125,4.4765625,118.33333333333333
DNA N-sparse 180bp reads,sequence,utf8,NaiveVectorizedV2,static,qgram,qgram,n_single_range_with_underscore,%ACGTNNNNNNNNNNNTGCA_%,5,2048,77,2804042,615992,45542,8709,9083.0,9108.4,9103.161117159107,9667,9667,8750.0,333.0,4.43505859375,4.44482421875,113.63636363636364
DNA N-sparse 180bp reads,sequence,utf8,TwoWay,static,qgram,qgram,all_n_with_underscore,%NNNNNNNNNNNNNNN_NNNNNNNNNNNNNNN%,5,2048,1,2804042,615992,47123,9249,9416.0,9424.6,9423.4072345125,9666,9666,9333.0,83.0,4.59765625,4.60107421875,107.27586206896552
DNA N-sparse 180bp reads,sequence,utf8,NaiveVectorized,static,qgram,qgram,n_single_range_exact,%ACGTNNNNNNNNNNNTGCA%,5,2048,77,2804042,615992,47918,9333,9583.0,9583.6,9581.61263178803,9875,9875,9375.0,250.0,4.67919921875,4.67822265625,121.75324675324676
DNA N-sparse 180bp reads,sequence,utf8,NaiveVectorized,static,qgram,qgram,n_interleaved_exact,%ANANANANANANANANANA%,5,2048,70,2804042,615992,48791,9583,9708.0,9758.2,9755.980352974972,10167,10167,9500.0,167.0,4.740234375,4.76318359375,126.66666666666667
DNA N-sparse 180bp reads,sequence,utf8,NaiveVectorizedV2,static,qgram,qgram,n_interleaved_with_underscore,%ANANANANANANANANANA_%,5,2048,70,2804042,615992,48500,9458,9750.0,9700.0,9697.946570347043,10000,10000,9583.0,167.0,4.7607421875,4.73486328125,127.77333333333333
DNA N-sparse 180bp reads,sequence,utf8,NaiveAvx2,static,qgram,qgram,n_interleaved_exact,%ANANANANANANANANANA%,5,2048,70,2804042,615992,49752,9834,9876.0,9950.4,9949.76280679204,10125,10125,9792.0,125.0,4.822265625,4.85791015625,130.56
DNA N-sparse 180bp reads,sequence,utf8,StdSearch,static,qgram,qgram,n_suffix_exact,%TGCANNNNNNNNNNNACGT%,5,2048,80,2804042,615992,49457,9708,9916.0,9891.4,9890.816258849372,10041,10041,9500.0,375.0,4.841796875,4.8291015625,118.75
DNA N-sparse 180bp reads,sequence,utf8,NaiveVectorized,static,qgram,qgram,n_single_range_with_underscore,%ACGTNNNNNNNNNNNTGCA_%,5,2048,77,2804042,615992,50126,9833,9917.0,10025.2,10022.959442382777,10417,10417,9667.0,250.0,4.84228515625,4.8935546875,125.54545454545455
DNA N-sparse 180bp reads,sequence,utf8,NaiveVectorized,static,qgram,qgram,n_interleaved_with_underscore,%ANANANANANANANANANA_%,5,2048,70,2804042,615992,51042,10167,10167.0,10208.4,10208.26611236063,10291,10291,10000.0,167.0,4.96435546875,4.984375,133.33333333333334
DNA N-sparse 180bp reads,sequence,utf8,NaiveScalar,static,qgram,qgram,n_interleaved_with_underscore,%ANANANANANANANANANA_%,5,2048,70,2804042,615992,51626,9167,10209.0,10325.2,10270.975468964105,11958,11958,10042.0,167.0,4.98486328125,5.0146484375,133.89333333333335
DNA N-sparse 180bp reads,sequence,utf8,NaiveAvx2,static,qgram,qgram,n_interleaved_with_underscore,%ANANANANANANANANANA_%,5,2048,70,2804042,615992,51623,10208,10291.0,10324.6,10324.150081954758,10500,10500,10166.0,125.0,5.02490234375,5.041015625,135.54666666666665
DNA N-sparse 180bp reads,sequence,utf8,StdSearch,static,qgram,qgram,n_single_range_exact,%ACGTNNNNNNNNNNNTGCA%,5,2048,77,2804042,615992,53083,10375,10625.0,10616.6,10615.600719701584,10834,10834,10375.0,291.0,5.18798828125,5.18310546875,134.74025974025975
DNA N-sparse 180bp reads,sequence,utf8,StdSearch,static,qgram,qgram,n_single_range_with_underscore,%ACGTNNNNNNNNNNNTGCA_%,5,2048,77,2804042,615992,53834,10584,10750.0,10766.8,10766.076232573727,10958,10958,10500.0,250.0,5.2490234375,5.2568359375,136.36363636363637
DNA N-sparse 180bp reads,sequence,utf8,NaiveAvx2,static,qgram,qgram,n_single_range_exact,%ACGTNNNNNNNNNNNTGCA%,5,2048,77,2804042,615992,54416,10708,10875.0,10883.2,10882.017130619282,11166,11166,10583.0,334.0,5.31005859375,5.3134765625,137.44155844155844
DNA N-sparse 180bp reads,sequence,utf8,StdSearch,static,qgram,qgram,n_multi_region_exact,%CGTANNNNACGTNNNNTACG%,5,2048,66,2804042,615992,54792,10792,10917.0,10958.4,10957.45177367234,11167,11167,10542.0,375.0,5.33056640625,5.35009765625,159.72727272727272
DNA N-sparse 180bp reads,sequence,utf8,NaiveAvx2,static,qgram,qgram,n_single_range_with_underscore,%ACGTNNNNNNNNNNNTGCA_%,5,2048,77,2804042,615992,65167,11417,11459.0,13033.4,12733.006715708361,19208,19208,11125.0,334.0,5.59521484375,6.21728515625,144.4805194805195
DNA N-sparse 180bp reads,sequence,utf8,StdSearch,static,qgram,qgram,n_prefix_exact,%NNNNNNNNNNNNNNNACGT%,5,2048,80,2804042,615992,61667,12083,12417.0,12333.4,12332.127822134598,12542,12542,12000.0,417.0,6.06298828125,6.021484375,150.0
DNA N-sparse 180bp reads,sequence,utf8,StdSearch,static,qgram,qgram,n_interleaved_exact,%ANANANANANANANANANA%,5,2048,70,2804042,615992,63416,12375,12666.0,12683.2,12681.186834682747,13042,13042,12416.0,167.0,6.1845703125,6.19189453125,165.54666666666665
DNA N-sparse 180bp reads,sequence,utf8,StdSearch,static,qgram,qgram,n_interleaved_with_underscore,%ANANANANANANANANANA_%,5,2048,70,2804042,615992,67000,13125,13417.0,13400.0,13398.585970350694,13666,13666,13250.0,125.0,6.55126953125,6.5419921875,176.66666666666666
DNA N-sparse 180bp reads,sequence,utf8,NaiveScalar,static,qgram,qgram,all_n_with_underscore,%NNNNNNNNNNNNNNN_NNNNNNNNNNNNNNN%,5,2048,1,2804042,615992,70959,13709,14167.0,14191.8,14184.735243010367,15000,15000,14083.0,83.0,6.91748046875,6.92578125,161.8735632183908
DNA N-sparse 180bp reads,sequence,dna2,Dna2TwoWay,static,qgram,qgram,all_n_with_underscore,%NNNNNNNNNNNNNNN_NNNNNNNNNNNNNNN%,5,2048,1,6226542,615992,89456,17749,17791.0,17891.2,17890.432507896687,18167,18167,17666.0,84.0,8.68701171875,8.7353515625,203.05747126436782
DNA N-sparse 180bp reads,sequence,utf8,NaiveAvx2,static,qgram,qgram,no_n_exact_tgca,%TGCATGCATGCATGC%,5,2048,768,2804042,615992,99667,19875,19958.0,19933.4,19933.337192755433,20000,20000,19667.0,250.0,9.7451171875,9.73291015625,25.608072916666668
DNA N-sparse 180bp reads,sequence,utf8,NaiveVectorized,static,qgram,qgram,no_n_exact_tgca,%TGCATGCATGCATGC%,5,2048,768,2804042,615992,122458,23375,23583.0,24491.6,24450.101987078986,27166,27166,23333.0,292.0,11.51513671875,11.9384765625,30.381510416666668
DNA N-sparse 180bp reads,sequence,utf8,NaiveVectorizedV2,static,qgram,qgram,no_n_exact_tgca,%TGCATGCATGCATGC%,5,2048,768,2804042,615992,120208,23917,23958.0,24041.6,24041.011608481887,24375,24375,23791.0,208.0,11.6982421875,11.73876953125,30.977864583333332
DNA N-sparse 180bp reads,sequence,dna2,Dna2PackedVectorized,static,qgram,qgram,no_n_exact_tgca,%TGCATGCATGCATGC%,5,2048,768,6226542,615992,134959,24542,26542.0,26991.8,26854.756318170894,32375,32375,26375.0,208.0,12.9599609375,13.1123046875,34.342447916666664
DNA N-sparse 180bp reads,sequence,dna2,Dna2PackedNeon,static,qgram,qgram,no_n_with_underscore,%ACGTACGTACGTACG_%,5,2048,768,6226542,615992,133208,26500,26667.0,26641.6,26641.448635365214,26750,26750,26500.0,167.0,13.02099609375,13.00830078125,34.505208333333336
DNA N-sparse 180bp reads,sequence,dna2,Dna2PackedNeon,static,qgram,qgram,no_n_exact_tgca,%TGCATGCATGCATGC%,5,2048,768,6226542,615992,134124,26709,26791.0,26824.8,26824.60268696519,26999,26999,26584.0,208.0,13.08154296875,13.09765625,34.614583333333336
DNA N-sparse 180bp reads,sequence,dna2,Dna2PackedVectorized,static,qgram,qgram,no_n_exact_acgt,%ACGTACGTACGTACG%,5,2048,768,6226542,615992,135708,27000,27042.0,27141.6,27140.85758724256,27541,27541,26875.0,208.0,13.2041015625,13.251953125,34.993489583333336
DNA N-sparse 180bp reads,sequence,dna2,Dna2PackedVectorized,static,qgram,qgram,no_n_with_underscore,%ACGTACGTACGTACG_%,5,2048,768,6226542,615992,137834,26292,27167.0,27566.8,27537.1414235706,30084,30084,27000.0,167.0,13.26513671875,13.44580078125,35.15625
DNA N-sparse 180bp reads,sequence,dna2,Dna2PackedNeon,static,qgram,qgram,no_n_exact_acgt,%ACGTACGTACGTACG%,5,2048,768,6226542,615992,138000,24417,27417.0,27600.0,27396.632211390624,33874,33874,27042.0,209.0,13.38720703125,13.376953125,35.2109375
DNA N-sparse 180bp reads,sequence,dna2,Dna2PackedScalar,static,qgram,qgram,all_n_exact,%NNNNNNNNNNNNNNN%,5,2048,87,6226542,615992,142583,28250,28416.0,28516.6,28515.12900551239,29084,29084,28333.0,83.0,13.875,13.92333984375,325.6666666666667
DNA N-sparse 180bp reads,sequence,utf8,NaiveVectorizedV2,static,qgram,qgram,no_n_exact_acgt,%ACGTACGTACGTACG%,5,2048,768,2804042,615992,144833,28875,29000.0,28966.6,28966.487599176322,29083,29083,28708.0,250.0,14.16015625,14.1435546875,37.380208333333336
DNA N-sparse 180bp reads,sequence,utf8,TwoWay,static,qgram,qgram,no_n_exact_tgca,%TGCATGCATGCATGC%,5,2048,768,2804042,615992,168583,31874,33042.0,33716.6,33671.51822459163,36125,36125,32792.0,250.0,16.1337890625,16.44091796875,42.697916666666664
DNA N-sparse 180bp reads,sequence,utf8,NaiveVectorizedV2,static,qgram,qgram,no_n_with_underscore,%ACGTACGTACGTACG_%,5,2048,768,2804042,615992,187499,35875,38250.0,37499.8,37484.579170201054,38416,38416,38042.0,209.0,18.6767578125,18.302734375,49.533854166666664
DNA N-sparse 180bp reads,sequence,dna2,Dna2,static,qgram,qgram,all_n_exact,%NNNNNNNNNNNNNNN%,5,2048,87,6226542,615992,205166,38166,39667.0,41033.2,40864.26004277435,48625,48625,39500.0,125.0,19.36865234375,19.953125,454.02298850574715
DNA N-sparse 180bp reads,sequence,dna2,Dna2PackedVectorized,static,qgram,qgram,all_n_exact,%NNNNNNNNNNNNNNN%,5,2048,87,6226542,615992,205876,35750,41250.0,41175.2,40900.70890585774,47126,47126,41083.0,125.0,20.1416015625,19.970703125,472.2183908045977
DNA N-sparse 180bp reads,sequence,dna2,Dna2PackedAvx2,static,qgram,qgram,all_n_exact,%NNNNNNNNNNNNNNN%,5,2048,87,6226542,615992,216418,41291,41626.0,43283.6,43213.485460297736,47876,47876,41542.0,84.0,20.3251953125,21.10009765625,477.4942528735632
DNA N-sparse 180bp reads,sequence,dna2,Dna2,static,qgram,qgram,no_n_exact_tgca,%TGCATGCATGCATGC%,5,2048,768,6226542,615992,214417,41542,41792.0,42883.4,42858.3736908099,45125,45125,41417.0,375.0,20.40625,20.9267578125,53.928385416666664
DNA N-sparse 180bp reads,sequence,dna2,Dna2,static,qgram,qgram,no_n_with_underscore,%ACGTACGTACGTACG_%,5,2048,768,6226542,615992,211541,41750,41792.0,42308.2,42298.081286143075,44167,44167,41541.0,292.0,20.40625,20.6533203125,54.08984375
DNA N-sparse 180bp reads,sequence,dna2,Dna2PackedScalar,static,qgram,qgram,no_n_with_underscore,%ACGTACGTACGTACG_%,5,2048,768,6226542,615992,217875,42000,42250.0,43575.0,43533.45991812868,46916,46916,42084.0,166.0,20.6298828125,21.25634765625,54.796875
DNA N-sparse 180bp reads,sequence,dna2,Dna2PackedScalar,static,qgram,qgram,no_n_exact_tgca,%TGCATGCATGCATGC%,5,2048,768,6226542,615992,217374,42374,42458.0,43474.8,43428.38516448197,47584,47584,42333.0,167.0,20.7314453125,21.205078125,55.12109375
DNA N-sparse 180bp reads,sequence,dna2,Dna2TwoWay,static,full-scan,full-scan,n_suffix_exact,%TGCANNNNNNNNNNNACGT%,5,2048,80,0,0,222500,41083,43250.0,44500.0,44398.53849034891,49417,49417,43250.0,0.0,21.1181640625,21.6787109375,21.1181640625
DNA N-sparse 180bp reads,sequence,dna2,Dna2PackedNeon,static,qgram,qgram,all_n_exact,%NNNNNNNNNNNNNNN%,5,2048,87,6226542,615992,219707,43458,44125.0,43941.4,43940.42866492733,44208,44208,44042.0,83.0,21.54541015625,21.455078125,506.2298850574713
DNA N-sparse 180bp reads,sequence,utf8,TwoWay,static,qgram,qgram,no_n_exact_acgt,%ACGTACGTACGTACG%,5,2048,768,2804042,615992,223249,42416,44500.0,44649.8,44620.46507345423,47500,47500,44125.0,292.0,21.728515625,21.787109375,57.454427083333336
DNA N-sparse 180bp reads,sequence,dna2,Dna2TwoWay,static,full-scan,full-scan,n_single_range_exact,%ACGTNNNNNNNNNNNTGCA%,5,2048,77,0,0,223999,44000,44541.0,44799.8,44793.15472281616,46000,46000,44541.0,0.0,21.74853515625,21.87158203125,21.74853515625
DNA N-sparse 180bp reads,sequence,dna2,Dna2PackedAvx2,static,qgram,qgram,no_n_exact_acgt,%ACGTACGTACGTACG%,5,2048,768,6226542,615992,223959,41209,46041.0,44791.8,44749.770861870515,46167,46167,45750.0,292.0,22.48095703125,21.85009765625,59.5703125
DNA N-sparse 180bp reads,sequence,dna2,Dna2PackedAvx2,static,qgram,qgram,no_n_with_underscore,%ACGTACGTACGTACG_%,5,2048,768,6226542,615992,225958,41750,46167.0,45191.6,45098.30212095914,49500,49500,46000.0,167.0,22.54248046875,22.0205078125,59.895833333333336
DNA N-sparse 180bp reads,sequence,dna2,Dna2TwoWay,static,full-scan,full-scan,n_multi_region_exact,%CGTANNNNACGTNNNNTACG%,5,2048,66,0,0,229249,43125,46250.0,45849.8,45826.75070037302,47375,47375,46250.0,0.0,22.5830078125,22.3759765625,22.5830078125
DNA N-sparse 180bp reads,sequence,dna2,Dna2TwoWay,static,full-scan,full-scan,n_interleaved_exact,%ANANANANANANANANANA%,5,2048,70,0,0,230043,42959,46875.0,46008.6,45973.91986936477,47917,47917,46875.0,0.0,22.88818359375,22.44775390625,22.88818359375
DNA N-sparse 180bp reads,sequence,dna2,Dna2TwoWay,static,full-scan,full-scan,n_interleaved_with_underscore,%ANANANANANANANANANA_%,5,2048,70,0,0,236416,46500,47083.0,47283.2,47279.27011719626,48291,48291,47083.0,0.0,22.98974609375,23.08544921875,22.98974609375
DNA N-sparse 180bp reads,sequence,dna2,Dna2PackedAvx2,static,qgram,qgram,no_n_exact_tgca,%TGCATGCATGCATGC%,5,2048,768,6226542,615992,243165,46083,47333.0,48633.0,48528.71979317246,55000,55000,47041.0,208.0,23.11181640625,23.6953125,61.251302083333336
DNA N-sparse 180bp reads,sequence,utf8,TwoWay,static,qgram,qgram,no_n_with_underscore,%ACGTACGTACGTACG_%,5,2048,768,2804042,615992,243420,47917,48209.0,48684.0,48676.67609097511,50126,50126,47959.0,292.0,23.53955078125,23.767578125,62.446614583333336
DNA N-sparse 180bp reads,sequence,dna2,Dna2PackedScalar,static,qgram,qgram,no_n_exact_acgt,%ACGTACGTACGTACG%,5,2048,768,6226542,615992,255916,45541,50500.0,51183.2,51055.98549688526,56500,56500,50292.0,250.0,24.658203125,24.92919921875,65.484375
DNA N-sparse 180bp reads,sequence,dna2,Dna2TwoWay,static,qgram,qgram,no_n_exact_tgca,%TGCATGCATGCATGC%,5,2048,768,6226542,615992,257541,47958,51875.0,51508.2,51461.64473603708,53749,53749,51750.0,167.0,25.32958984375,25.12744140625,67.3828125
DNA N-sparse 180bp reads,sequence,dna2,Dna2,static,qgram,qgram,no_n_exact_acgt,%ACGTACGTACGTACG%,5,2048,768,6226542,615992,259416,51501,51916.0,51883.2,51882.09771394748,52458,52458,51333.0,459.0,25.349609375,25.3330078125,66.83984375
DNA N-sparse 180bp reads,sequence,utf8,NaiveScalar,static,qgram,qgram,no_n_exact_tgca,%TGCATGCATGCATGC%,5,2048,768,2804042,615992,263832,51417,52208.0,52766.4,52751.112026248506,54375,54375,51833.0,292.0,25.4921875,25.75732421875,67.49088541666667
DNA N-sparse 180bp reads,sequence,dna2,Dna2TwoWay,static,full-scan,full-scan,n_single_range_with_underscore,%ACGTNNNNNNNNNNNTGCA_%,5,2048,77,0,0,269542,52708,53709.0,53908.4,53896.1451629045,56083,56083,53667.0,0.0,26.22509765625,26.31640625,26.20458984375
DNA N-sparse 180bp reads,sequence,dna2,Dna2TwoWay,static,full-scan,full-scan,n_prefix_exact,%NNNNNNNNNNNNNNNACGT%,5,2048,80,0,0,274167,53875,54250.0,54833.4,54823.27027611357,56709,56709,54250.0,0.0,26.4892578125,26.76904296875,26.4892578125
DNA N-sparse 180bp reads,sequence,dna2,Dna2TwoWay,static,full-scan,full-scan,n_many_short_ranges,%NACGNACGNACGNACG%,5,2048,66,0,0,276375,53834,54375.0,55275.0,55250.51635628662,58250,58250,54333.0,41.0,26.55029296875,26.9775390625,26.52978515625
DNA N-sparse 180bp reads,sequence,dna2,Dna2TwoWay,static,full-scan,full-scan,all_n_exact,%NNNNNNNNNNNNNNN%,5,2048,87,0,0,276541,50791,54792.0,55308.2,55131.091635924,63125,63125,54792.0,0.0,26.75390625,26.91943359375,26.75390625
DNA N-sparse 180bp reads,sequence,dna2,Dna2PackedScalar,static,qgram,qgram,all_n_with_underscore,%NNNNNNNNNNNNNNN_NNNNNNNNNNNNNNN%,5,2048,1,6226542,615992,287626,55709,56667.0,57525.2,57483.83090914465,61875,61875,56584.0,84.0,27.66943359375,28.06787109375,650.3908045977012
DNA N-sparse 180bp reads,sequence,utf8,NaiveScalar,static,qgram,qgram,no_n_exact_acgt,%ACGTACGTACGTACG%,5,2048,768,2804042,615992,311252,60542,61000.0,62250.4,62196.01903592362,67543,67543,60750.0,292.0,29.78515625,30.369140625,79.1015625
DNA N-sparse 180bp reads,sequence,dna2,Dna2PackedVectorized,static,qgram,qgram,all_n_with_underscore,%NNNNNNNNNNNNNNN_NNNNNNNNNNNNNNN%,5,2048,1,6226542,615992,313252,59125,63208.0,62650.4,62617.26309595338,65334,65334,62708.0,125.0,30.86328125,30.57470703125,720.7816091954023
DNA N-sparse 180bp reads,sequence,dna2,Dna2TwoWay,static,full-scan,full-scan,all_n_with_underscore,%NNNNNNNNNNNNNNN_NNNNNNNNNNNNNNN%,5,2048,1,0,0,333291,66083,66250.0,66658.2,66654.53830635054,67958,67958,66250.0,0.0,32.3486328125,32.5458984375,32.3486328125
DNA N-sparse 180bp reads,sequence,dna2,Dna2TwoWay,static,qgram,qgram,no_n_exact_acgt,%ACGTACGTACGTACG%,5,2048,768,6226542,615992,326792,60167,66875.0,65358.4,65298.887957962696,67583,67583,66625.0,209.0,32.65380859375,31.8837890625,86.75130208333333
DNA N-sparse 180bp reads,sequence,dna2,Dna2,static,qgram,qgram,all_n_with_underscore,%NNNNNNNNNNNNNNN_NNNNNNNNNNNNNNN%,5,2048,1,6226542,615992,362374,68417,70083.0,72474.8,72304.65762417157,81958,81958,69916.0,83.0,34.22021484375,35.3046875,803.6321839080459
DNA N-sparse 180bp reads,sequence,dna2,Dna2PackedAvx2,static,qgram,qgram,all_n_with_underscore,%NNNNNNNNNNNNNNN_NNNNNNNNNNNNNNN%,5,2048,1,6226542,615992,352125,65416,72292.0,70425.0,70305.94556304307,76042,76042,72084.0,84.0,35.298828125,34.32861328125,828.551724137931
DNA N-sparse 180bp reads,sequence,dna2,Dna2PackedNeon,static,qgram,qgram,all_n_with_underscore,%NNNNNNNNNNNNNNN_NNNNNNNNNNNNNNN%,5,2048,1,6226542,615992,373167,67500,74834.0,74633.4,74501.99230822457,81250,81250,74750.0,83.0,36.5400390625,36.37744140625,859.1954022988506
DNA N-sparse 180bp reads,sequence,dna2,Dna2TwoWay,static,qgram,qgram,no_n_with_underscore,%ACGTACGTACGTACG_%,5,2048,768,6226542,615992,390875,70625,78875.0,78175.0,77965.58597317684,84334,84334,78667.0,167.0,38.51318359375,38.06884765625,102.43098958333333
DNA N-sparse 180bp reads,sequence,utf8,NaiveScalar,static,qgram,qgram,no_n_with_underscore,%ACGTACGTACGTACG_%,5,2048,768,2804042,615992,396665,71875,80666.0,79333.0,79234.10674939858,83250,83250,80375.0,291.0,39.3876953125,38.6884765625,104.65494791666667
DNA N-sparse 180bp reads,sequence,utf8,NaiveAvx2,static,full-scan,full-scan,no_n_exact_tgca,%TGCATGCATGCATGC%,5,2048,768,0,0,427750,82500,84708.0,85550.0,85511.77529994123,90125,90125,84708.0,0.0,41.361328125,41.75341796875,41.361328125
DNA N-sparse 180bp reads,sequence,utf8,NaiveVectorizedV2,static,full-scan,full-scan,no_n_exact_tgca,%TGCATGCATGCATGC%,5,2048,768,0,0,423418,82959,84750.0,84683.6,84670.52885700877,86792,86792,84750.0,0.0,41.3818359375,41.3427734375,41.3818359375
DNA N-sparse 180bp reads,sequence,utf8,NaiveVectorized,static,full-scan,full-scan,n_prefix_exact,%NNNNNNNNNNNNNNNACGT%,5,2048,80,0,0,436500,83459,85458.0,87300.0,87215.72221947643,93417,93417,85416.0,42.0,41.7275390625,42.58544921875,41.70703125
DNA N-sparse 180bp reads,sequence,utf8,NaiveAvx2,static,full-scan,full-scan,all_n_exact,%NNNNNNNNNNNNNNN%,5,2048,87,0,0,442417,84667,86834.0,88483.4,88396.53726956762,95583,95583,86834.0,0.0,42.3994140625,43.162109375,42.3994140625
DNA N-sparse 180bp reads,sequence,dna2,Dna2PackedNeon,static,qgram,qgram,n_interleaved_with_underscore,%ANANANANANANANANANA_%,5,2048,70,6226542,615992,431792,76043,87374.0,86358.4,85995.21812657606,99167,99167,87208.0,166.0,42.6630859375,41.98974609375,1162.7733333333333
DNA N-sparse 180bp reads,sequence,utf8,NaiveAvx2,static,full-scan,full-scan,n_prefix_exact,%NNNNNNNNNNNNNNNACGT%,5,2048,80,0,0,446250,85583,87959.0,89250.0,89171.41065267543,96125,96125,87917.0,0.0,42.94873046875,43.54052734375,42.92822265625
DNA N-sparse 180bp reads,sequence,utf8,NaiveVectorized,static,full-scan,full-scan,n_many_short_ranges,%NACGNACGNACGNACG%,5,2048,66,0,0,449208,86458,88500.0,89841.6,89766.97303601835,96750,96750,88458.0,0.0,43.212890625,43.8310546875,43.1923828125
DNA N-sparse 180bp reads,sequence,utf8,NaiveVectorizedV2,static,full-scan,full-scan,n_multi_region_exact,%CGTANNNNACGTNNNNTACG%,5,2048,66,0,0,446708,89250,89333.0,89341.6,89341.57136404958,89458,89458,89333.0,0.0,43.61962890625,43.62353515625,43.61962890625
DNA N-sparse 180bp reads,sequence,dna2,Dna2,static,qgram,qgram,n_interleaved_with_underscore,%ANANANANANANANANANA_%,5,2048,70,6226542,615992,460002,89084,89542.0,92000.4,91936.42780173439,97584,97584,89000.0,208.0,43.7216796875,44.890625,1186.6666666666667
DNA N-sparse 180bp reads,sequence,utf8,NaiveVectorizedV2,static,full-scan,full-scan,n_prefix_exact,%NNNNNNNNNNNNNNNACGT%,5,2048,80,0,0,448915,89666,89750.0,89783.0,89782.94040896042,89958,89958,89750.0,0.0,43.8232421875,43.8388671875,43.8232421875
DNA N-sparse 180bp reads,sequence,utf8,NaiveVectorizedV2,static,full-scan,full-scan,n_suffix_exact,%TGCANNNNNNNNNNNACGT%,5,2048,80,0,0,467917,90209,90333.0,93583.4,93470.90568731172,102208,102208,90292.0,41.0,44.10791015625,45.6396484375,44.087890625
DNA N-sparse 180bp reads,sequence,utf8,StdSearch,static,full-scan,full-scan,all_n_exact,%NNNNNNNNNNNNNNN%,5,2048,87,0,0,446207,85041,90625.0,89241.4,89191.74090544258,92750,92750,90583.0,0.0,44.25048828125,43.55029296875,44.22998046875
DNA N-sparse 180bp reads,sequence,utf8,NaiveAvx2,static,full-scan,full-scan,n_many_short_ranges,%NACGNACGNACGNACG%,5,2048,66,0,0,478501,88708,90792.0,95700.2,95371.941315141,109667,109667,90750.0,0.0,44.33203125,46.56787109375,44.3115234375
DNA N-sparse 180bp reads,sequence,utf8,StdSearch,static,qgram,qgram,no_n_exact_tgca,%TGCATGCATGCATGC%,5,2048,768,2804042,615992,479250,86708,92041.0,95850.0,95357.60329603044,113584,113584,91833.0,250.0,44.94189453125,46.56103515625,119.57421875
DNA N-sparse 180bp reads,sequence,dna2,Dna2PackedAvx2,static,qgram,qgram,n_interleaved_exact,%ANANANANANANANANANA%,5,2048,70,6226542,615992,496833,89750,92750.0,99366.6,98565.02600266645,125458,125458,92541.0,250.0,45.2880859375,48.12744140625,1233.88
DNA N-sparse 180bp reads,sequence,dna2,Dna2PackedAvx2,static,qgram,qgram,n_interleaved_with_underscore,%ANANANANANANANANANA_%,5,2048,70,6226542,615992,465500,89708,93000.0,93100.0,93038.1761742024,99334,99334,92833.0,167.0,45.41015625,45.4287109375,1237.7733333333333
DNA N-sparse 180bp reads,sequence,utf8,NaiveVectorized,static,full-scan,full-scan,no_n_exact_tgca,%TGCATGCATGCATGC%,5,2048,768,0,0,471333,93125,93375.0,94266.6,94254.5841281344,97167,97167,93375.0,41.0,45.59326171875,46.0224609375,45.59326171875
DNA N-sparse 180bp reads,sequence,utf8,NaiveVectorizedV2,static,full-scan,full-scan,all_n_exact,%NNNNNNNNNNNNNNN%,5,2048,87,0,0,474084,94375,94500.0,94816.8,94815.16206445212,95834,95834,94458.0,0.0,46.142578125,46.29638671875,46.1220703125
DNA N-sparse 180bp reads,sequence,dna2,Dna2PackedVectorized,static,qgram,qgram,n_interleaved_with_underscore,%ANANANANANANANANANA_%,5,2048,70,6226542,615992,464376,86625,94708.0,92875.2,92806.28308896575,95958,95958,94541.0,167.0,46.244140625,45.3154296875,1260.5466666666666
DNA N-sparse 180bp reads,sequence,utf8,NaiveVectorized,static,full-scan,full-scan,all_n_with_underscore,%NNNNNNNNNNNNNNN_NNNNNNNNNNNNNNN%,5,2048,1,0,0,481375,93625,95667.0,96275.0,96242.30849653513,100542,100542,95667.0,0.0,46.71240234375,46.9931640625,46.71240234375
DNA N-sparse 180bp reads,sequence,dna2,Dna2PackedNeon,static,qgram,qgram,n_interleaved_exact,%ANANANANANANANANANA%,5,2048,70,6226542,615992,463041,79667,95750.0,92608.2,92171.9745770295,105083,105083,95583.0,167.0,46.7529296875,45.00537109375,1274.44
DNA N-sparse 180bp reads,sequence,utf8,NaiveVectorizedV2,static,full-scan,full-scan,n_many_short_ranges,%NACGNACGNACGNACG%,5,2048,66,0,0,494749,93666,95916.0,98949.8,98829.87514254148,105042,105042,95916.0,0.0,46.833984375,48.25634765625,46.833984375
DNA N-sparse 180bp reads,sequence,dna2,Dna2PackedScalar,static,qgram,qgram,n_interleaved_exact,%ANANANANANANANANANA%,5,2048,70,6226542,615992,467291,87000,96208.0,93458.2,93354.13404716346,97958,97958,96125.0,167.0,46.9765625,45.5830078125,1281.6666666666667
DNA N-sparse 180bp reads,sequence,dna2,Dna2PackedVectorized,static,qgram,qgram,n_interleaved_exact,%ANANANANANANANANANA%,5,2048,70,6226542,615992,474415,87750,96833.0,94883.0,94696.1921495597,101416,101416,96666.0,167.0,47.28173828125,46.23828125,1288.88
DNA N-sparse 180bp reads,sequence,utf8,StdSearch,static,full-scan,full-scan,all_n_with_underscore,%NNNNNNNNNNNNNNN_NNNNNNNNNNNNNNN%,5,2048,1,0,0,489000,87542,97875.0,97800.0,97575.16924716743,105833,105833,97875.0,42.0,47.79052734375,47.64404296875,47.79052734375
DNA N-sparse 180bp reads,sequence,dna2,Dna2PackedScalar,static,qgram,qgram,n_interleaved_with_underscore,%ANANANANANANANANANA_%,5,2048,70,6226542,615992,494958,89208,98791.0,98991.6,98651.53855136484,111958,111958,98500.0,125.0,48.23779296875,48.16943359375,1313.3333333333333
DNA N-sparse 180bp reads,sequence,utf8,NaiveVectorizedV2,static,full-scan,full-scan,all_n_with_underscore,%NNNNNNNNNNNNNNN_NNNNNNNNNNNNNNN%,5,2048,1,0,0,499874,98625,99166.0,99974.8,99959.48256492971,103375,103375,99166.0,0.0,48.4208984375,48.80810546875,48.4208984375
DNA N-sparse 180bp reads,sequence,utf8,NaiveAvx2,static,qgram,qgram,no_n_exact_acgt,%ACGTACGTACGTACG%,5,2048,768,2804042,615992,511041,97000,100417.0,102208.2,102084.5295895988,108250,108250,100042.0,250.0,49.03173828125,49.845703125,130.26302083333334
DNA N-sparse 180bp reads,sequence,utf8,NaiveAvx2,static,full-scan,full-scan,n_multi_region_exact,%CGTANNNNACGTNNNNTACG%,5,2048,66,0,0,508916,100541,100875.0,101783.2,101768.47254428918,105208,105208,100834.0,41.0,49.25537109375,49.69140625,49.2353515625
DNA N-sparse 180bp reads,sequence,utf8,NaiveAvx2,static,full-scan,full-scan,all_n_with_underscore,%NNNNNNNNNNNNNNN_NNNNNNNNNNNNNNN%,5,2048,1,0,0,495583,91708,102125.0,99116.6,98930.74554498559,106292,106292,102125.0,0.0,49.86572265625,48.3056640625,49.86572265625
DNA N-sparse 180bp reads,sequence,utf8,NaiveVectorized,static,full-scan,full-scan,all_n_exact,%NNNNNNNNNNNNNNN%,5,2048,87,0,0,513751,99500,102459.0,102750.2,102691.71500137262,109209,109209,102459.0,0.0,50.02880859375,50.14208984375,50.02880859375
DNA N-sparse 180bp reads,sequence,utf8,NaiveVectorized,static,qgram,qgram,no_n_exact_acgt,%ACGTACGTACGTACG%,5,2048,768,2804042,615992,531920,97291,102793.0,106384.0,106006.03963579048,123251,123251,102584.0,209.0,50.19189453125,51.7607421875,133.57291666666666
DNA N-sparse 180bp reads,sequence,utf8,NaiveVectorized,static,full-scan,full-scan,n_suffix_exact,%TGCANNNNNNNNNNNACGT%,5,2048,80,0,0,524083,100000,102875.0,104816.6,104701.03562673437,112375,112375,102875.0,41.0,50.23193359375,51.12353515625,50.23193359375
DNA N-sparse 180bp reads,sequence,utf8,NaiveVectorizedV2,static,full-scan,full-scan,no_n_exact_acgt,%ACGTACGTACGTACG%,5,2048,768,0,0,518543,102625,102959.0,103708.6,103701.30056649505,105834,105834,102959.0,41.0,50.27294921875,50.63525390625,50.27294921875
DNA N-sparse 180bp reads,sequence,dna2,Dna2PackedVectorized,static,full-scan,full-scan,no_n_exact_acgt,%ACGTACGTACGTACG%,5,2048,768,0,0,543042,108125,108375.0,108608.4,108607.55474959266,109334,109334,108334.0,41.0,52.91748046875,53.03076171875,52.8974609375
DNA N-sparse 180bp reads,sequence,utf8,NaiveVectorizedV2,static,full-scan,full-scan,no_n_with_underscore,%ACGTACGTACGTACG_%,5,2048,768,0,0,551042,105541,110042.0,110208.4,110165.84713042738,113750,113750,110042.0,41.0,53.7314453125,53.79150390625,53.7314453125
DNA N-sparse 180bp reads,sequence,dna2,Dna2PackedNeon,static,full-scan,full-scan,no_n_exact_tgca,%TGCATGCATGCATGC%,5,2048,768,0,0,546291,99583,111083.0,109258.2,109110.29876736032,116375,116375,111083.0,0.0,54.23974609375,53.2763671875,54.23974609375
DNA N-sparse 180bp reads,sequence,dna2,Dna2PackedVectorized,static,full-scan,full-scan,no_n_exact_tgca,%TGCATGCATGCATGC%,5,2048,768,0,0,550832,100291,111209.0,110166.4,110017.06568547667,117041,117041,111209.0,0.0,54.30126953125,53.71923828125,54.30126953125
DNA N-sparse 180bp reads,sequence,utf8,NaiveVectorized,static,qgram,qgram,no_n_with_underscore,%ACGTACGTACGTACG_%,5,2048,768,2804042,615992,544627,101000,111417.0,108925.4,108716.16604091163,117334,117334,111167.0,250.0,54.40283203125,53.083984375,144.74869791666666
DNA N-sparse 180bp reads,sequence,utf8,NaiveAvx2,static,qgram,qgram,no_n_with_underscore,%ACGTACGTACGTACG_%,5,2048,768,2804042,615992,580000,108459,112541.0,116000.0,115545.88044414019,137084,137084,112250.0,292.0,54.95166015625,56.41845703125,146.15885416666666
DNA N-sparse 180bp reads,sequence,dna2,Dna2PackedVectorized,static,full-scan,full-scan,no_n_with_underscore,%ACGTACGTACGTACG_%,5,2048,768,0,0,562335,106459,113750.0,112467.0,112348.9301142163,118709,118709,113750.0,0.0,55.5419921875,54.857421875,55.5419921875
DNA N-sparse 180bp reads,sequence,utf8,TwoWay,static,full-scan,full-scan,n_multi_region_exact,%CGTANNNNACGTNNNNTACG%,5,2048,66,0,0,595874,114458,114667.0,119174.8,119041.8544610932,126541,126541,114667.0,41.0,55.98974609375,58.12548828125,55.98974609375
DNA N-sparse 180bp reads,sequence,utf8,StdSearch,static,qgram,qgram,no_n_exact_acgt,%ACGTACGTACGTACG%,5,2048,768,2804042,615992,565667,104208,114958.0,113133.4,112983.87948050608,118917,118917,114667.0,334.0,56.1318359375,55.16748046875,149.30598958333334
DNA N-sparse 180bp reads,sequence,utf8,NaiveAvx2,static,full-scan,full-scan,n_suffix_exact,%TGCANNNNNNNNNNNACGT%,5,2048,80,0,0,582958,113791,116500.0,116591.6,116564.69406365165,121042,121042,116500.0,0.0,56.884765625,56.916015625,56.884765625
DNA N-sparse 180bp reads,sequence,utf8,NaiveVectorized,static,full-scan,full-scan,n_multi_region_exact,%CGTANNNNACGTNNNNTACG%,5,2048,66,0,0,596709,115958,117000.0,119341.8,119254.97194485003,128250,128250,116958.0,41.0,57.12890625,58.2294921875,57.1083984375
DNA N-sparse 180bp reads,sequence,utf8,TwoWay,static,full-scan,full-scan,n_suffix_exact,%TGCANNNNNNNNNNNACGT%,5,2048,80,0,0,585332,108667,117583.0,117066.4,116968.16381107943,123416,123416,117583.0,0.0,57.41357421875,57.11328125,57.41357421875
DNA N-sparse 180bp reads,sequence,utf8,TwoWay,static,full-scan,full-scan,n_single_range_exact,%ACGTNNNNNNNNNNNTGCA%,5,2048,77,0,0,592417,110334,117917.0,118483.4,118377.49821105735,123875,123875,117917.0,0.0,57.57666015625,57.80126953125,57.57666015625
DNA N-sparse 180bp reads,sequence,dna2,Dna2PackedNeon,static,full-scan,full-scan,no_n_with_underscore,%ACGTACGTACGTACG_%,5,2048,768,0,0,585625,111583,118250.0,117125.0,117026.88830090748,124292,124292,118250.0,41.0,57.7392578125,57.1416015625,57.7392578125
DNA N-sparse 180bp reads,sequence,utf8,TwoWay,static,full-scan,full-scan,n_prefix_exact,%NNNNNNNNNNNNNNNACGT%,5,2048,80,0,0,614124,118750,119375.0,122824.8,122636.32259034876,136750,136750,119375.0,0.0,58.28857421875,59.880859375,58.28857421875
DNA N-sparse 180bp reads,sequence,utf8,TwoWay,static,full-scan,full-scan,n_single_range_with_underscore,%ACGTNNNNNNNNNNNTGCA_%,5,2048,77,0,0,597999,111916,119458.0,119599.8,119459.91185005475,127042,127042,119458.0,0.0,58.3291015625,58.32958984375,58.3291015625
DNA N-sparse 180bp reads,sequence,dna2,Dna2PackedNeon,static,full-scan,full-scan,no_n_exact_acgt,%ACGTACGTACGTACG%,5,2048,768,0,0,600750,116083,120375.0,120150.0,120095.81216502738,126375,126375,120375.0,0.0,58.77685546875,58.64013671875,58.77685546875
DNA N-sparse 180bp reads,sequence,dna2,Dna2,static,qgram,qgram,n_interleaved_exact,%ANANANANANANANANANA%,5,2048,70,6226542,615992,610749,117667,122833.0,122149.8,122127.43306161878,124416,124416,122625.0,250.0,59.97705078125,59.63232421875,1635.0
DNA N-sparse 180bp reads,sequence,dna2,Dna2PackedScalar,static,full-scan,full-scan,no_n_exact_tgca,%TGCATGCATGCATGC%,5,2048,768,0,0,624916,124000,124208.0,124983.2,124973.53513545201,128083,128083,124167.0,0.0,60.6484375,61.02197265625,60.62841796875
DNA N-sparse 180bp reads,sequence,dna2,Dna2PackedNeon,static,full-scan,full-scan,n_suffix_exact,%TGCANNNNNNNNNNNACGT%,5,2048,80,0,0,626042,119042,126542.0,125208.4,125088.41472168881,133333,133333,126542.0,0.0,61.7880859375,61.078125,61.7880859375
DNA N-sparse 180bp reads,sequence,dna2,Dna2PackedNeon,static,full-scan,full-scan,n_multi_region_exact,%CGTANNNNACGTNNNNTACG%,5,2048,66,0,0,624958,118167,126583.0,124991.6,124899.37807349606,129833,129833,126583.0,0.0,61.80810546875,60.98583984375,61.80810546875
DNA N-sparse 180bp reads,sequence,dna2,Dna2PackedScalar,static,full-scan,full-scan,no_n_with_underscore,%ACGTACGTACGTACG_%,5,2048,768,0,0,669042,126667,126875.0,133808.4,133527.13740790554,146958,146958,126875.0,0.0,61.95068359375,65.19873046875,61.95068359375
DNA N-sparse 180bp reads,sequence,utf8,StdSearch,static,qgram,qgram,no_n_with_underscore,%ACGTACGTACGTACG_%,5,2048,768,2804042,615992,611209,113166,127583.0,122241.8,122032.13000518442,128667,128667,127250.0,292.0,62.29638671875,59.5859375,165.69010416666666
DNA N-sparse 180bp reads,sequence,dna2,Dna2PackedVectorized,static,full-scan,full-scan,n_suffix_exact,%TGCANNNNNNNNNNNACGT%,5,2048,80,0,0,634167,117417,128792.0,126833.4,126600.18026722348,137583,137583,128792.0,0.0,62.88671875,61.81640625,62.88671875
DNA N-sparse 180bp reads,sequence,dna2,Dna2,static,full-scan,full-scan,n_multi_region_exact,%CGTANNNNACGTNNNNTACG%,5,2048,66,0,0,657459,129292,130333.0,131491.8,131454.8568928429,137709,137709,130333.0,0.0,63.63916015625,64.1865234375,63.63916015625
DNA N-sparse 180bp reads,sequence,dna2,Dna2PackedVectorized,static,full-scan,full-scan,n_multi_region_exact,%CGTANNNNACGTNNNNTACG%,5,2048,66,0,0,646207,118833,131041.0,129241.4,129122.57278020639,134917,134917,131000.0,0.0,63.98486328125,63.0478515625,63.96484375
DNA N-sparse 180bp reads,sequence,dna2,Dna2PackedAvx2,static,full-scan,full-scan,no_n_exact_tgca,%TGCATGCATGCATGC%,5,2048,768,0,0,672710,126459,134500.0,134542.0,134447.36816533539,141209,141209,134500.0,0.0,65.673828125,65.64794921875,65.673828125
DNA N-sparse 180bp reads,sequence,dna2,Dna2PackedVectorized,static,full-scan,full-scan,n_single_range_exact,%ACGTNNNNNNNNNNNTGCA%,5,2048,77,0,0,672459,123459,134542.0,134491.8,134330.7380269041,141958,141958,134542.0,0.0,65.6943359375,65.5908203125,65.6943359375
DNA N-sparse 180bp reads,sequence,dna2,Dna2PackedVectorized,static,full-scan,full-scan,n_single_range_with_underscore,%ACGTNNNNNNNNNNNTGCA_%,5,2048,77,0,0,680374,117625,136875.0,136074.8,135587.78573587842,153166,153166,136834.0,0.0,66.83349609375,66.20458984375,66.8134765625
DNA N-sparse 180bp reads,sequence,dna2,Dna2PackedNeon,static,full-scan,full-scan,n_single_range_exact,%ACGTNNNNNNNNNNNTGCA%,5,2048,77,0,0,709084,136500,137375.0,141816.8,141687.1505175117,150084,150084,137333.0,0.0,67.07763671875,69.18310546875,67.05712890625
DNA N-sparse 180bp reads,sequence,dna2,Dna2PackedScalar,static,full-scan,full-scan,n_suffix_exact,%TGCANNNNNNNNNNNACGT%,5,2048,80,0,0,716999,135250,137458.0,143399.8,143102.98055791412,158916,158916,137458.0,0.0,67.1181640625,69.8740234375,67.1181640625
DNA N-sparse 180bp reads,sequence,dna2,Dna2PackedAvx2,static,full-scan,full-scan,no_n_exact_acgt,%ACGTACGTACGTACG%,5,2048,768,0,0,691792,128583,139750.0,138358.4,138251.36885794607,144500,144500,139750.0,42.0,68.2373046875,67.50537109375,68.2373046875
DNA N-sparse 180bp reads,sequence,dna2,Dna2PackedAvx2,static,full-scan,full-scan,no_n_with_underscore,%ACGTACGTACGTACG_%,5,2048,768,0,0,718458,132292,142833.0,143691.6,143468.09867554146,155666,155666,142833.0,0.0,69.74267578125,70.052734375,69.74267578125
DNA N-sparse 180bp reads,sequence,dna2,Dna2PackedScalar,static,full-scan,full-scan,n_single_range_exact,%ACGTNNNNNNNNNNNTGCA%,5,2048,77,0,0,716459,134708,144375.0,143291.8,143150.63617738336,150792,150792,144334.0,41.0,70.49560546875,69.8974609375,70.4755859375
DNA N-sparse 180bp reads,sequence,dna2,Dna2PackedAvx2,static,full-scan,full-scan,n_single_range_exact,%ACGTNNNNNNNNNNNTGCA%,5,2048,77,0,0,726000,138250,145125.0,145200.0,145134.55365859505,150542,150542,145084.0,0.0,70.86181640625,70.8662109375,70.841796875
DNA N-sparse 180bp reads,sequence,dna2,Dna2PackedAvx2,static,full-scan,full-scan,n_single_range_with_underscore,%ACGTNNNNNNNNNNNTGCA_%,5,2048,77,0,0,717251,134959,146625.0,143450.2,143319.07436275526,149208,149208,146584.0,42.0,71.59423828125,69.97998046875,71.57421875
DNA N-sparse 180bp reads,sequence,utf8,TwoWay,static,full-scan,full-scan,no_n_exact_tgca,%TGCATGCATGCATGC%,5,2048,768,0,0,721875,136292,146875.0,144375.0,144216.73327029464,151916,151916,146875.0,0.0,71.71630859375,70.41796875,71.71630859375
DNA N-sparse 180bp reads,sequence,dna2,Dna2PackedNeon,static,full-scan,full-scan,n_many_short_ranges,%NACGNACGNACGNACG%,5,2048,66,0,0,739376,141125,147209.0,147875.2,147813.15078732543,153000,153000,147167.0,0.0,71.87939453125,72.17431640625,71.85888671875
DNA N-sparse 180bp reads,sequence,dna2,Dna2PackedAvx2,static,full-scan,full-scan,n_multi_region_exact,%CGTANNNNACGTNNNNTACG%,5,2048,66,0,0,750625,133042,148750.0,150125.0,149326.75467475058,176625,176625,148750.0,0.0,72.6318359375,72.9130859375,72.6318359375
DNA N-sparse 180bp reads,sequence,dna2,Dna2PackedNeon,static,full-scan,full-scan,n_single_range_with_underscore,%ACGTNNNNNNNNNNNTGCA_%,5,2048,77,0,0,761957,128458,149666.0,152391.4,150534.56972832035,194875,194875,149625.0,41.0,73.0791015625,73.5029296875,73.05908203125
DNA N-sparse 180bp reads,sequence,dna2,Dna2PackedScalar,static,full-scan,full-scan,n_multi_region_exact,%CGTANNNNACGTNNNNTACG%,5,2048,66,0,0,778041,147917,151250.0,155608.2,155399.97281137478,166875,166875,151208.0,0.0,73.8525390625,75.87841796875,73.83203125
DNA N-sparse 180bp reads,sequence,dna2,Dna2PackedScalar,static,full-scan,full-scan,n_single_range_with_underscore,%ACGTNNNNNNNNNNNTGCA_%,5,2048,77,0,0,749418,138083,152084.0,149883.6,149540.74141923542,163042,163042,152042.0,42.0,74.259765625,73.017578125,74.2392578125
DNA N-sparse 180bp reads,sequence,dna2,Dna2PackedNeon,static,full-scan,full-scan,n_prefix_exact,%NNNNNNNNNNNNNNNACGT%,5,2048,80,0,0,754416,142000,154958.0,150883.2,150730.39065838468,158125,158125,154916.0,42.0,75.6630859375,73.5986328125,75.642578125
DNA N-sparse 180bp reads,sequence,dna2,Dna2PackedAvx2,static,full-scan,full-scan,n_suffix_exact,%TGCANNNNNNNNNNNACGT%,5,2048,80,0,0,846208,142583,155125.0,169241.6,166521.02921955477,231958,231958,155125.0,0.0,75.74462890625,81.30908203125,75.74462890625
DNA N-sparse 180bp reads,sequence,dna2,Dna2PackedVectorized,static,full-scan,full-scan,n_many_short_ranges,%NACGNACGNACGNACG%,5,2048,66,0,0,797750,144083,159334.0,159550.0,159275.49215601847,172833,172833,159292.0,41.0,77.7998046875,77.77099609375,77.779296875
DNA N-sparse 180bp reads,sequence,dna2,Dna2,static,full-scan,full-scan,n_many_short_ranges,%NACGNACGNACGNACG%,5,2048,66,0,0,816251,158583,159501.0,163250.2,163169.69221545052,169792,169792,159459.0,0.0,77.88134765625,79.67236328125,77.86083984375
DNA N-sparse 180bp reads,sequence,dna2,Dna2PackedScalar,static,full-scan,full-scan,no_n_exact_acgt,%ACGTACGTACGTACG%,5,2048,768,0,0,804960,142292,160292.0,160992.0,160510.3536314424,175959,175959,160292.0,0.0,78.267578125,78.3740234375,78.267578125
DNA N-sparse 180bp reads,sequence,dna2,Dna2,static,full-scan,full-scan,n_prefix_exact,%NNNNNNNNNNNNNNNACGT%,5,2048,80,0,0,812750,154709,162875.0,162550.0,162434.47319449045,172458,172458,162834.0,41.0,79.52880859375,79.3134765625,79.5087890625
DNA N-sparse 180bp reads,sequence,dna2,Dna2PackedVectorized,static,full-scan,full-scan,n_prefix_exact,%NNNNNNNNNNNNNNNACGT%,5,2048,80,0,0,799750,141792,163041.0,159950.0,159668.8760522978,167375,167375,163000.0,0.0,79.60986328125,77.962890625,79.58984375
DNA N-sparse 180bp reads,sequence,utf8,TwoWay,static,full-scan,full-scan,no_n_exact_acgt,%ACGTACGTACGTACG%,5,2048,768,0,0,850624,162916,169208.0,170124.8,170050.21989450834,178708,178708,169208.0,0.0,82.62109375,83.0322265625,82.62109375
DNA N-sparse 180bp reads,sequence,dna2,Dna2PackedScalar,static,full-scan,full-scan,n_many_short_ranges,%NACGNACGNACGNACG%,5,2048,66,0,0,850541,167542,170416.0,170108.2,170102.7197749174,171541,171541,170416.0,0.0,83.2109375,83.0576171875,83.2109375
DNA N-sparse 180bp reads,sequence,utf8,TwoWay,static,full-scan,full-scan,n_many_short_ranges,%NACGNACGNACGNACG%,5,2048,66,0,0,864084,156917,173250.0,172816.8,172545.09652880506,187250,187250,173208.0,0.0,84.5947265625,84.25048828125,84.57421875
DNA N-sparse 180bp reads,sequence,dna2,Dna2PackedScalar,static,full-scan,full-scan,n_prefix_exact,%NNNNNNNNNNNNNNNACGT%,5,2048,80,0,0,912084,173417,175583.0,182416.8,182153.10024042576,198417,198417,175542.0,41.0,85.73388671875,88.94189453125,85.7138671875
DNA N-sparse 180bp reads,sequence,dna2,Dna2PackedAvx2,static,full-scan,full-scan,n_many_short_ranges,%NACGNACGNACGNACG%,5,2048,66,0,0,887541,174250,175791.0,177508.2,177475.79531754242,183292,183292,175791.0,0.0,85.83544921875,86.65771484375,85.83544921875
DNA N-sparse 180bp reads,sequence,dna2,Dna2,static,full-scan,full-scan,no_n_exact_tgca,%TGCATGCATGCATGC%,5,2048,768,0,0,963500,173666,176708.0,192700.0,191477.13052010373,220708,220708,176666.0,42.0,86.283203125,93.49462890625,86.2626953125
DNA N-sparse 180bp reads,sequence,utf8,TwoWay,static,full-scan,full-scan,no_n_with_underscore,%ACGTACGTACGTACG_%,5,2048,768,0,0,870210,164500,178959.0,174042.0,173891.07721133917,180959,180959,178959.0,42.0,87.38232421875,84.90771484375,87.38232421875
DNA N-sparse 180bp reads,sequence,dna2,Dna2PackedAvx2,static,full-scan,full-scan,n_prefix_exact,%NNNNNNNNNNNNNNNACGT%,5,2048,80,0,0,911583,159042,179083.0,182316.6,181431.65888600962,213583,213583,179083.0,42.0,87.44287109375,88.58935546875,87.44287109375
DNA N-sparse 180bp reads,sequence,dna2,Dna2,static,full-scan,full-scan,no_n_with_underscore,%ACGTACGTACGTACG_%,5,2048,768,0,0,974542,180376,181416.0,194908.4,194086.27473057617,225208,225208,181375.0,41.0,88.58203125,94.7685546875,88.56201171875
DNA N-sparse 180bp reads,sequence,dna2,Dna2,static,full-scan,full-scan,no_n_exact_acgt,%ACGTACGTACGTACG%,5,2048,768,0,0,945957,181542,182749.0,189191.4,188728.59170281977,216541,216541,182708.0,41.0,89.23291015625,92.15234375,89.212890625
DNA N-sparse 180bp reads,sequence,utf8,TwoWay,static,full-scan,full-scan,n_interleaved_exact,%ANANANANANANANANANA%,5,2048,70,0,0,982626,189333,193584.0,196525.2,196440.8961100078,205417,205417,193542.0,0.0,94.5234375,95.91796875,94.5029296875
DNA N-sparse 180bp reads,sequence,utf8,TwoWay,static,full-scan,full-scan,all_n_exact,%NNNNNNNNNNNNNNN%,5,2048,87,0,0,972457,182125,194208.0,194491.4,194363.61867288672,201958,201958,194208.0,0.0,94.828125,94.90380859375,94.828125
DNA N-sparse 180bp reads,sequence,utf8,TwoWay,static,full-scan,full-scan,n_interleaved_with_underscore,%ANANANANANANANANANA_%,5,2048,70,0,0,987624,184500,194333.0,197524.8,197294.7082458432,213416,213416,194333.0,0.0,94.88916015625,96.3349609375,94.88916015625
DNA N-sparse 180bp reads,sequence,utf8,TwoWay,static,full-scan,full-scan,all_n_with_underscore,%NNNNNNNNNNNNNNN_NNNNNNNNNNNNNNN%,5,2048,1,0,0,1002001,194417,196917.0,200400.2,200318.57464236233,207709,207709,196875.0,0.0,96.15087890625,97.8115234375,96.13037109375
DNA N-sparse 180bp reads,sequence,utf8,NaiveScalar,static,full-scan,full-scan,no_n_exact_tgca,%TGCATGCATGCATGC%,5,2048,768,0,0,1017875,187542,200625.0,203575.0,203114.77660089888,229416,229416,200583.0,0.0,97.96142578125,99.1767578125,97.94091796875
DNA N-sparse 180bp reads,sequence,dna2,Dna2TwoWay,static,full-scan,full-scan,no_n_exact_tgca,%TGCATGCATGCATGC%,5,2048,768,0,0,1034291,193375,209833.0,206858.2,206688.7355726928,217875,217875,209833.0,0.0,102.45751953125,100.921875,102.45751953125
DNA N-sparse 180bp reads,sequence,dna2,Dna2,static,full-scan,full-scan,n_single_range_exact,%ACGTNNNNNNNNNNNTGCA%,5,2048,77,0,0,1111334,208334,213208.0,222266.8,221478.96766260342,259833,259833,213167.0,41.0,104.10546875,108.1435546875,104.08544921875
DNA N-sparse 180bp reads,sequence,utf8,NaiveScalar,static,full-scan,full-scan,n_suffix_exact,%TGCANNNNNNNNNNNACGT%,5,2048,80,0,0,1151998,223416,226792.0,230399.6,230287.55898702194,239291,239291,226792.0,41.0,110.73828125,112.44482421875,110.73828125
DNA N-sparse 180bp reads,sequence,utf8,NaiveScalar,static,full-scan,full-scan,n_multi_region_exact,%CGTANNNNACGTNNNNTACG%,5,2048,66,0,0,1157958,227666,232209.0,231591.6,231571.8821287203,236416,236416,232209.0,0.0,113.38330078125,113.07177734375,113.38330078125
DNA N-sparse 180bp reads,sequence,utf8,NaiveScalar,static,full-scan,full-scan,n_prefix_exact,%NNNNNNNNNNNNNNNACGT%,5,2048,80,0,0,1163542,224833,232292.0,232708.4,232617.9109158016,240875,240875,232292.0,0.0,113.423828125,113.58251953125,113.423828125
DNA N-sparse 180bp reads,sequence,utf8,NaiveScalar,static,full-scan,full-scan,n_many_short_ranges,%NACGNACGNACGNACG%,5,2048,66,0,0,1152334,218625,233625.0,230466.8,230249.95210891936,244333,244333,233583.0,42.0,114.07470703125,112.42626953125,114.05419921875
DNA N-sparse 180bp reads,sequence,utf8,NaiveScalar,static,full-scan,full-scan,all_n_exact,%NNNNNNNNNNNNNNN%,5,2048,87,0,0,1182375,223083,242208.0,236475.0,236315.49741770708,245250,245250,242167.0,41.0,118.265625,115.38818359375,118.24560546875
DNA N-sparse 180bp reads,sequence,dna2,Dna2TwoWay,static,full-scan,full-scan,no_n_exact_acgt,%ACGTACGTACGTACG%,5,2048,768,0,0,1262791,237209,247583.0,252558.2,252097.0854860122,281708,281708,247583.0,0.0,120.89013671875,123.09423828125,120.89013671875
DNA N-sparse 180bp reads,sequence,dna2,Dna2,static,full-scan,full-scan,n_suffix_exact,%TGCANNNNNNNNNNNACGT%,5,2048,80,0,0,1232043,229001,250500.0,246408.6,246248.6937855132,251625,251625,250500.0,0.0,122.314453125,120.23828125,122.314453125
DNA N-sparse 180bp reads,sequence,utf8,NaiveScalar,static,full-scan,full-scan,all_n_with_underscore,%NNNNNNNNNNNNNNN_NNNNNNNNNNNNNNN%,5,2048,1,0,0,1251252,241250,252917.0,250250.4,250162.46452429178,258584,258584,252917.0,0.0,123.49462890625,122.1494140625,123.49462890625
DNA N-sparse 180bp reads,sequence,dna2,Dna2,static,full-scan,full-scan,n_single_range_with_underscore,%ACGTNNNNNNNNNNNTGCA_%,5,2048,77,0,0,1280582,255499,256167.0,256116.4,256115.89203366902,257000,257000,256125.0,41.0,125.08154296875,125.05615234375,125.06103515625
DNA N-sparse 180bp reads,sequence,utf8,NaiveScalar,static,full-scan,full-scan,no_n_exact_acgt,%ACGTACGTACGTACG%,5,2048,768,0,0,1323041,258166,265000.0,264608.2,264579.8940028976,269125,269125,265000.0,0.0,129.39453125,129.18896484375,129.39453125
DNA N-sparse 180bp reads,sequence,dna2,Dna2TwoWay,static,full-scan,full-scan,no_n_with_underscore,%ACGTACGTACGTACG_%,5,2048,768,0,0,1413334,258000,288791.0,282666.8,282376.48172697256,291084,291084,288750.0,41.0,141.01123046875,137.87890625,140.9912109375
DNA N-sparse 180bp reads,sequence,utf8,NaiveScalar,static,full-scan,full-scan,no_n_with_underscore,%ACGTACGTACGTACG_%,5,2048,768,0,0,1500792,291209,298750.0,300158.4,300067.29877995653,312792,312792,298750.0,0.0,145.8740234375,146.51708984375,145.8740234375
DNA N-sparse 180bp reads,sequence,utf8,NaiveScalar,static,full-scan,full-scan,n_interleaved_exact,%ANANANANANANANANANA%,5,2048,70,0,0,1526833,298541,304417.0,305366.6,305325.5224554248,312083,312083,304417.0,0.0,148.64111328125,149.08447265625,148.64111328125
DNA N-sparse 180bp reads,sequence,utf8,StdSearch,static,full-scan,full-scan,no_n_exact_tgca,%TGCATGCATGCATGC%,5,2048,768,0,0,1535626,288334,311250.0,307125.2,306966.34240196855,316042,316042,311250.0,0.0,151.9775390625,149.8857421875,151.9775390625
DNA N-sparse 180bp reads,sequence,utf8,NaiveScalar,static,full-scan,full-scan,n_single_range_exact,%ACGTNNNNNNNNNNNTGCA%,5,2048,77,0,0,1615792,307834,327666.0,323158.4,323051.5834445453,330750,330750,327666.0,0.0,159.9931640625,157.73974609375,159.9931640625
DNA N-sparse 180bp reads,sequence,utf8,StdSearch,static,full-scan,full-scan,n_suffix_exact,%TGCANNNNNNNNNNNACGT%,5,2048,80,0,0,1667458,327292,331125.0,333491.6,333440.82820974657,343041,343041,331083.0,41.0,161.68212890625,162.8125,161.66162109375
DNA N-sparse 180bp reads,sequence,utf8,StdSearch,static,full-scan,full-scan,n_many_short_ranges,%NACGNACGNACGNACG%,5,2048,66,0,0,1672624,322208,336625.0,334524.8,334427.0261542258,344958,344958,336583.0,41.0,164.36767578125,163.29443359375,164.34716796875
DNA N-sparse 180bp reads,sequence,utf8,NaiveScalar,static,full-scan,full-scan,n_single_range_with_underscore,%ACGTNNNNNNNNNNNTGCA_%,5,2048,77,0,0,1747833,334625,350000.0,349566.6,349391.4761020402,363083,363083,350000.0,0.0,170.8984375,170.60107421875,170.8984375
DNA N-sparse 180bp reads,sequence,utf8,NaiveScalar,static,full-scan,full-scan,n_interleaved_with_underscore,%ANANANANANANANANANA_%,5,2048,70,0,0,1767666,340041,351959.0,353533.2,353408.2088689418,364958,364958,351959.0,0.0,171.85498046875,172.5625,171.85498046875
DNA N-sparse 180bp reads,sequence,utf8,StdSearch,static,full-scan,full-scan,no_n_with_underscore,%ACGTACGTACGTACG_%,5,2048,768,0,0,1892250,368375,373333.0,378450.0,378306.0401104951,396375,396375,373333.0,0.0,182.29150390625,184.7197265625,182.29150390625
DNA N-sparse 180bp reads,sequence,utf8,NaiveVectorizedV2,static,full-scan,full-scan,n_single_range_exact,%ACGTNNNNNNNNNNNTGCA%,5,2048,77,0,0,1935458,375375,385875.0,387091.6,386980.22178414103,398542,398542,385834.0,0.0,188.41552734375,188.955078125,188.3955078125
DNA N-sparse 180bp reads,sequence,utf8,StdSearch,static,full-scan,full-scan,n_prefix_exact,%NNNNNNNNNNNNNNNACGT%,5,2048,80,0,0,1926250,379708,386750.0,385250.0,385231.8557287227,389167,389167,386750.0,0.0,188.8427734375,188.10107421875,188.8427734375
DNA N-sparse 180bp reads,sequence,utf8,StdSearch,static,full-scan,full-scan,no_n_exact_acgt,%ACGTACGTACGTACG%,5,2048,768,0,0,1929500,346833,391125.0,385900.0,385291.2330503282,406750,406750,391125.0,0.0,190.97900390625,188.13037109375,190.97900390625
DNA N-sparse 180bp reads,sequence,utf8,NaiveVectorizedV2,static,full-scan,full-scan,n_interleaved_exact,%ANANANANANANANANANA%,5,2048,70,0,0,1958167,383333,391709.0,391633.4,391597.58028180443,397542,397542,391709.0,0.0,191.26416015625,191.20947265625,191.26416015625
DNA N-sparse 180bp reads,sequence,utf8,NaiveVectorizedV2,static,full-scan,full-scan,n_interleaved_with_underscore,%ANANANANANANANANANA_%,5,2048,70,0,0,1971750,391167,391875.0,394350.0,394329.3641321285,401875,401875,391875.0,41.0,191.34521484375,192.54345703125,191.34521484375
DNA N-sparse 180bp reads,sequence,utf8,NaiveVectorizedV2,static,full-scan,full-scan,n_single_range_with_underscore,%ACGTNNNNNNNNNNNTGCA_%,5,2048,77,0,0,1981167,391541,393917.0,396233.4,396204.63291662623,404125,404125,393917.0,0.0,192.34228515625,193.458984375,192.34228515625
DNA N-sparse 180bp reads,sequence,utf8,StdSearch,static,full-scan,full-scan,n_single_range_exact,%ACGTNNNNNNNNNNNTGCA%,5,2048,77,0,0,1987667,388750,396375.0,397533.4,397454.5434342919,407250,407250,396333.0,42.0,193.54248046875,194.0693359375,193.52197265625
DNA N-sparse 180bp reads,sequence,utf8,StdSearch,static,full-scan,full-scan,n_single_range_with_underscore,%ACGTNNNNNNNNNNNTGCA_%,5,2048,77,0,0,2002751,392709,402875.0,400550.2,400503.2853608632,409292,409292,402833.0,41.0,196.71630859375,195.55810546875,196.69580078125
DNA N-sparse 180bp reads,sequence,utf8,StdSearch,static,full-scan,full-scan,n_interleaved_exact,%ANANANANANANANANANA%,5,2048,70,0,0,2062751,406250,412334.0,412550.2,412518.00986794016,421875,421875,412334.0,0.0,201.3349609375,201.4248046875,201.3349609375
DNA N-sparse 180bp reads,sequence,utf8,StdSearch,static,full-scan,full-scan,n_interleaved_with_underscore,%ANANANANANANANANANA_%,5,2048,70,0,0,2151501,417709,421458.0,430300.2,430078.53546476865,451917,451917,421416.0,42.0,205.7900390625,209.9990234375,205.76953125
DNA N-sparse 180bp reads,sequence,utf8,NaiveAvx2,static,full-scan,full-scan,no_n_exact_acgt,%ACGTACGTACGTACG%,5,2048,768,0,0,2121790,408625,425125.0,424358.0,424160.4872694164,445958,445958,425125.0,0.0,207.58056640625,207.109375,207.58056640625
DNA N-sparse 180bp reads,sequence,utf8,NaiveVectorized,static,full-scan,full-scan,no_n_exact_acgt,%ACGTACGTACGTACG%,5,2048,768,0,0,2148208,410875,427500.0,429641.6,429463.1394449354,448833,448833,427458.0,41.0,208.740234375,209.69873046875,208.7197265625
DNA N-sparse 180bp reads,sequence,utf8,StdSearch,static,full-scan,full-scan,n_multi_region_exact,%CGTANNNNACGTNNNNTACG%,5,2048,66,0,0,2136834,404750,430958.0,427366.8,427175.7158894975,442959,442959,430958.0,0.0,210.4287109375,208.58154296875,210.4287109375
DNA N-sparse 180bp reads,sequence,utf8,NaiveVectorized,static,full-scan,full-scan,n_interleaved_with_underscore,%ANANANANANANANANANA_%,5,2048,70,0,0,2195959,436375,437042.0,439191.8,439168.9665632595,448167,448167,437042.0,0.0,213.3994140625,214.4375,213.3994140625
DNA N-sparse 180bp reads,sequence,utf8,NaiveAvx2,static,full-scan,full-scan,no_n_with_underscore,%ACGTACGTACGTACG_%,5,2048,768,0,0,2255874,425125,460916.0,451174.8,450804.3405674181,472417,472417,460875.0,0.0,225.056640625,220.119140625,225.03662109375
DNA N-sparse 180bp reads,sequence,utf8,NaiveVectorized,static,full-scan,full-scan,n_interleaved_exact,%ANANANANANANANANANA%,5,2048,70,0,0,2340959,441333,470375.0,468191.8,467952.9657002416,487000,487000,470375.0,0.0,229.67529296875,228.4921875,229.67529296875
DNA N-sparse 180bp reads,sequence,utf8,NaiveAvx2,static,full-scan,full-scan,n_interleaved_exact,%ANANANANANANANANANA%,5,2048,70,0,0,2326749,448000,470666.0,465349.8,465229.1719571232,474916,474916,470625.0,41.0,229.8173828125,227.16259765625,229.79736328125
DNA N-sparse 180bp reads,sequence,utf8,NaiveAvx2,static,full-scan,full-scan,n_single_range_exact,%ACGTNNNNNNNNNNNTGCA%,5,2048,77,0,0,2419499,455125,481542.0,483899.8,483559.7998838797,504041,504041,481542.0,0.0,235.1279296875,236.11279296875,235.1279296875
DNA N-sparse 180bp reads,sequence,utf8,NaiveVectorized,static,full-scan,full-scan,no_n_with_underscore,%ACGTACGTACGTACG_%,5,2048,768,0,0,2321041,420917,482916.0,464208.2,463088.6345526833,493958,493958,482916.0,41.0,235.798828125,226.1171875,235.798828125
DNA N-sparse 180bp reads,sequence,utf8,NaiveVectorized,static,full-scan,full-scan,n_single_range_with_underscore,%ACGTNNNNNNNNNNNTGCA_%,5,2048,77,0,0,2414625,457292,484000.0,482925.0,482627.4214845039,501291,501291,484000.0,0.0,236.328125,235.65771484375,236.328125
DNA N-sparse 180bp reads,sequence,utf8,NaiveAvx2,static,full-scan,full-scan,n_interleaved_with_underscore,%ANANANANANANANANANA_%,5,2048,70,0,0,2451248,448291,502041.0,490249.6,489755.9150855413,505458,505458,502041.0,0.0,245.13720703125,239.13818359375,245.13720703125
DNA N-sparse 180bp reads,sequence,utf8,NaiveVectorized,static,full-scan,full-scan,n_single_range_exact,%ACGTNNNNNNNNNNNTGCA%,5,2048,77,0,0,2513584,482125,502333.0,502716.8,502537.87726222834,524542,524542,502333.0,0.0,245.27978515625,245.37939453125,245.27978515625
DNA N-sparse 180bp reads,sequence,utf8,NaiveAvx2,static,full-scan,full-scan,n_single_range_with_underscore,%ACGTNNNNNNNNNNNTGCA_%,5,2048,77,0,0,2504792,464708,503625.0,500958.4,500572.74173428304,519917,519917,503583.0,42.0,245.91064453125,244.419921875,245.89013671875
DNA N-sparse 180bp reads,sequence,dna2,Dna2PackedScalar,static,full-scan,full-scan,all_n_with_underscore,%NNNNNNNNNNNNNNN_NNNNNNNNNNNNNNN%,5,2048,1,0,0,4439333,826666,851709.0,887866.6,885661.5464396569,986208,986208,851709.0,0.0,415.87353515625,432.45166015625,415.87353515625
DNA N-sparse 180bp reads,sequence,dna2,Dna2PackedVectorized,static,full-scan,full-scan,all_n_with_underscore,%NNNNNNNNNNNNNNN_NNNNNNNNNNNNNNN%,5,2048,1,0,0,4513499,893500,903708.0,902699.8,902673.473577065,910666,910666,903708.0,0.0,441.263671875,440.75830078125,441.263671875
DNA N-sparse 180bp reads,sequence,dna2,Dna2PackedAvx2,static,full-scan,full-scan,all_n_with_underscore,%NNNNNNNNNNNNNNN_NNNNNNNNNNNNNNN%,5,2048,1,0,0,4705959,908292,917334.0,941191.8,940409.4762312735,1011458,1011458,917334.0,41.0,447.9169921875,459.18408203125,447.9169921875
DNA N-sparse 180bp reads,sequence,dna2,Dna2PackedScalar,static,full-scan,full-scan,all_n_exact,%NNNNNNNNNNNNNNN%,5,2048,87,0,0,4698835,896625,939834.0,939767.0,938993.4129891248,1007000,1007000,939834.0,0.0,458.9033203125,458.49267578125,458.9033203125
DNA N-sparse 180bp reads,sequence,dna2,Dna2,static,full-scan,full-scan,all_n_with_underscore,%NNNNNNNNNNNNNNN_NNNNNNNNNNNNNNN%,5,2048,1,0,0,4749499,904541,948042.0,949899.8,949485.9983804829,991958,991958,948042.0,0.0,462.9111328125,463.61572265625,462.9111328125
DNA N-sparse 180bp reads,sequence,dna2,Dna2PackedNeon,static,full-scan,full-scan,all_n_with_underscore,%NNNNNNNNNNNNNNN_NNNNNNNNNNNNNNN%,5,2048,1,0,0,4863457,929750,966333.0,972691.4,972123.8976265369,1015666,1015666,966291.0,0.0,471.84228515625,474.66943359375,471.82177734375
DNA N-sparse 180bp reads,sequence,dna2,Dna2PackedVectorized,static,full-scan,full-scan,all_n_exact,%NNNNNNNNNNNNNNN%,5,2048,87,0,0,4961291,978417,986041.0,992258.2,992183.3520620727,1008916,1008916,986041.0,0.0,481.46533203125,484.46435546875,481.46533203125
DNA N-sparse 180bp reads,sequence,dna2,Dna2PackedNeon,static,full-scan,full-scan,all_n_exact,%NNNNNNNNNNNNNNN%,5,2048,87,0,0,5316874,1026875,1044208.0,1063374.8,1062861.2478829143,1118666,1118666,1044208.0,0.0,509.8671875,518.97509765625,509.8671875
DNA N-sparse 180bp reads,sequence,dna2,Dna2,static,full-scan,full-scan,all_n_exact,%NNNNNNNNNNNNNNN%,5,2048,87,0,0,5472083,1068875,1101041.0,1094416.6,1094270.6836852299,1119750,1119750,1101041.0,0.0,537.61767578125,534.3115234375,537.61767578125
DNA N-sparse 180bp reads,sequence,dna2,Dna2PackedAvx2,static,full-scan,full-scan,all_n_exact,%NNNNNNNNNNNNNNN%,5,2048,87,0,0,5470168,993584,1121167.0,1094033.6,1091464.2481085616,1194875,1194875,1121125.0,42.0,547.44482421875,532.94140625,547.42431640625
DNA N-sparse 180bp reads,sequence,dna2,Dna2PackedVectorized,static,full-scan,full-scan,n_interleaved_with_underscore,%ANANANANANANANANANA_%,5,2048,70,0,0,12546708,2476041,2500000.0,2509341.6,2509183.488368875,2557916,2557916,2500000.0,0.0,1220.703125,1225.18701171875,1220.703125
DNA N-sparse 180bp reads,sequence,dna2,Dna2PackedVectorized,static,full-scan,full-scan,n_interleaved_exact,%ANANANANANANANANANA%,5,2048,70,0,0,12656083,2496417,2505041.0,2531216.6,2530762.23366295,2626167,2626167,2505000.0,0.0,1223.16455078125,1235.7236328125,1223.14453125
DNA N-sparse 180bp reads,sequence,dna2,Dna2PackedNeon,static,full-scan,full-scan,n_interleaved_exact,%ANANANANANANANANANA%,5,2048,70,0,0,12627291,2379417,2524708.0,2525458.2,2523181.298884807,2712708,2712708,2524667.0,0.0,1232.767578125,1232.02197265625,1232.74755859375
DNA N-sparse 180bp reads,sequence,dna2,Dna2PackedScalar,static,full-scan,full-scan,n_interleaved_with_underscore,%ANANANANANANANANANA_%,5,2048,70,0,0,12937710,2528917,2547875.0,2587542.0,2586851.8023348795,2662334,2662334,2547875.0,0.0,1244.07958984375,1263.11083984375,1244.07958984375
DNA N-sparse 180bp reads,sequence,dna2,Dna2PackedNeon,static,full-scan,full-scan,n_interleaved_with_underscore,%ANANANANANANANANANA_%,5,2048,70,0,0,12905960,2512333,2560251.0,2581192.0,2580286.648006729,2696292,2696292,2560209.0,42.0,1250.12255859375,1259.9052734375,1250.10205078125
DNA N-sparse 180bp reads,sequence,dna2,Dna2PackedScalar,static,full-scan,full-scan,n_interleaved_exact,%ANANANANANANANANANA%,5,2048,70,0,0,13222042,2474292,2633416.0,2644408.4,2641948.785635678,2774542,2774542,2633375.0,0.0,1285.84765625,1290.013671875,1285.82763671875
DNA N-sparse 180bp reads,sequence,dna2,Dna2PackedAvx2,static,full-scan,full-scan,n_interleaved_with_underscore,%ANANANANANANANANANA_%,5,2048,70,0,0,13681168,2635167,2653459.0,2736233.6,2733283.308597021,2969542,2969542,2653459.0,0.0,1295.63427734375,1334.61083984375,1295.63427734375
DNA N-sparse 180bp reads,sequence,dna2,Dna2PackedAvx2,static,full-scan,full-scan,n_interleaved_exact,%ANANANANANANANANANA%,5,2048,70,0,0,13706667,2642125,2714709.0,2741333.4,2739938.853743022,2888958,2888958,2714667.0,0.0,1325.54150390625,1337.8603515625,1325.52099609375
DNA N-sparse 180bp reads,sequence,dna2,Dna2,static,full-scan,full-scan,n_interleaved_with_underscore,%ANANANANANANANANANA_%,5,2048,70,0,0,14447124,2769333,2865625.0,2889424.8,2887817.0857712626,3054250,3054250,2865625.0,0.0,1399.23095703125,1410.06689453125,1399.23095703125
DNA N-sparse 180bp reads,sequence,dna2,Dna2,static,full-scan,full-scan,n_interleaved_exact,%ANANANANANANANANANA%,5,2048,70,0,0,18653999,3456041,3753208.0,3730799.8,3726765.796427479,3972292,3972292,3753166.0,41.0,1832.62109375,1819.70947265625,1832.6005859375
