dataset,column,data_path,data_type,storage,algorithm,generic_matcher,requested_index,actual_index,pattern_name,pattern,iteration,row_count,total_input_sequence_bytes,total_loaded_symbols,records_seen,records_loaded,records_skipped,records_truncated,records_invalid_dna,load_ns,index_build_ns,index_size_bytes,compile_ns,candidate_prepare_ns,execute_ns,query_total_ns,candidate_rows_seen,rows_after_len_filter,rows_matched,ns_per_table_row,ns_per_candidate_row,ns_per_loaded_symbol,fallback_reason
quotes,quotes.quote,benchmarks/quotes/../../data/quotes/quotes__quote.csv,job-csv,fsst,NaiveVectorized,static,full-scan,full-scan,exact_len001,%e%,0,75966,10741913,10741913,75966,75966,0,0,0,72601583,0,0,19375,42,9297542,9297584,75966,75966,75837,122.39138561988258,122.39083274096306,0.8655426645142257,
quotes,quotes.quote,benchmarks/quotes/../../data/quotes/quotes__quote.csv,job-csv,fsst,NaiveVectorized,static,full-scan,full-scan,exact_len001,%e%,1,75966,10741913,10741913,75966,75966,0,0,0,72601583,0,0,19375,0,9301917,9301917,75966,75966,75837,122.44842429507938,122.44842429507938,0.8659460377308958,
quotes,quotes.quote,benchmarks/quotes/../../data/quotes/quotes__quote.csv,job-csv,fsst,NaiveVectorized,static,full-scan,full-scan,exact_len001,%e%,2,75966,10741913,10741913,75966,75966,0,0,0,72601583,0,0,19375,0,9025667,9025667,75966,75966,75837,118.81192902087776,118.81192902087776,0.8402290169358102,
quotes,quotes.quote,benchmarks/quotes/../../data/quotes/quotes__quote.csv,job-csv,fsst,NaiveVectorized,static,full-scan,full-scan,exact_len002,%th%,0,75966,10741913,10741913,75966,75966,0,0,0,72601583,0,0,1458,41,12121959,12122000,75966,75966,65821,159.57138719953664,159.57084748440093,1.1284768364815467,
quotes,quotes.quote,benchmarks/quotes/../../data/quotes/quotes__quote.csv,job-csv,fsst,NaiveVectorized,static,full-scan,full-scan,exact_len002,%th%,1,75966,10741913,10741913,75966,75966,0,0,0,72601583,0,0,1458,0,11824917,11824917,75966,75966,65821,155.66065081747098,155.66065081747098,1.100820403218682,
quotes,quotes.quote,benchmarks/quotes/../../data/quotes/quotes__quote.csv,job-csv,fsst,NaiveVectorized,static,full-scan,full-scan,exact_len002,%th%,2,75966,10741913,10741913,75966,75966,0,0,0,72601583,0,0,1458,0,12141667,12141667,75966,75966,65821,159.8302793354922,159.8302793354922,1.1303077021755807,
quotes,quotes.quote,benchmarks/quotes/../../data/quotes/quotes__quote.csv,job-csv,fsst,NaiveVectorized,static,full-scan,full-scan,exact_len004,%the %,0,75966,10741913,10741913,75966,75966,0,0,0,72601583,0,0,1625,0,13657834,13657834,75966,75966,44318,179.78877392517705,179.78877392517705,1.2714526732808207,
quotes,quotes.quote,benchmarks/quotes/../../data/quotes/quotes__quote.csv,job-csv,fsst,NaiveVectorized,static,full-scan,full-scan,exact_len004,%the %,1,75966,10741913,10741913,75966,75966,0,0,0,72601583,0,0,1625,42,13933583,13933625,75966,75966,44318,183.4192270226154,183.41867414369585,1.297126964256739,
quotes,quotes.quote,benchmarks/quotes/../../data/quotes/quotes__quote.csv,job-csv,fsst,NaiveVectorized,static,full-scan,full-scan,exact_len004,%the %,2,75966,10741913,10741913,75966,75966,0,0,0,72601583,0,0,1625,42,13888416,13888458,75966,75966,44318,182.82465839981043,182.82410552089092,1.2929222197200816,
quotes,quotes.quote,benchmarks/quotes/../../data/quotes/quotes__quote.csv,job-csv,fsst,NaiveVectorized,static,full-scan,full-scan,exact_len008,%learning%,0,75966,10741913,10741913,75966,75966,0,0,0,72601583,0,0,1625,0,13967458,13967458,75966,75966,1170,183.86459731985363,183.86459731985363,1.3002765894678163,
quotes,quotes.quote,benchmarks/quotes/../../data/quotes/quotes__quote.csv,job-csv,fsst,NaiveVectorized,static,full-scan,full-scan,exact_len008,%learning%,1,75966,10741913,10741913,75966,75966,0,0,0,72601583,0,0,1625,0,13532334,13532334,75966,75966,1170,178.13671905852618,178.13671905852618,1.2597694656435963,
quotes,quotes.quote,benchmarks/quotes/../../data/quotes/quotes__quote.csv,job-csv,fsst,NaiveVectorized,static,full-scan,full-scan,exact_len008,%learning%,2,75966,10741913,10741913,75966,75966,0,0,0,72601583,0,0,1625,0,13387208,13387208,75966,75966,1170,176.22631177105546,176.22631177105546,1.2462592091371434,
quotes,quotes.quote,benchmarks/quotes/../../data/quotes/quotes__quote.csv,job-csv,fsst,NaiveVectorized,static,full-scan,full-scan,exact_len016,%ge is an issue o%,0,75966,10741913,10741913,75966,75966,0,0,0,72601583,0,0,1625,0,12072750,12072750,75966,75946,1,158.9230708474844,158.9230708474844,1.1238919920502055,
quotes,quotes.quote,benchmarks/quotes/../../data/quotes/quotes__quote.csv,job-csv,fsst,NaiveVectorized,static,full-scan,full-scan,exact_len016,%ge is an issue o%,1,75966,10741913,10741913,75966,75966,0,0,0,72601583,0,0,1625,0,11534708,11534708,75966,75946,1,151.84040228523287,151.84040228523287,1.0738038932171579,
quotes,quotes.quote,benchmarks/quotes/../../data/quotes/quotes__quote.csv,job-csv,fsst,NaiveVectorized,static,full-scan,full-scan,exact_len016,%ge is an issue o%,2,75966,10741913,10741913,75966,75966,0,0,0,72601583,0,0,1625,42,11742000,11742042,75966,75946,1,154.56970223521049,154.56914935629098,1.0931052969801562,
quotes,quotes.quote,benchmarks/quotes/../../data/quotes/quotes__quote.csv,job-csv,fsst,NaiveVectorized,static,full-scan,full-scan,exact_len032,%Age is an issue of mind over mat%,0,75966,10741913,10741913,75966,75966,0,0,0,72601583,0,0,3209,41,10183209,10183250,75966,74931,1,134.05010136113523,134.04956164599952,0.9479922244762176,
quotes,quotes.quote,benchmarks/quotes/../../data/quotes/quotes__quote.csv,job-csv,fsst,NaiveVectorized,static,full-scan,full-scan,exact_len032,%Age is an issue of mind over mat%,1,75966,10741913,10741913,75966,75966,0,0,0,72601583,0,0,3209,0,10237250,10237250,75966,74931,1,134.76094568622804,134.76094568622804,0.9530192620253022,
quotes,quotes.quote,benchmarks/quotes/../../data/quotes/quotes__quote.csv,job-csv,fsst,NaiveVectorized,static,full-scan,full-scan,exact_len032,%Age is an issue of mind over mat%,2,75966,10741913,10741913,75966,75966,0,0,0,72601583,0,0,3209,0,10389833,10389833,75966,74931,1,136.76951530948057,136.76951530948057,0.9672237151799684,
quotes,quotes.quote,benchmarks/quotes/../../data/quotes/quotes__quote.csv,job-csv,fsst,NaiveVectorized,static,full-scan,full-scan,exact_len064,%whether at twenty or eighty. Anyone who keeps learning stays you%,0,75966,10741913,10741913,75966,75966,0,0,0,72601583,0,0,4417,41,11011959,11012000,75966,65067,3,144.9595871837401,144.95904746860438,1.0251432868614743,
quotes,quotes.quote,benchmarks/quotes/../../data/quotes/quotes__quote.csv,job-csv,fsst,NaiveVectorized,static,full-scan,full-scan,exact_len064,%whether at twenty or eighty. Anyone who keeps learning stays you%,1,75966,10741913,10741913,75966,75966,0,0,0,72601583,0,0,4417,0,11078917,11078917,75966,65067,3,145.84046810415185,145.84046810415185,1.0313728104109576,
quotes,quotes.quote,benchmarks/quotes/../../data/quotes/quotes__quote.csv,job-csv,fsst,NaiveVectorized,static,full-scan,full-scan,exact_len064,%whether at twenty or eighty. Anyone who keeps learning stays you%,2,75966,10741913,10741913,75966,75966,0,0,0,72601583,0,0,4417,0,10911958,10911958,75966,65067,3,143.64265592501908,143.64265592501908,1.0158300481487794,
quotes,quotes.quote,benchmarks/quotes/../../data/quotes/quotes__quote.csv,job-csv,fsst,NaiveVectorizedWildcard,static,full-scan,full-scan,exact_len001,%e%,0,75966,10741913,10741913,75966,75966,0,0,0,72601583,0,0,243333,0,8877875,8877875,75966,75966,75837,116.86642708580155,116.86642708580155,0.8264705737236934,
quotes,quotes.quote,benchmarks/quotes/../../data/quotes/quotes__quote.csv,job-csv,fsst,NaiveVectorizedWildcard,static,full-scan,full-scan,exact_len001,%e%,1,75966,10741913,10741913,75966,75966,0,0,0,72601583,0,0,243333,0,8847542,8847542,75966,75966,75837,116.46713003185636,116.46713003185636,0.823646775020427,
quotes,quotes.quote,benchmarks/quotes/../../data/quotes/quotes__quote.csv,job-csv,fsst,NaiveVectorizedWildcard,static,full-scan,full-scan,exact_len001,%e%,2,75966,10741913,10741913,75966,75966,0,0,0,72601583,0,0,243333,42,8794167,8794209,75966,75966,75837,115.76506595055683,115.76451307163731,0.8186818306944024,
quotes,quotes.quote,benchmarks/quotes/../../data/quotes/quotes__quote.csv,job-csv,fsst,NaiveVectorizedWildcard,static,full-scan,full-scan,exact_len002,%th%,0,75966,10741913,10741913,75966,75966,0,0,0,72601583,0,0,1750,0,11166709,11166709,75966,75966,65821,146.9961430113472,146.9961430113472,1.0395456563463137,
quotes,quotes.quote,benchmarks/quotes/../../data/quotes/quotes__quote.csv,job-csv,fsst,NaiveVectorizedWildcard,static,full-scan,full-scan,exact_len002,%th%,1,75966,10741913,10741913,75966,75966,0,0,0,72601583,0,0,1750,0,11068167,11068167,75966,75966,65821,145.69895742832318,145.69895742832318,1.030372057565538,
quotes,quotes.quote,benchmarks/quotes/../../data/quotes/quotes__quote.csv,job-csv,fsst,NaiveVectorizedWildcard,static,full-scan,full-scan,exact_len002,%th%,2,75966,10741913,10741913,75966,75966,0,0,0,72601583,0,0,1750,0,11066209,11066209,75966,75966,65821,145.67318273964668,145.67318273964668,1.0301897809077396,
quotes,quotes.quote,benchmarks/quotes/../../data/quotes/quotes__quote.csv,job-csv,fsst,NaiveVectorizedWildcard,static,full-scan,full-scan,exact_len004,%the %,0,75966,10741913,10741913,75966,75966,0,0,0,72601583,0,0,1166,0,14239208,14239208,75966,75966,44318,187.44185556696416,187.44185556696416,1.3255746904671448,
quotes,quotes.quote,benchmarks/quotes/../../data/quotes/quotes__quote.csv,job-csv,fsst,NaiveVectorizedWildcard,static,full-scan,full-scan,exact_len004,%the %,1,75966,10741913,10741913,75966,75966,0,0,0,72601583,0,0,1166,0,14282917,14282917,75966,75966,44318,188.0172313929916,188.0172313929916,1.3296437049899772,
quotes,quotes.quote,benchmarks/quotes/../../data/quotes/quotes__quote.csv,job-csv,fsst,NaiveVectorizedWildcard,static,full-scan,full-scan,exact_len004,%the %,2,75966,10741913,10741913,75966,75966,0,0,0,72601583,0,0,1166,0,14718084,14718084,75966,75966,44318,193.74567569702236,193.74567569702236,1.370154831825579,
quotes,quotes.quote,benchmarks/quotes/../../data/quotes/quotes__quote.csv,job-csv,fsst,NaiveVectorizedWildcard,static,full-scan,full-scan,exact_len008,%learning%,0,75966,10741913,10741913,75966,75966,0,0,0,72601583,0,0,1750,42,14518083,14518125,75966,75966,1170,191.1134586525551,191.11290577363556,1.3515399910611825,
quotes,quotes.quote,benchmarks/quotes/../../data/quotes/quotes__quote.csv,job-csv,fsst,NaiveVectorizedWildcard,static,full-scan,full-scan,exact_len008,%learning%,1,75966,10741913,10741913,75966,75966,0,0,0,72601583,0,0,1750,0,14540375,14540375,75966,75966,1170,191.40635284206093,191.40635284206093,1.3536113167179813,
quotes,quotes.quote,benchmarks/quotes/../../data/quotes/quotes__quote.csv,job-csv,fsst,NaiveVectorizedWildcard,static,full-scan,full-scan,exact_len008,%learning%,2,75966,10741913,10741913,75966,75966,0,0,0,72601583,0,0,1750,42,15158875,15158917,75966,75966,1170,199.54870600005265,199.54815312113314,1.4111934252306828,
quotes,quotes.quote,benchmarks/quotes/../../data/quotes/quotes__quote.csv,job-csv,fsst,NaiveVectorizedWildcard,static,full-scan,full-scan,exact_len016,%ge is an issue o%,0,75966,10741913,10741913,75966,75966,0,0,0,72601583,0,0,1625,0,13177209,13177209,75966,75946,1,173.46193033725615,173.46193033725615,1.2267097117617691,
quotes,quotes.quote,benchmarks/quotes/../../data/quotes/quotes__quote.csv,job-csv,fsst,NaiveVectorizedWildcard,static,full-scan,full-scan,exact_len016,%ge is an issue o%,1,75966,10741913,10741913,75966,75966,0,0,0,72601583,0,0,1625,42,13190500,13190542,75966,75946,1,173.6374430666351,173.63689018771555,1.2279509245699531,
quotes,quotes.quote,benchmarks/quotes/../../data/quotes/quotes__quote.csv,job-csv,fsst,NaiveVectorizedWildcard,static,full-scan,full-scan,exact_len016,%ge is an issue o%,2,75966,10741913,10741913,75966,75966,0,0,0,72601583,0,0,1625,0,13148458,13148458,75966,75946,1,173.08345838927943,173.08345838927943,1.2240331866400334,
quotes,quotes.quote,benchmarks/quotes/../../data/quotes/quotes__quote.csv,job-csv,fsst,NaiveVectorizedWildcard,static,full-scan,full-scan,exact_len032,%Age is an issue of mind over mat%,0,75966,10741913,10741913,75966,75966,0,0,0,72601583,0,0,2458,0,11072333,11072333,75966,74931,1,145.75379775162574,145.75379775162574,1.030759884203121,
quotes,quotes.quote,benchmarks/quotes/../../data/quotes/quotes__quote.csv,job-csv,fsst,NaiveVectorizedWildcard,static,full-scan,full-scan,exact_len032,%Age is an issue of mind over mat%,1,75966,10741913,10741913,75966,75966,0,0,0,72601583,0,0,2458,0,11228083,11228083,75966,74931,1,147.80405707816655,147.80405707816655,1.0452591638007123,
quotes,quotes.quote,benchmarks/quotes/../../data/quotes/quotes__quote.csv,job-csv,fsst,NaiveVectorizedWildcard,static,full-scan,full-scan,exact_len032,%Age is an issue of mind over mat%,2,75966,10741913,10741913,75966,75966,0,0,0,72601583,0,0,2458,0,10884250,10884250,75966,74931,1,143.2779138035437,143.2779138035437,1.0132506193263713,
quotes,quotes.quote,benchmarks/quotes/../../data/quotes/quotes__quote.csv,job-csv,fsst,NaiveVectorizedWildcard,static,full-scan,full-scan,exact_len064,%whether at twenty or eighty. Anyone who keeps learning stays you%,0,75966,10741913,10741913,75966,75966,0,0,0,72601583,0,0,1334,0,10493667,10493667,75966,65067,3,138.13636363636363,138.13636363636363,0.9768899636405546,
quotes,quotes.quote,benchmarks/quotes/../../data/quotes/quotes__quote.csv,job-csv,fsst,NaiveVectorizedWildcard,static,full-scan,full-scan,exact_len064,%whether at twenty or eighty. Anyone who keeps learning stays you%,1,75966,10741913,10741913,75966,75966,0,0,0,72601583,0,0,1334,41,10455667,10455708,75966,65067,3,137.63667956717478,137.63613985203907,0.9733562355234119,
quotes,quotes.quote,benchmarks/quotes/../../data/quotes/quotes__quote.csv,job-csv,fsst,NaiveVectorizedWildcard,static,full-scan,full-scan,exact_len064,%whether at twenty or eighty. Anyone who keeps learning stays you%,2,75966,10741913,10741913,75966,75966,0,0,0,72601583,0,0,1334,0,10395208,10395208,75966,65067,3,136.84027064739487,136.84027064739487,0.9677240916026782,
quotes,quotes.quote,benchmarks/quotes/../../data/quotes/quotes__quote.csv,job-csv,fsst,PairHorspool,static,full-scan,full-scan,exact_len001,%e%,0,75966,10741913,10741913,75966,75966,0,0,0,72601583,0,0,12417,0,8883959,8883959,75966,75966,75837,116.94651554642867,116.94651554642867,0.8270369532875569,
quotes,quotes.quote,benchmarks/quotes/../../data/quotes/quotes__quote.csv,job-csv,fsst,PairHorspool,static,full-scan,full-scan,exact_len001,%e%,1,75966,10741913,10741913,75966,75966,0,0,0,72601583,0,0,12417,42,8235750,8235792,75966,75966,75837,108.41418529342074,108.41363241450122,0.7666969561194547,
quotes,quotes.quote,benchmarks/quotes/../../data/quotes/quotes__quote.csv,job-csv,fsst,PairHorspool,static,full-scan,full-scan,exact_len001,%e%,2,75966,10741913,10741913,75966,75966,0,0,0,72601583,0,0,12417,42,7975916,7975958,75966,75966,75837,104.99378669404733,104.99323381512782,0.7425081547392909,
quotes,quotes.quote,benchmarks/quotes/../../data/quotes/quotes__quote.csv,job-csv,fsst,PairHorspool,static,full-scan,full-scan,exact_len002,%th%,0,75966,10741913,10741913,75966,75966,0,0,0,72601583,0,0,4417,42,9844083,9844125,75966,75966,65821,129.58593318063345,129.5853803017139,0.9164219632015266,
quotes,quotes.quote,benchmarks/quotes/../../data/quotes/quotes__quote.csv,job-csv,fsst,PairHorspool,static,full-scan,full-scan,exact_len002,%th%,1,75966,10741913,10741913,75966,75966,0,0,0,72601583,0,0,4417,0,9764208,9764208,75966,75966,65821,128.5339230708475,128.5339230708475,0.9089822269087452,
quotes,quotes.quote,benchmarks/quotes/../../data/quotes/quotes__quote.csv,job-csv,fsst,PairHorspool,static,full-scan,full-scan,exact_len002,%th%,2,75966,10741913,10741913,75966,75966,0,0,0,72601583,0,0,4417,0,9841500,9841500,75966,75966,65821,129.55137824816364,129.55137824816364,0.9161775933206683,
quotes,quotes.quote,benchmarks/quotes/../../data/quotes/quotes__quote.csv,job-csv,fsst,PairHorspool,static,full-scan,full-scan,exact_len004,%the %,0,75966,10741913,10741913,75966,75966,0,0,0,72601583,0,0,2416,0,11057041,11057041,75966,75966,44318,145.55249716978648,145.55249716978648,1.0293363016438506,
quotes,quotes.quote,benchmarks/quotes/../../data/quotes/quotes__quote.csv,job-csv,fsst,PairHorspool,static,full-scan,full-scan,exact_len004,%the %,1,75966,10741913,10741913,75966,75966,0,0,0,72601583,0,0,2416,0,10900875,10900875,75966,75966,44318,143.49676170918568,143.49676170918568,1.0147982952384738,
quotes,quotes.quote,benchmarks/quotes/../../data/quotes/quotes__quote.csv,job-csv,fsst,PairHorspool,static,full-scan,full-scan,exact_len004,%the %,2,75966,10741913,10741913,75966,75966,0,0,0,72601583,0,0,2416,0,10894334,10894334,75966,75966,44318,143.41065739936286,143.41065739936286,1.014189372042019,
quotes,quotes.quote,benchmarks/quotes/../../data/quotes/quotes__quote.csv,job-csv,fsst,PairHorspool,static,full-scan,full-scan,exact_len008,%learning%,0,75966,10741913,10741913,75966,75966,0,0,0,72601583,0,0,1958,42,9506375,9506417,75966,75966,1170,125.14041808177342,125.13986520285391,0.8849836151158551,
quotes,quotes.quote,benchmarks/quotes/../../data/quotes/quotes__quote.csv,job-csv,fsst,PairHorspool,static,full-scan,full-scan,exact_len008,%learning%,1,75966,10741913,10741913,75966,75966,0,0,0,72601583,0,0,1958,0,9638375,9638375,75966,75966,1170,126.87748466419187,126.87748466419187,0.8972680192066348,
quotes,quotes.quote,benchmarks/quotes/../../data/quotes/quotes__quote.csv,job-csv,fsst,PairHorspool,static,full-scan,full-scan,exact_len008,%learning%,2,75966,10741913,10741913,75966,75966,0,0,0,72601583,0,0,1958,42,9558250,9558292,75966,75966,1170,125.82328936629544,125.82273648737593,0.8898128294280544,
quotes,quotes.quote,benchmarks/quotes/../../data/quotes/quotes__quote.csv,job-csv,fsst,PairHorspool,static,full-scan,full-scan,exact_len016,%ge is an issue o%,0,75966,10741913,10741913,75966,75966,0,0,0,72601583,0,0,9125,0,9207833,9207833,75966,75946,1,121.20992286022694,121.20992286022694,0.8571874488277833,
quotes,quotes.quote,benchmarks/quotes/../../data/quotes/quotes__quote.csv,job-csv,fsst,PairHorspool,static,full-scan,full-scan,exact_len016,%ge is an issue o%,1,75966,10741913,10741913,75966,75966,0,0,0,72601583,0,0,9125,42,9333333,9333375,75966,75946,1,122.86253060579733,122.86197772687781,0.8688745663831015,
quotes,quotes.quote,benchmarks/quotes/../../data/quotes/quotes__quote.csv,job-csv,fsst,PairHorspool,static,full-scan,full-scan,exact_len016,%ge is an issue o%,2,75966,10741913,10741913,75966,75966,0,0,0,72601583,0,0,9125,42,9360875,9360917,75966,75946,1,123.22508753916226,123.22453466024274,0.8714385417197105,
quotes,quotes.quote,benchmarks/quotes/../../data/quotes/quotes__quote.csv,job-csv,fsst,PairHorspool,static,full-scan,full-scan,exact_len032,%Age is an issue of mind over mat%,0,75966,10741913,10741913,75966,75966,0,0,0,72601583,0,0,1500,0,8913875,8913875,75966,74931,1,117.34032330253008,117.34032330253008,0.8298219320897497,
quotes,quotes.quote,benchmarks/quotes/../../data/quotes/quotes__quote.csv,job-csv,fsst,PairHorspool,static,full-scan,full-scan,exact_len032,%Age is an issue of mind over mat%,1,75966,10741913,10741913,75966,75966,0,0,0,72601583,0,0,1500,0,8943500,8943500,75966,74931,1,117.73030039754627,117.73030039754627,0.8325798207451504,
quotes,quotes.quote,benchmarks/quotes/../../data/quotes/quotes__quote.csv,job-csv,fsst,PairHorspool,static,full-scan,full-scan,exact_len032,%Age is an issue of mind over mat%,2,75966,10741913,10741913,75966,75966,0,0,0,72601583,0,0,1500,0,9088208,9088208,75966,74931,1,119.6352052233894,119.6352052233894,0.8460511642572417,
quotes,quotes.quote,benchmarks/quotes/../../data/quotes/quotes__quote.csv,job-csv,fsst,PairHorspool,static,full-scan,full-scan,exact_len064,%whether at twenty or eighty. Anyone who keeps learning stays you%,0,75966,10741913,10741913,75966,75966,0,0,0,72601583,0,0,1250,0,7637417,7637417,75966,65067,3,100.53730616328357,100.53730616328357,0.7109922599447603,
quotes,quotes.quote,benchmarks/quotes/../../data/quotes/quotes__quote.csv,job-csv,fsst,PairHorspool,static,full-scan,full-scan,exact_len064,%whether at twenty or eighty. Anyone who keeps learning stays you%,1,75966,10741913,10741913,75966,75966,0,0,0,72601583,0,0,1250,0,7929750,7929750,75966,65067,3,104.38551457230867,104.38551457230867,0.7382065000898815,
quotes,quotes.quote,benchmarks/quotes/../../data/quotes/quotes__quote.csv,job-csv,fsst,PairHorspool,static,full-scan,full-scan,exact_len064,%whether at twenty or eighty. Anyone who keeps learning stays you%,2,75966,10741913,10741913,75966,75966,0,0,0,72601583,0,0,1250,0,7795542,7795542,75966,65067,3,102.61882947634469,102.61882947634469,0.7257126361012233,
quotes,quotes.quote,benchmarks/quotes/../../data/quotes/quotes__quote.csv,job-csv,utf8,NaiveVectorized,static,full-scan,full-scan,exact_len001,%e%,0,75966,10741913,10741913,75966,75966,0,0,0,72601583,0,0,1583,125,1243958,1244083,75966,75966,75837,16.37683963878577,16.37519416581102,0.11581577694773733,
quotes,quotes.quote,benchmarks/quotes/../../data/quotes/quotes__quote.csv,job-csv,utf8,NaiveVectorized,static,full-scan,full-scan,exact_len001,%e%,1,75966,10741913,10741913,75966,75966,0,0,0,72601583,0,0,1583,41,1267125,1267166,75966,75966,75837,16.68069926019535,16.68015954505963,0.1179646493133951,
quotes,quotes.quote,benchmarks/quotes/../../data/quotes/quotes__quote.csv,job-csv,utf8,NaiveVectorized,static,full-scan,full-scan,exact_len001,%e%,2,75966,10741913,10741913,75966,75966,0,0,0,72601583,0,0,1583,0,1330375,1330375,75966,75966,75837,17.512768870284074,17.512768870284074,0.12384898295117452,
quotes,quotes.quote,benchmarks/quotes/../../data/quotes/quotes__quote.csv,job-csv,utf8,NaiveVectorized,static,full-scan,full-scan,exact_len002,%th%,0,75966,10741913,10741913,75966,75966,0,0,0,72601583,0,0,1500,166,3767458,3767624,75966,75966,65821,49.5961877682121,49.59400258010162,0.35074050590430217,
quotes,quotes.quote,benchmarks/quotes/../../data/quotes/quotes__quote.csv,job-csv,utf8,NaiveVectorized,static,full-scan,full-scan,exact_len002,%th%,1,75966,10741913,10741913,75966,75966,0,0,0,72601583,0,0,1500,0,4134959,4134959,75966,75966,65821,54.4317062896559,54.4317062896559,0.38493692883195013,
quotes,quotes.quote,benchmarks/quotes/../../data/quotes/quotes__quote.csv,job-csv,utf8,NaiveVectorized,static,full-scan,full-scan,exact_len002,%th%,2,75966,10741913,10741913,75966,75966,0,0,0,72601583,0,0,1500,0,4050333,4050333,75966,75966,65821,53.31770792196509,53.31770792196509,0.377058816246231,
quotes,quotes.quote,benchmarks/quotes/../../data/quotes/quotes__quote.csv,job-csv,utf8,NaiveVectorized,static,full-scan,full-scan,exact_len004,%the %,0,75966,10741913,10741913,75966,75966,0,0,0,72601583,0,0,1458,208,5957000,5957208,75966,75966,44318,78.41939815180476,78.41666008477476,0.5545760796982809,
quotes,quotes.quote,benchmarks/quotes/../../data/quotes/quotes__quote.csv,job-csv,utf8,NaiveVectorized,static,full-scan,full-scan,exact_len004,%the %,1,75966,10741913,10741913,75966,75966,0,0,0,72601583,0,0,1458,0,5702041,5702041,75966,75966,44318,75.06043493141668,75.06043493141668,0.5308217446929611,
quotes,quotes.quote,benchmarks/quotes/../../data/quotes/quotes__quote.csv,job-csv,utf8,NaiveVectorized,static,full-scan,full-scan,exact_len004,%the %,2,75966,10741913,10741913,75966,75966,0,0,0,72601583,0,0,1458,42,5985583,5985625,75966,75966,44318,78.79347339599295,78.79292051707343,0.5572215116618427,
quotes,quotes.quote,benchmarks/quotes/../../data/quotes/quotes__quote.csv,job-csv,utf8,NaiveVectorized,static,full-scan,full-scan,exact_len008,%learning%,0,75966,10741913,10741913,75966,75966,0,0,0,72601583,0,0,2000,125,5797875,5798000,75966,75966,1170,76.3236184608904,76.32197298791564,0.5397548835109723,
quotes,quotes.quote,benchmarks/quotes/../../data/quotes/quotes__quote.csv,job-csv,utf8,NaiveVectorized,static,full-scan,full-scan,exact_len008,%learning%,1,75966,10741913,10741913,75966,75966,0,0,0,72601583,0,0,2000,0,5645042,5645042,75966,75966,1170,74.31011241871363,74.31011241871363,0.5255155203733264,
quotes,quotes.quote,benchmarks/quotes/../../data/quotes/quotes__quote.csv,job-csv,utf8,NaiveVectorized,static,full-scan,full-scan,exact_len008,%learning%,2,75966,10741913,10741913,75966,75966,0,0,0,72601583,0,0,2000,42,5857750,5857792,75966,75966,1170,77.11070742174131,77.11015454282179,0.5453211173838403,
quotes,quotes.quote,benchmarks/quotes/../../data/quotes/quotes__quote.csv,job-csv,utf8,NaiveVectorized,static,full-scan,full-scan,exact_len016,%ge is an issue o%,0,75966,10741913,10741913,75966,75966,0,0,0,72601583,0,0,2000,84,4223791,4223875,75966,75946,1,55.60217728984019,55.60107153200116,0.39321441162295767,
quotes,quotes.quote,benchmarks/quotes/../../data/quotes/quotes__quote.csv,job-csv,utf8,NaiveVectorized,static,full-scan,full-scan,exact_len016,%ge is an issue o%,1,75966,10741913,10741913,75966,75966,0,0,0,72601583,0,0,2000,42,3912416,3912458,75966,75946,1,51.502751230813786,51.50219835189427,0.3642235791706747,
quotes,quotes.quote,benchmarks/quotes/../../data/quotes/quotes__quote.csv,job-csv,utf8,NaiveVectorized,static,full-scan,full-scan,exact_len016,%ge is an issue o%,2,75966,10741913,10741913,75966,75966,0,0,0,72601583,0,0,2000,0,4214000,4214000,75966,75946,1,55.47218492483479,55.47218492483479,0.3922951154044908,
quotes,quotes.quote,benchmarks/quotes/../../data/quotes/quotes__quote.csv,job-csv,utf8,NaiveVectorized,static,full-scan,full-scan,exact_len032,%Age is an issue of mind over mat%,0,75966,10741913,10741913,75966,75966,0,0,0,72601583,0,0,3000,41,2890834,2890875,75966,74931,1,38.054853487086326,38.05431377195061,0.26912105879092485,
quotes,quotes.quote,benchmarks/quotes/../../data/quotes/quotes__quote.csv,job-csv,utf8,NaiveVectorized,static,full-scan,full-scan,exact_len032,%Age is an issue of mind over mat%,1,75966,10741913,10741913,75966,75966,0,0,0,72601583,0,0,3000,42,2774500,2774542,75966,74931,1,36.523471026511864,36.52291814759234,0.25829123732430154,
quotes,quotes.quote,benchmarks/quotes/../../data/quotes/quotes__quote.csv,job-csv,utf8,NaiveVectorized,static,full-scan,full-scan,exact_len032,%Age is an issue of mind over mat%,2,75966,10741913,10741913,75966,75966,0,0,0,72601583,0,0,3000,42,2882458,2882500,75966,74931,1,37.94460679777795,37.94405391885844,0.268341402504377,
quotes,quotes.quote,benchmarks/quotes/../../data/quotes/quotes__quote.csv,job-csv,utf8,NaiveVectorized,static,full-scan,full-scan,exact_len064,%whether at twenty or eighty. Anyone who keeps learning stays you%,0,75966,10741913,10741913,75966,75966,0,0,0,72601583,0,0,2292,0,3595125,3595125,75966,65067,3,47.325448226838326,47.325448226838326,0.3346820068269032,
quotes,quotes.quote,benchmarks/quotes/../../data/quotes/quotes__quote.csv,job-csv,utf8,NaiveVectorized,static,full-scan,full-scan,exact_len064,%whether at twenty or eighty. Anyone who keeps learning stays you%,1,75966,10741913,10741913,75966,75966,0,0,0,72601583,0,0,2292,0,3737667,3737667,75966,65067,3,49.201840296974964,49.201840296974964,0.3479517102773035,
quotes,quotes.quote,benchmarks/quotes/../../data/quotes/quotes__quote.csv,job-csv,utf8,NaiveVectorized,static,full-scan,full-scan,exact_len064,%whether at twenty or eighty. Anyone who keeps learning stays you%,2,75966,10741913,10741913,75966,75966,0,0,0,72601583,0,0,2292,42,3733208,3733250,75966,65067,3,49.14369586393913,49.143142985019615,0.34754051722444596,
quotes,quotes.quote,benchmarks/quotes/../../data/quotes/quotes__quote.csv,job-csv,utf8,NaiveVectorizedWildcard,static,full-scan,full-scan,exact_len001,%e%,0,75966,10741913,10741913,75966,75966,0,0,0,72601583,0,0,1583,42,1224667,1224709,75966,75966,75837,16.121804491483033,16.121251612563515,0.11401218758707131,
quotes,quotes.quote,benchmarks/quotes/../../data/quotes/quotes__quote.csv,job-csv,utf8,NaiveVectorizedWildcard,static,full-scan,full-scan,exact_len001,%e%,1,75966,10741913,10741913,75966,75966,0,0,0,72601583,0,0,1583,0,1271125,1271125,75966,75966,75837,16.732814680251693,16.732814680251693,0.11833320564037336,
quotes,quotes.quote,benchmarks/quotes/../../data/quotes/quotes__quote.csv,job-csv,utf8,NaiveVectorizedWildcard,static,full-scan,full-scan,exact_len001,%e%,2,75966,10741913,10741913,75966,75966,0,0,0,72601583,0,0,1583,42,1327709,1327751,75966,75966,75837,17.478227101598083,17.477674222678566,0.1236047061636042,
quotes,quotes.quote,benchmarks/quotes/../../data/quotes/quotes__quote.csv,job-csv,utf8,NaiveVectorizedWildcard,static,full-scan,full-scan,exact_len002,%th%,0,75966,10741913,10741913,75966,75966,0,0,0,72601583,0,0,958,42,3395125,3395167,75966,75966,65821,44.693244346154856,44.69269146723534,0.3160672591557947,
quotes,quotes.quote,benchmarks/quotes/../../data/quotes/quotes__quote.csv,job-csv,utf8,NaiveVectorizedWildcard,static,full-scan,full-scan,exact_len002,%th%,1,75966,10741913,10741913,75966,75966,0,0,0,72601583,0,0,958,0,3301041,3301041,75966,75966,65821,43.45419003238291,43.45419003238291,0.3073047603345884,
quotes,quotes.quote,benchmarks/quotes/../../data/quotes/quotes__quote.csv,job-csv,utf8,NaiveVectorizedWildcard,static,full-scan,full-scan,exact_len002,%th%,2,75966,10741913,10741913,75966,75966,0,0,0,72601583,0,0,958,0,3235334,3235334,75966,75966,65821,42.589237290366746,42.589237290366746,0.3011878796635199,
quotes,quotes.quote,benchmarks/quotes/../../data/quotes/quotes__quote.csv,job-csv,utf8,NaiveVectorizedWildcard,static,full-scan,full-scan,exact_len004,%the %,0,75966,10741913,10741913,75966,75966,0,0,0,72601583,0,0,458,0,6628125,6628125,75966,75966,44318,87.25120448621752,87.25120448621752,0.6170339491671548,
quotes,quotes.quote,benchmarks/quotes/../../data/quotes/quotes__quote.csv,job-csv,utf8,NaiveVectorizedWildcard,static,full-scan,full-scan,exact_len004,%the %,1,75966,10741913,10741913,75966,75966,0,0,0,72601583,0,0,458,0,6280291,6280291,75966,75966,44318,82.6723929126188,82.6723929126188,0.584652938447742,
quotes,quotes.quote,benchmarks/quotes/../../data/quotes/quotes__quote.csv,job-csv,utf8,NaiveVectorizedWildcard,static,full-scan,full-scan,exact_len004,%the %,2,75966,10741913,10741913,75966,75966,0,0,0,72601583,0,0,458,0,6539625,6539625,75966,75966,44318,86.0862096200932,86.0862096200932,0.6087951931839328,
quotes,quotes.quote,benchmarks/quotes/../../data/quotes/quotes__quote.csv,job-csv,utf8,NaiveVectorizedWildcard,static,full-scan,full-scan,exact_len008,%learning%,0,75966,10741913,10741913,75966,75966,0,0,0,72601583,0,0,792,0,6568250,6568250,75966,75966,1170,86.46302293131137,86.46302293131137,0.6114599885513875,
quotes,quotes.quote,benchmarks/quotes/../../data/quotes/quotes__quote.csv,job-csv,utf8,NaiveVectorizedWildcard,static,full-scan,full-scan,exact_len008,%learning%,1,75966,10741913,10741913,75966,75966,0,0,0,72601583,0,0,792,0,6347083,6347083,75966,75966,1170,83.55162836005582,83.55162836005582,0.590870825336232,
quotes,quotes.quote,benchmarks/quotes/../../data/quotes/quotes__quote.csv,job-csv,utf8,NaiveVectorizedWildcard,static,full-scan,full-scan,exact_len008,%learning%,2,75966,10741913,10741913,75966,75966,0,0,0,72601583,0,0,792,0,6387625,6387625,75966,75966,1170,84.08531448279493,84.08531448279493,0.5946450134161392,
quotes,quotes.quote,benchmarks/quotes/../../data/quotes/quotes__quote.csv,job-csv,utf8,NaiveVectorizedWildcard,static,full-scan,full-scan,exact_len016,%ge is an issue o%,0,75966,10741913,10741913,75966,75966,0,0,0,72601583,0,0,625,42,5255166,5255208,75966,75946,1,69.1784219255983,69.17786904667878,0.4892245915601811,
quotes,quotes.quote,benchmarks/quotes/../../data/quotes/quotes__quote.csv,job-csv,utf8,NaiveVectorizedWildcard,static,full-scan,full-scan,exact_len016,%ge is an issue o%,1,75966,10741913,10741913,75966,75966,0,0,0,72601583,0,0,625,41,5221375,5221416,75966,75946,1,68.73359134349577,68.73305162836006,0.4860787831739095,
quotes,quotes.quote,benchmarks/quotes/../../data/quotes/quotes__quote.csv,job-csv,utf8,NaiveVectorizedWildcard,static,full-scan,full-scan,exact_len016,%ge is an issue o%,2,75966,10741913,10741913,75966,75966,0,0,0,72601583,0,0,625,0,5084917,5084917,75966,75946,1,66.93674801885054,66.93674801885054,0.47337164246256697,
quotes,quotes.quote,benchmarks/quotes/../../data/quotes/quotes__quote.csv,job-csv,utf8,NaiveVectorizedWildcard,static,full-scan,full-scan,exact_len032,%Age is an issue of mind over mat%,0,75966,10741913,10741913,75966,75966,0,0,0,72601583,0,0,667,0,3492000,3492000,75966,74931,1,45.967933022668035,45.967933022668035,0.32508176150747076,
quotes,quotes.quote,benchmarks/quotes/../../data/quotes/quotes__quote.csv,job-csv,utf8,NaiveVectorizedWildcard,static,full-scan,full-scan,exact_len032,%Age is an issue of mind over mat%,1,75966,10741913,10741913,75966,75966,0,0,0,72601583,0,0,667,42,3374375,3374417,75966,74931,1,44.42009583234605,44.419542953426536,0.31413557343091497,
quotes,quotes.quote,benchmarks/quotes/../../data/quotes/quotes__quote.csv,job-csv,utf8,NaiveVectorizedWildcard,static,full-scan,full-scan,exact_len032,%Age is an issue of mind over mat%,2,75966,10741913,10741913,75966,75966,0,0,0,72601583,0,0,667,42,3480583,3480625,75966,74931,1,45.81819498196562,45.8176421030461,0.32402282535708493,
quotes,quotes.quote,benchmarks/quotes/../../data/quotes/quotes__quote.csv,job-csv,utf8,NaiveVectorizedWildcard,static,full-scan,full-scan,exact_len064,%whether at twenty or eighty. Anyone who keeps learning stays you%,0,75966,10741913,10741913,75966,75966,0,0,0,72601583,0,0,2000,42,3354708,3354750,75966,65067,3,44.16120369639049,44.16065081747097,0.31230470773688074,
quotes,quotes.quote,benchmarks/quotes/../../data/quotes/quotes__quote.csv,job-csv,utf8,NaiveVectorizedWildcard,static,full-scan,full-scan,exact_len064,%whether at twenty or eighty. Anyone who keeps learning stays you%,1,75966,10741913,10741913,75966,75966,0,0,0,72601583,0,0,2000,0,3609333,3609333,75966,65067,3,47.51247926704052,47.51247926704052,0.3360046762620401,
quotes,quotes.quote,benchmarks/quotes/../../data/quotes/quotes__quote.csv,job-csv,utf8,NaiveVectorizedWildcard,static,full-scan,full-scan,exact_len064,%whether at twenty or eighty. Anyone who keeps learning stays you%,2,75966,10741913,10741913,75966,75966,0,0,0,72601583,0,0,2000,0,3292625,3292625,75966,65067,3,43.34340362793881,43.34340362793881,0.3065212872232348,
quotes,quotes.quote,benchmarks/quotes/../../data/quotes/quotes__quote.csv,job-csv,utf8,PairHorspool,static,full-scan,full-scan,exact_len001,%e%,0,75966,10741913,10741913,75966,75966,0,0,0,72601583,0,0,1834,42,692208,692250,75966,75966,75837,9.112629334175816,9.112076455256299,0.0644438285806262,
quotes,quotes.quote,benchmarks/quotes/../../data/quotes/quotes__quote.csv,job-csv,utf8,PairHorspool,static,full-scan,full-scan,exact_len001,%e%,1,75966,10741913,10741913,75966,75966,0,0,0,72601583,0,0,1834,41,701417,701458,75966,75966,75837,9.233841455387937,9.233301740252218,0.06530103157603306,
quotes,quotes.quote,benchmarks/quotes/../../data/quotes/quotes__quote.csv,job-csv,utf8,PairHorspool,static,full-scan,full-scan,exact_len001,%e%,2,75966,10741913,10741913,75966,75966,0,0,0,72601583,0,0,1834,42,679708,679750,75966,75966,75837,8.94808203670063,8.947529157781112,0.06328016248130106,
quotes,quotes.quote,benchmarks/quotes/../../data/quotes/quotes__quote.csv,job-csv,utf8,PairHorspool,static,full-scan,full-scan,exact_len002,%th%,0,75966,10741913,10741913,75966,75966,0,0,0,72601583,0,0,3083,42,2245291,2245333,75966,75966,65821,29.55707816654819,29.556525287628677,0.20902543150368094,
quotes,quotes.quote,benchmarks/quotes/../../data/quotes/quotes__quote.csv,job-csv,utf8,PairHorspool,static,full-scan,full-scan,exact_len002,%th%,1,75966,10741913,10741913,75966,75966,0,0,0,72601583,0,0,3083,0,2085750,2085750,75966,75966,65821,27.45636205670958,27.45636205670958,0.19416932533339268,
quotes,quotes.quote,benchmarks/quotes/../../data/quotes/quotes__quote.csv,job-csv,utf8,PairHorspool,static,full-scan,full-scan,exact_len002,%th%,2,75966,10741913,10741913,75966,75966,0,0,0,72601583,0,0,3083,0,2194959,2194959,75966,75966,65821,28.89396572150699,28.89396572150699,0.2043359502166886,
quotes,quotes.quote,benchmarks/quotes/../../data/quotes/quotes__quote.csv,job-csv,utf8,PairHorspool,static,full-scan,full-scan,exact_len004,%the %,0,75966,10741913,10741913,75966,75966,0,0,0,72601583,0,0,1584,0,3046625,3046625,75966,75966,44318,40.10511281362715,40.10511281362715,0.2836203383885161,
quotes,quotes.quote,benchmarks/quotes/../../data/quotes/quotes__quote.csv,job-csv,utf8,PairHorspool,static,full-scan,full-scan,exact_len004,%the %,1,75966,10741913,10741913,75966,75966,0,0,0,72601583,0,0,1584,0,3096625,3096625,75966,75966,44318,40.7633020035279,40.7633020035279,0.28827500278581664,
quotes,quotes.quote,benchmarks/quotes/../../data/quotes/quotes__quote.csv,job-csv,utf8,PairHorspool,static,full-scan,full-scan,exact_len004,%the %,2,75966,10741913,10741913,75966,75966,0,0,0,72601583,0,0,1584,0,3127959,3127959,75966,75966,44318,41.17577600505489,41.17577600505489,0.29119198787031697,
quotes,quotes.quote,benchmarks/quotes/../../data/quotes/quotes__quote.csv,job-csv,utf8,PairHorspool,static,full-scan,full-scan,exact_len008,%learning%,0,75966,10741913,10741913,75966,75966,0,0,0,72601583,0,0,792,0,2021000,2021000,75966,75966,1170,26.604007055788117,26.604007055788117,0.18814153493888844,
quotes,quotes.quote,benchmarks/quotes/../../data/quotes/quotes__quote.csv,job-csv,utf8,PairHorspool,static,full-scan,full-scan,exact_len008,%learning%,1,75966,10741913,10741913,75966,75966,0,0,0,72601583,0,0,792,42,1976708,1976750,75966,75966,1170,26.021509622725958,26.02095674380644,0.18402215694727744,
quotes,quotes.quote,benchmarks/quotes/../../data/quotes/quotes__quote.csv,job-csv,utf8,PairHorspool,static,full-scan,full-scan,exact_len008,%learning%,2,75966,10741913,10741913,75966,75966,0,0,0,72601583,0,0,792,42,1972458,1972500,75966,75966,1170,25.965563541584395,25.965010662664877,0.1836265104735069,
quotes,quotes.quote,benchmarks/quotes/../../data/quotes/quotes__quote.csv,job-csv,utf8,PairHorspool,static,full-scan,full-scan,exact_len016,%ge is an issue o%,0,75966,10741913,10741913,75966,75966,0,0,0,72601583,0,0,625,42,1792250,1792292,75966,75946,1,23.593344390911724,23.592791511992207,0.16685035523933214,
quotes,quotes.quote,benchmarks/quotes/../../data/quotes/quotes__quote.csv,job-csv,utf8,PairHorspool,static,full-scan,full-scan,exact_len016,%ge is an issue o%,1,75966,10741913,10741913,75966,75966,0,0,0,72601583,0,0,625,42,1759708,1759750,75966,75946,1,23.16496853855672,23.164415659637207,0.16382091346299305,
quotes,quotes.quote,benchmarks/quotes/../../data/quotes/quotes__quote.csv,job-csv,utf8,PairHorspool,static,full-scan,full-scan,exact_len016,%ge is an issue o%,2,75966,10741913,10741913,75966,75966,0,0,0,72601583,0,0,625,0,1830375,1830375,75966,75946,1,24.094660769291526,24.094660769291526,0.1703956269241801,
quotes,quotes.quote,benchmarks/quotes/../../data/quotes/quotes__quote.csv,job-csv,utf8,PairHorspool,static,full-scan,full-scan,exact_len032,%Age is an issue of mind over mat%,0,75966,10741913,10741913,75966,75966,0,0,0,72601583,0,0,833,0,1343625,1343625,75966,74931,1,17.68718900560777,17.68718900560777,0.12508246901645917,
quotes,quotes.quote,benchmarks/quotes/../../data/quotes/quotes__quote.csv,job-csv,utf8,PairHorspool,static,full-scan,full-scan,exact_len032,%Age is an issue of mind over mat%,1,75966,10741913,10741913,75966,75966,0,0,0,72601583,0,0,833,42,1320250,1320292,75966,74931,1,17.38003843824869,17.379485559329172,0.1229103233288149,
quotes,quotes.quote,benchmarks/quotes/../../data/quotes/quotes__quote.csv,job-csv,utf8,PairHorspool,static,full-scan,full-scan,exact_len032,%Age is an issue of mind over mat%,2,75966,10741913,10741913,75966,75966,0,0,0,72601583,0,0,833,42,1379667,1379709,75966,74931,1,18.162190980175343,18.161638101255825,0.12844164721870305,
quotes,quotes.quote,benchmarks/quotes/../../data/quotes/quotes__quote.csv,job-csv,utf8,PairHorspool,static,full-scan,full-scan,exact_len064,%whether at twenty or eighty. Anyone who keeps learning stays you%,0,75966,10741913,10741913,75966,75966,0,0,0,72601583,0,0,959,41,1033792,1033833,75966,65067,3,13.609154095253139,13.608614380117421,0.0962429131570885,
quotes,quotes.quote,benchmarks/quotes/../../data/quotes/quotes__quote.csv,job-csv,utf8,PairHorspool,static,full-scan,full-scan,exact_len064,%whether at twenty or eighty. Anyone who keeps learning stays you%,1,75966,10741913,10741913,75966,75966,0,0,0,72601583,0,0,959,0,1030250,1030250,75966,65067,3,13.561988257904853,13.561988257904853,0.09590935990637794,
quotes,quotes.quote,benchmarks/quotes/../../data/quotes/quotes__quote.csv,job-csv,utf8,PairHorspool,static,full-scan,full-scan,exact_len064,%whether at twenty or eighty. Anyone who keeps learning stays you%,2,75966,10741913,10741913,75966,75966,0,0,0,72601583,0,0,959,0,1007292,1007292,75966,65067,3,13.259774109470026,13.259774109470026,0.09377212420171342,
