benchmark_id,suite,mode,case,data_csv,patterns_csv,algorithms_csv,indexes_csv,generic_matcher,result_dir,done,started_at,finished_at,exit_code,command,result_subdir
dna/exact-vs-underscore-algorithms/gencode,dna,exact-vs-underscore-algorithms,gencode,benchmarks/dna/data_gencode_dna_utf8_dna2.csv,benchmarks/dna/exact-vs-underscore/patterns.csv,benchmarks/dna/exact-vs-underscore/algorithms.csv,benchmarks/dna/exact-vs-underscore/algorithm-indexes.csv,static,benchmark_results/dna/exact-vs-underscore-algorithms/gencode_20260609_111318,true,2026-06-09T09:13:18.442643+00:00,2026-06-09T09:36:34.998579+00:00,0,/usr/bin/python3 /home/sebastian/Projects/likey2/scripts/run_bench.py --name gencode --existing-result-dir benchmark_results/dna/exact-vs-underscore-algorithms/gencode_20260609_111318 --data-csv benchmarks/dna/data_gencode_dna_utf8_dna2.csv --algorithms-csv benchmarks/dna/exact-vs-underscore/algorithms.csv --generic-matcher static --patterns-csv benchmarks/dna/exact-vs-underscore/patterns.csv --indexes-csv benchmarks/dna/exact-vs-underscore/algorithm-indexes.csv --iterations 5 --warmups 1 --batch-rows 4096 --max-total-bytes 100MB --max-row-bytes 50MB --cargo cargo,dna/exact-vs-underscore-algorithms
dna/exact-vs-underscore-indexes/gencode,dna,exact-vs-underscore-indexes,gencode,benchmarks/dna/data_gencode_dna_utf8_dna2.csv,benchmarks/dna/exact-vs-underscore/patterns.csv,benchmarks/dna/exact-vs-underscore/index-algorithms.csv,benchmarks/dna/exact-vs-underscore/indexes.csv,static,benchmark_results/dna/exact-vs-underscore-indexes/gencode_20260609_113634,true,2026-06-09T09:36:34.999507+00:00,2026-06-09T09:47:10.005921+00:00,0,/usr/bin/python3 /home/sebastian/Projects/likey2/scripts/run_bench.py --name gencode --existing-result-dir benchmark_results/dna/exact-vs-underscore-indexes/gencode_20260609_113634 --data-csv benchmarks/dna/data_gencode_dna_utf8_dna2.csv --algorithms-csv benchmarks/dna/exact-vs-underscore/index-algorithms.csv --generic-matcher static --patterns-csv benchmarks/dna/exact-vs-underscore/patterns.csv --indexes-csv benchmarks/dna/exact-vs-underscore/indexes.csv --iterations 5 --warmups 1 --batch-rows 4096 --max-total-bytes 100MB --max-row-bytes 50MB --cargo cargo,dna/exact-vs-underscore-indexes
dna/matcher-comparison/gencode,dna,matcher-comparison,gencode,benchmarks/dna/data_gencode_dna_utf8_dna2.csv,benchmarks/dna/matcher-comparison/patterns.csv,benchmarks/dna/matcher-comparison/algorithms.csv,benchmarks/dna/matcher-comparison/indexes.csv,"static,adaptive,recursive",benchmark_results/dna/matcher-comparison/gencode_20260609_114710,true,2026-06-09T09:47:10.008251+00:00,2026-06-09T10:04:18.859425+00:00,0,"/usr/bin/python3 /home/sebastian/Projects/likey2/scripts/run_bench.py --name gencode --existing-result-dir benchmark_results/dna/matcher-comparison/gencode_20260609_114710 --data-csv benchmarks/dna/data_gencode_dna_utf8_dna2.csv --algorithms-csv benchmarks/dna/matcher-comparison/algorithms.csv --generic-matcher static,adaptive,recursive --patterns-csv benchmarks/dna/matcher-comparison/patterns.csv --indexes-csv benchmarks/dna/matcher-comparison/indexes.csv --iterations 5 --warmups 1 --batch-rows 4096 --max-total-bytes 100MB --max-row-bytes 50MB --cargo cargo",dna/matcher-comparison
dna/index-comparison/gencode,dna,index-comparison,gencode,benchmarks/dna/data_gencode_dna_utf8_dna2.csv,benchmarks/dna/index-comparison/patterns.csv,benchmarks/dna/index-comparison/algorithms.csv,benchmarks/dna/index-comparison/indexes.csv,static,benchmark_results/dna/index-comparison/gencode_20260609_120418,true,2026-06-09T10:04:18.862069+00:00,2026-06-09T10:13:02.382197+00:00,0,/usr/bin/python3 /home/sebastian/Projects/likey2/scripts/run_bench.py --name gencode --existing-result-dir benchmark_results/dna/index-comparison/gencode_20260609_120418 --data-csv benchmarks/dna/data_gencode_dna_utf8_dna2.csv --algorithms-csv benchmarks/dna/index-comparison/algorithms.csv --generic-matcher static --patterns-csv benchmarks/dna/index-comparison/patterns.csv --indexes-csv benchmarks/dna/index-comparison/indexes.csv --iterations 5 --warmups 1 --batch-rows 4096 --max-total-bytes 100MB --max-row-bytes 50MB --cargo cargo,dna/index-comparison
dna/fsst-index-memmem/gencode,dna,fsst-index-memmem,gencode,benchmarks/dna/data_gencode_dna_utf8_fsst.csv,benchmarks/dna/index-comparison/patterns.csv,benchmarks/dna/fsst-index-memmem/algorithms.csv,benchmarks/dna/fsst-index-memmem/indexes.csv,static,benchmark_results/dna/fsst-index-memmem/gencode_20260609_061408,true,2026-06-09T04:14:08.604512+00:00,2026-06-09T04:23:06.440102+00:00,0,/usr/bin/python3 /home/sebastian/Projects/likey2/scripts/run_bench.py --name gencode --existing-result-dir benchmark_results/dna/fsst-index-memmem/gencode_20260609_061408 --data-csv benchmarks/dna/data_gencode_dna_utf8_fsst.csv --algorithms-csv benchmarks/dna/fsst-index-memmem/algorithms.csv --generic-matcher static --patterns-csv benchmarks/dna/index-comparison/patterns.csv --indexes-csv benchmarks/dna/fsst-index-memmem/indexes.csv --iterations 5 --warmups 1 --batch-rows 4096 --max-total-bytes 100MB --max-row-bytes 50MB --cargo cargo,dna/fsst-index-memmem
dna/n-handling/n_sparse,dna,n-handling,n_sparse,benchmarks/dna/data_n_sparse_utf8_dna2.csv,benchmarks/dna/n-handling/patterns.csv,benchmarks/dna/n-handling/algorithms.csv,benchmarks/dna/n-handling/indexes.csv,static,benchmark_results/dna/n-handling/n_sparse_20260609_121302,true,2026-06-09T10:13:02.384268+00:00,2026-06-09T10:13:02.870700+00:00,0,/usr/bin/python3 /home/sebastian/Projects/likey2/scripts/run_bench.py --name n_sparse --existing-result-dir benchmark_results/dna/n-handling/n_sparse_20260609_121302 --data-csv benchmarks/dna/data_n_sparse_utf8_dna2.csv --algorithms-csv benchmarks/dna/n-handling/algorithms.csv --generic-matcher static --patterns-csv benchmarks/dna/n-handling/patterns.csv --indexes-csv benchmarks/dna/n-handling/indexes.csv --iterations 5 --warmups 1 --batch-rows 4096 --max-total-bytes 100MB --max-row-bytes 50MB --cargo cargo,dna/n-handling
quotes/exact-vs-underscore/quotes,quotes,exact-vs-underscore,quotes,benchmarks/quotes/data_quotes_utf8.csv,benchmarks/quotes/exact-vs-underscore/patterns.csv,benchmarks/quotes/exact-vs-underscore/algorithms.csv,benchmarks/quotes/exact-vs-underscore/indexes.csv,static,benchmark_results/quotes/exact-vs-underscore/quotes_20260609_062306,true,2026-06-09T04:23:06.448352+00:00,2026-06-09T04:26:29.186695+00:00,0,/usr/bin/python3 /home/sebastian/Projects/likey2/scripts/run_bench.py --name quotes --existing-result-dir benchmark_results/quotes/exact-vs-underscore/quotes_20260609_062306 --data-csv benchmarks/quotes/data_quotes_utf8.csv --algorithms-csv benchmarks/quotes/exact-vs-underscore/algorithms.csv --generic-matcher static --patterns-csv benchmarks/quotes/exact-vs-underscore/patterns.csv --indexes-csv benchmarks/quotes/exact-vs-underscore/indexes.csv --iterations 5 --warmups 1 --batch-rows 4096 --max-total-bytes 100MB --max-row-bytes 50MB --cargo cargo,quotes/exact-vs-underscore
quotes/algorithm-cases/quotes,quotes,algorithm-cases,quotes,benchmarks/quotes/data_quotes_utf8.csv,benchmarks/quotes/algorithm-cases/patterns.csv,benchmarks/quotes/algorithm-cases/algorithms.csv,benchmarks/quotes/algorithm-cases/indexes.csv,static,benchmark_results/quotes/algorithm-cases/quotes_20260609_062629,true,2026-06-09T04:26:29.187653+00:00,2026-06-09T04:29:47.083757+00:00,0,/usr/bin/python3 /home/sebastian/Projects/likey2/scripts/run_bench.py --name quotes --existing-result-dir benchmark_results/quotes/algorithm-cases/quotes_20260609_062629 --data-csv benchmarks/quotes/data_quotes_utf8.csv --algorithms-csv benchmarks/quotes/algorithm-cases/algorithms.csv --generic-matcher static --patterns-csv benchmarks/quotes/algorithm-cases/patterns.csv --indexes-csv benchmarks/quotes/algorithm-cases/indexes.csv --iterations 5 --warmups 1 --batch-rows 4096 --max-total-bytes 100MB --max-row-bytes 50MB --cargo cargo,quotes/algorithm-cases
quotes/matcher-comparison/quotes,quotes,matcher-comparison,quotes,benchmarks/quotes/data_quotes_utf8.csv,benchmarks/quotes/matcher-comparison/patterns.csv,benchmarks/quotes/matcher-comparison/algorithms.csv,benchmarks/quotes/matcher-comparison/indexes.csv,"static,adaptive,recursive",benchmark_results/quotes/matcher-comparison/quotes_20260609_062947,true,2026-06-09T04:29:47.084519+00:00,2026-06-09T04:30:13.364349+00:00,0,"/usr/bin/python3 /home/sebastian/Projects/likey2/scripts/run_bench.py --name quotes --existing-result-dir benchmark_results/quotes/matcher-comparison/quotes_20260609_062947 --data-csv benchmarks/quotes/data_quotes_utf8.csv --algorithms-csv benchmarks/quotes/matcher-comparison/algorithms.csv --generic-matcher static,adaptive,recursive --patterns-csv benchmarks/quotes/matcher-comparison/patterns.csv --indexes-csv benchmarks/quotes/matcher-comparison/indexes.csv --iterations 5 --warmups 1 --batch-rows 4096 --max-total-bytes 100MB --max-row-bytes 50MB --cargo cargo",quotes/matcher-comparison
quotes/index-comparison/quotes,quotes,index-comparison,quotes,benchmarks/quotes/data_quotes_utf8.csv,benchmarks/quotes/index-comparison/patterns.csv,benchmarks/quotes/index-comparison/algorithms.csv,benchmarks/quotes/index-comparison/indexes.csv,static,benchmark_results/quotes/index-comparison/quotes_20260609_063013,true,2026-06-09T04:30:13.365055+00:00,2026-06-09T04:30:27.672212+00:00,0,/usr/bin/python3 /home/sebastian/Projects/likey2/scripts/run_bench.py --name quotes --existing-result-dir benchmark_results/quotes/index-comparison/quotes_20260609_063013 --data-csv benchmarks/quotes/data_quotes_utf8.csv --algorithms-csv benchmarks/quotes/index-comparison/algorithms.csv --generic-matcher static --patterns-csv benchmarks/quotes/index-comparison/patterns.csv --indexes-csv benchmarks/quotes/index-comparison/indexes.csv --iterations 5 --warmups 1 --batch-rows 4096 --max-total-bytes 100MB --max-row-bytes 50MB --cargo cargo,quotes/index-comparison
quotes/fsst-index-memmem/quotes,quotes,fsst-index-memmem,quotes,benchmarks/quotes/data_quotes_utf8_fsst.csv,benchmarks/quotes/index-comparison/patterns.csv,benchmarks/quotes/fsst-index-memmem/algorithms.csv,benchmarks/quotes/fsst-index-memmem/indexes.csv,static,benchmark_results/quotes/fsst-index-memmem/quotes_20260609_063027,true,2026-06-09T04:30:27.672912+00:00,2026-06-09T04:30:58.577354+00:00,0,/usr/bin/python3 /home/sebastian/Projects/likey2/scripts/run_bench.py --name quotes --existing-result-dir benchmark_results/quotes/fsst-index-memmem/quotes_20260609_063027 --data-csv benchmarks/quotes/data_quotes_utf8_fsst.csv --algorithms-csv benchmarks/quotes/fsst-index-memmem/algorithms.csv --generic-matcher static --patterns-csv benchmarks/quotes/index-comparison/patterns.csv --indexes-csv benchmarks/quotes/fsst-index-memmem/indexes.csv --iterations 5 --warmups 1 --batch-rows 4096 --max-total-bytes 100MB --max-row-bytes 50MB --cargo cargo,quotes/fsst-index-memmem
fftstr/abab-wildcards/abab,fftstr,abab-wildcards,abab,benchmarks/fftstr/abab-wildcards/data.csv,benchmarks/fftstr/abab-wildcards/patterns.csv,benchmarks/fftstr/abab-wildcards/algorithms.csv,benchmarks/fftstr/abab-wildcards/indexes.csv,static,benchmark_results/fftstr/abab-wildcards/abab_20260609_063058,true,2026-06-09T04:30:58.578017+00:00,2026-06-09T04:32:09.794402+00:00,0,/usr/bin/python3 /home/sebastian/Projects/likey2/scripts/run_bench.py --name abab --existing-result-dir benchmark_results/fftstr/abab-wildcards/abab_20260609_063058 --data-csv benchmarks/fftstr/abab-wildcards/data.csv --algorithms-csv benchmarks/fftstr/abab-wildcards/algorithms.csv --generic-matcher static --patterns-csv benchmarks/fftstr/abab-wildcards/patterns.csv --indexes-csv benchmarks/fftstr/abab-wildcards/indexes.csv --iterations 5 --warmups 1 --batch-rows 4096 --max-total-bytes 100MB --max-row-bytes 50MB --cargo cargo,fftstr/abab-wildcards
job/index-consistency/cast_info_note,job,index-consistency,cast_info_note,benchmarks/job/data_cast_info_note.csv,benchmarks/job/index-comparison/patterns_cast_info_note.csv,benchmarks/job/index-comparison/algorithms.csv,benchmarks/job/index-comparison/indexes.csv,static,benchmark_results/job/index-consistency/cast_info_note_20260609_063209,true,2026-06-09T04:32:09.795103+00:00,2026-06-09T04:38:17.186536+00:00,0,/usr/bin/python3 /home/sebastian/Projects/likey2/scripts/run_bench.py --name cast_info_note --existing-result-dir benchmark_results/job/index-consistency/cast_info_note_20260609_063209 --data-csv benchmarks/job/data_cast_info_note.csv --algorithms-csv benchmarks/job/index-comparison/algorithms.csv --generic-matcher static --patterns-csv benchmarks/job/index-comparison/patterns_cast_info_note.csv --indexes-csv benchmarks/job/index-comparison/indexes.csv --iterations 5 --warmups 1 --batch-rows 4096 --max-total-bytes 100MB --max-row-bytes 50MB --cargo cargo,job/index-consistency
job/algorithm-comparison/cast_info_note,job,algorithm-comparison,cast_info_note,benchmarks/job/data_cast_info_note.csv,benchmarks/job/index-comparison/patterns_cast_info_note.csv,benchmarks/job/algorithm-comparison/algorithms.csv,benchmarks/job/algorithm-comparison/indexes.csv,static,benchmark_results/job/algorithm-comparison/cast_info_note_20260609_063817,true,2026-06-09T04:38:17.187631+00:00,2026-06-09T04:43:46.250758+00:00,0,/usr/bin/python3 /home/sebastian/Projects/likey2/scripts/run_bench.py --name cast_info_note --existing-result-dir benchmark_results/job/algorithm-comparison/cast_info_note_20260609_063817 --data-csv benchmarks/job/data_cast_info_note.csv --algorithms-csv benchmarks/job/algorithm-comparison/algorithms.csv --generic-matcher static --patterns-csv benchmarks/job/index-comparison/patterns_cast_info_note.csv --indexes-csv benchmarks/job/algorithm-comparison/indexes.csv --iterations 5 --warmups 1 --batch-rows 4096 --max-total-bytes 100MB --max-row-bytes 50MB --cargo cargo,job/algorithm-comparison
job/matcher-comparison/cast_info_note,job,matcher-comparison,cast_info_note,benchmarks/job/data_cast_info_note.csv,benchmarks/job/index-comparison/patterns_cast_info_note.csv,benchmarks/job/matcher-comparison/algorithms.csv,benchmarks/job/matcher-comparison/indexes.csv,"static,adaptive,recursive",benchmark_results/job/matcher-comparison/cast_info_note_20260609_064346,true,2026-06-09T04:43:46.251467+00:00,2026-06-09T04:50:19.476633+00:00,0,"/usr/bin/python3 /home/sebastian/Projects/likey2/scripts/run_bench.py --name cast_info_note --existing-result-dir benchmark_results/job/matcher-comparison/cast_info_note_20260609_064346 --data-csv benchmarks/job/data_cast_info_note.csv --algorithms-csv benchmarks/job/matcher-comparison/algorithms.csv --generic-matcher static,adaptive,recursive --patterns-csv benchmarks/job/index-comparison/patterns_cast_info_note.csv --indexes-csv benchmarks/job/matcher-comparison/indexes.csv --iterations 5 --warmups 1 --batch-rows 4096 --max-total-bytes 100MB --max-row-bytes 50MB --cargo cargo",job/matcher-comparison
job/index-memmem/cast_info_note,job,index-memmem,cast_info_note,benchmarks/job/data_cast_info_note.csv,benchmarks/job/index-comparison/patterns_cast_info_note.csv,benchmarks/job/index-memmem/algorithms.csv,benchmarks/job/index-memmem/indexes.csv,static,benchmark_results/job/index-memmem/cast_info_note_20260609_065019,true,2026-06-09T04:50:19.477554+00:00,2026-06-09T04:55:57.251654+00:00,0,/usr/bin/python3 /home/sebastian/Projects/likey2/scripts/run_bench.py --name cast_info_note --existing-result-dir benchmark_results/job/index-memmem/cast_info_note_20260609_065019 --data-csv benchmarks/job/data_cast_info_note.csv --algorithms-csv benchmarks/job/index-memmem/algorithms.csv --generic-matcher static --patterns-csv benchmarks/job/index-comparison/patterns_cast_info_note.csv --indexes-csv benchmarks/job/index-memmem/indexes.csv --iterations 5 --warmups 1 --batch-rows 4096 --max-total-bytes 100MB --max-row-bytes 50MB --cargo cargo,job/index-memmem
job/fsst-index-memmem/cast_info_note,job,fsst-index-memmem,cast_info_note,benchmarks/job/data_cast_info_note_utf8_fsst.csv,benchmarks/job/index-comparison/patterns_cast_info_note.csv,benchmarks/job/fsst-index-memmem/algorithms.csv,benchmarks/job/fsst-index-memmem/indexes.csv,static,benchmark_results/job/fsst-index-memmem/cast_info_note_20260609_065557,true,2026-06-09T04:55:57.252486+00:00,2026-06-09T05:07:38.077900+00:00,0,/usr/bin/python3 /home/sebastian/Projects/likey2/scripts/run_bench.py --name cast_info_note --existing-result-dir benchmark_results/job/fsst-index-memmem/cast_info_note_20260609_065557 --data-csv benchmarks/job/data_cast_info_note_utf8_fsst.csv --algorithms-csv benchmarks/job/fsst-index-memmem/algorithms.csv --generic-matcher static --patterns-csv benchmarks/job/index-comparison/patterns_cast_info_note.csv --indexes-csv benchmarks/job/fsst-index-memmem/indexes.csv --iterations 5 --warmups 1 --batch-rows 4096 --max-total-bytes 100MB --max-row-bytes 50MB --cargo cargo,job/fsst-index-memmem
job/index-consistency/keyword_keyword,job,index-consistency,keyword_keyword,benchmarks/job/data_keyword_keyword.csv,benchmarks/job/index-comparison/patterns_keyword_keyword.csv,benchmarks/job/index-comparison/algorithms.csv,benchmarks/job/index-comparison/indexes.csv,static,benchmark_results/job/index-consistency/keyword_keyword_20260609_070738,true,2026-06-09T05:07:38.078850+00:00,2026-06-09T05:07:39.452443+00:00,0,/usr/bin/python3 /home/sebastian/Projects/likey2/scripts/run_bench.py --name keyword_keyword --existing-result-dir benchmark_results/job/index-consistency/keyword_keyword_20260609_070738 --data-csv benchmarks/job/data_keyword_keyword.csv --algorithms-csv benchmarks/job/index-comparison/algorithms.csv --generic-matcher static --patterns-csv benchmarks/job/index-comparison/patterns_keyword_keyword.csv --indexes-csv benchmarks/job/index-comparison/indexes.csv --iterations 5 --warmups 1 --batch-rows 4096 --max-total-bytes 100MB --max-row-bytes 50MB --cargo cargo,job/index-consistency
job/algorithm-comparison/keyword_keyword,job,algorithm-comparison,keyword_keyword,benchmarks/job/data_keyword_keyword.csv,benchmarks/job/index-comparison/patterns_keyword_keyword.csv,benchmarks/job/algorithm-comparison/algorithms.csv,benchmarks/job/algorithm-comparison/indexes.csv,static,benchmark_results/job/algorithm-comparison/keyword_keyword_20260609_070739,true,2026-06-09T05:07:39.453217+00:00,2026-06-09T05:07:41.656848+00:00,0,/usr/bin/python3 /home/sebastian/Projects/likey2/scripts/run_bench.py --name keyword_keyword --existing-result-dir benchmark_results/job/algorithm-comparison/keyword_keyword_20260609_070739 --data-csv benchmarks/job/data_keyword_keyword.csv --algorithms-csv benchmarks/job/algorithm-comparison/algorithms.csv --generic-matcher static --patterns-csv benchmarks/job/index-comparison/patterns_keyword_keyword.csv --indexes-csv benchmarks/job/algorithm-comparison/indexes.csv --iterations 5 --warmups 1 --batch-rows 4096 --max-total-bytes 100MB --max-row-bytes 50MB --cargo cargo,job/algorithm-comparison
job/matcher-comparison/keyword_keyword,job,matcher-comparison,keyword_keyword,benchmarks/job/data_keyword_keyword.csv,benchmarks/job/index-comparison/patterns_keyword_keyword.csv,benchmarks/job/matcher-comparison/algorithms.csv,benchmarks/job/matcher-comparison/indexes.csv,"static,adaptive,recursive",benchmark_results/job/matcher-comparison/keyword_keyword_20260609_070741,true,2026-06-09T05:07:41.657566+00:00,2026-06-09T05:07:43.084047+00:00,0,"/usr/bin/python3 /home/sebastian/Projects/likey2/scripts/run_bench.py --name keyword_keyword --existing-result-dir benchmark_results/job/matcher-comparison/keyword_keyword_20260609_070741 --data-csv benchmarks/job/data_keyword_keyword.csv --algorithms-csv benchmarks/job/matcher-comparison/algorithms.csv --generic-matcher static,adaptive,recursive --patterns-csv benchmarks/job/index-comparison/patterns_keyword_keyword.csv --indexes-csv benchmarks/job/matcher-comparison/indexes.csv --iterations 5 --warmups 1 --batch-rows 4096 --max-total-bytes 100MB --max-row-bytes 50MB --cargo cargo",job/matcher-comparison
job/index-memmem/keyword_keyword,job,index-memmem,keyword_keyword,benchmarks/job/data_keyword_keyword.csv,benchmarks/job/index-comparison/patterns_keyword_keyword.csv,benchmarks/job/index-memmem/algorithms.csv,benchmarks/job/index-memmem/indexes.csv,static,benchmark_results/job/index-memmem/keyword_keyword_20260609_070743,true,2026-06-09T05:07:43.084745+00:00,2026-06-09T05:07:44.239570+00:00,0,/usr/bin/python3 /home/sebastian/Projects/likey2/scripts/run_bench.py --name keyword_keyword --existing-result-dir benchmark_results/job/index-memmem/keyword_keyword_20260609_070743 --data-csv benchmarks/job/data_keyword_keyword.csv --algorithms-csv benchmarks/job/index-memmem/algorithms.csv --generic-matcher static --patterns-csv benchmarks/job/index-comparison/patterns_keyword_keyword.csv --indexes-csv benchmarks/job/index-memmem/indexes.csv --iterations 5 --warmups 1 --batch-rows 4096 --max-total-bytes 100MB --max-row-bytes 50MB --cargo cargo,job/index-memmem
job/fsst-index-memmem/keyword_keyword,job,fsst-index-memmem,keyword_keyword,benchmarks/job/data_keyword_keyword_utf8_fsst.csv,benchmarks/job/index-comparison/patterns_keyword_keyword.csv,benchmarks/job/fsst-index-memmem/algorithms.csv,benchmarks/job/fsst-index-memmem/indexes.csv,static,benchmark_results/job/fsst-index-memmem/keyword_keyword_20260609_070744,true,2026-06-09T05:07:44.240283+00:00,2026-06-09T05:07:46.579865+00:00,0,/usr/bin/python3 /home/sebastian/Projects/likey2/scripts/run_bench.py --name keyword_keyword --existing-result-dir benchmark_results/job/fsst-index-memmem/keyword_keyword_20260609_070744 --data-csv benchmarks/job/data_keyword_keyword_utf8_fsst.csv --algorithms-csv benchmarks/job/fsst-index-memmem/algorithms.csv --generic-matcher static --patterns-csv benchmarks/job/index-comparison/patterns_keyword_keyword.csv --indexes-csv benchmarks/job/fsst-index-memmem/indexes.csv --iterations 5 --warmups 1 --batch-rows 4096 --max-total-bytes 100MB --max-row-bytes 50MB --cargo cargo,job/fsst-index-memmem
job/index-consistency/movie_companies_note,job,index-consistency,movie_companies_note,benchmarks/job/data_movie_companies_note.csv,benchmarks/job/index-comparison/patterns_movie_companies_note.csv,benchmarks/job/index-comparison/algorithms.csv,benchmarks/job/index-comparison/indexes.csv,static,benchmark_results/job/index-consistency/movie_companies_note_20260609_070746,true,2026-06-09T05:07:46.580582+00:00,2026-06-09T05:09:44.560268+00:00,0,/usr/bin/python3 /home/sebastian/Projects/likey2/scripts/run_bench.py --name movie_companies_note --existing-result-dir benchmark_results/job/index-consistency/movie_companies_note_20260609_070746 --data-csv benchmarks/job/data_movie_companies_note.csv --algorithms-csv benchmarks/job/index-comparison/algorithms.csv --generic-matcher static --patterns-csv benchmarks/job/index-comparison/patterns_movie_companies_note.csv --indexes-csv benchmarks/job/index-comparison/indexes.csv --iterations 5 --warmups 1 --batch-rows 4096 --max-total-bytes 100MB --max-row-bytes 50MB --cargo cargo,job/index-consistency
job/algorithm-comparison/movie_companies_note,job,algorithm-comparison,movie_companies_note,benchmarks/job/data_movie_companies_note.csv,benchmarks/job/index-comparison/patterns_movie_companies_note.csv,benchmarks/job/algorithm-comparison/algorithms.csv,benchmarks/job/algorithm-comparison/indexes.csv,static,benchmark_results/job/algorithm-comparison/movie_companies_note_20260609_070944,true,2026-06-09T05:09:44.561317+00:00,2026-06-09T05:17:16.594190+00:00,0,/usr/bin/python3 /home/sebastian/Projects/likey2/scripts/run_bench.py --name movie_companies_note --existing-result-dir benchmark_results/job/algorithm-comparison/movie_companies_note_20260609_070944 --data-csv benchmarks/job/data_movie_companies_note.csv --algorithms-csv benchmarks/job/algorithm-comparison/algorithms.csv --generic-matcher static --patterns-csv benchmarks/job/index-comparison/patterns_movie_companies_note.csv --indexes-csv benchmarks/job/algorithm-comparison/indexes.csv --iterations 5 --warmups 1 --batch-rows 4096 --max-total-bytes 100MB --max-row-bytes 50MB --cargo cargo,job/algorithm-comparison
job/matcher-comparison/movie_companies_note,job,matcher-comparison,movie_companies_note,benchmarks/job/data_movie_companies_note.csv,benchmarks/job/index-comparison/patterns_movie_companies_note.csv,benchmarks/job/matcher-comparison/algorithms.csv,benchmarks/job/matcher-comparison/indexes.csv,"static,adaptive,recursive",benchmark_results/job/matcher-comparison/movie_companies_note_20260609_071716,true,2026-06-09T05:17:16.595101+00:00,2026-06-09T05:19:53.944470+00:00,0,"/usr/bin/python3 /home/sebastian/Projects/likey2/scripts/run_bench.py --name movie_companies_note --existing-result-dir benchmark_results/job/matcher-comparison/movie_companies_note_20260609_071716 --data-csv benchmarks/job/data_movie_companies_note.csv --algorithms-csv benchmarks/job/matcher-comparison/algorithms.csv --generic-matcher static,adaptive,recursive --patterns-csv benchmarks/job/index-comparison/patterns_movie_companies_note.csv --indexes-csv benchmarks/job/matcher-comparison/indexes.csv --iterations 5 --warmups 1 --batch-rows 4096 --max-total-bytes 100MB --max-row-bytes 50MB --cargo cargo",job/matcher-comparison
job/index-memmem/movie_companies_note,job,index-memmem,movie_companies_note,benchmarks/job/data_movie_companies_note.csv,benchmarks/job/index-comparison/patterns_movie_companies_note.csv,benchmarks/job/index-memmem/algorithms.csv,benchmarks/job/index-memmem/indexes.csv,static,benchmark_results/job/index-memmem/movie_companies_note_20260609_071953,true,2026-06-09T05:19:53.945275+00:00,2026-06-09T05:21:20.769650+00:00,0,/usr/bin/python3 /home/sebastian/Projects/likey2/scripts/run_bench.py --name movie_companies_note --existing-result-dir benchmark_results/job/index-memmem/movie_companies_note_20260609_071953 --data-csv benchmarks/job/data_movie_companies_note.csv --algorithms-csv benchmarks/job/index-memmem/algorithms.csv --generic-matcher static --patterns-csv benchmarks/job/index-comparison/patterns_movie_companies_note.csv --indexes-csv benchmarks/job/index-memmem/indexes.csv --iterations 5 --warmups 1 --batch-rows 4096 --max-total-bytes 100MB --max-row-bytes 50MB --cargo cargo,job/index-memmem
job/fsst-index-memmem/movie_companies_note,job,fsst-index-memmem,movie_companies_note,benchmarks/job/data_movie_companies_note_utf8_fsst.csv,benchmarks/job/index-comparison/patterns_movie_companies_note.csv,benchmarks/job/fsst-index-memmem/algorithms.csv,benchmarks/job/fsst-index-memmem/indexes.csv,static,benchmark_results/job/fsst-index-memmem/movie_companies_note_20260609_072120,true,2026-06-09T05:21:20.770456+00:00,2026-06-09T05:24:47.235005+00:00,0,/usr/bin/python3 /home/sebastian/Projects/likey2/scripts/run_bench.py --name movie_companies_note --existing-result-dir benchmark_results/job/fsst-index-memmem/movie_companies_note_20260609_072120 --data-csv benchmarks/job/data_movie_companies_note_utf8_fsst.csv --algorithms-csv benchmarks/job/fsst-index-memmem/algorithms.csv --generic-matcher static --patterns-csv benchmarks/job/index-comparison/patterns_movie_companies_note.csv --indexes-csv benchmarks/job/fsst-index-memmem/indexes.csv --iterations 5 --warmups 1 --batch-rows 4096 --max-total-bytes 100MB --max-row-bytes 50MB --cargo cargo,job/fsst-index-memmem
job/index-consistency/movie_info_info,job,index-consistency,movie_info_info,benchmarks/job/data_movie_info_info.csv,benchmarks/job/index-comparison/patterns_movie_info_info.csv,benchmarks/job/index-comparison/algorithms.csv,benchmarks/job/index-comparison/indexes.csv,static,benchmark_results/job/index-consistency/movie_info_info_20260609_072447,true,2026-06-09T05:24:47.236258+00:00,2026-06-09T05:30:15.642028+00:00,0,/usr/bin/python3 /home/sebastian/Projects/likey2/scripts/run_bench.py --name movie_info_info --existing-result-dir benchmark_results/job/index-consistency/movie_info_info_20260609_072447 --data-csv benchmarks/job/data_movie_info_info.csv --algorithms-csv benchmarks/job/index-comparison/algorithms.csv --generic-matcher static --patterns-csv benchmarks/job/index-comparison/patterns_movie_info_info.csv --indexes-csv benchmarks/job/index-comparison/indexes.csv --iterations 5 --warmups 1 --batch-rows 4096 --max-total-bytes 100MB --max-row-bytes 50MB --cargo cargo,job/index-consistency
job/algorithm-comparison/movie_info_info,job,algorithm-comparison,movie_info_info,benchmarks/job/data_movie_info_info.csv,benchmarks/job/index-comparison/patterns_movie_info_info.csv,benchmarks/job/algorithm-comparison/algorithms.csv,benchmarks/job/algorithm-comparison/indexes.csv,static,benchmark_results/job/algorithm-comparison/movie_info_info_20260609_073015,true,2026-06-09T05:30:15.642980+00:00,2026-06-09T05:31:44.422141+00:00,0,/usr/bin/python3 /home/sebastian/Projects/likey2/scripts/run_bench.py --name movie_info_info --existing-result-dir benchmark_results/job/algorithm-comparison/movie_info_info_20260609_073015 --data-csv benchmarks/job/data_movie_info_info.csv --algorithms-csv benchmarks/job/algorithm-comparison/algorithms.csv --generic-matcher static --patterns-csv benchmarks/job/index-comparison/patterns_movie_info_info.csv --indexes-csv benchmarks/job/algorithm-comparison/indexes.csv --iterations 5 --warmups 1 --batch-rows 4096 --max-total-bytes 100MB --max-row-bytes 50MB --cargo cargo,job/algorithm-comparison
job/matcher-comparison/movie_info_info,job,matcher-comparison,movie_info_info,benchmarks/job/data_movie_info_info.csv,benchmarks/job/index-comparison/patterns_movie_info_info.csv,benchmarks/job/matcher-comparison/algorithms.csv,benchmarks/job/matcher-comparison/indexes.csv,"static,adaptive,recursive",benchmark_results/job/matcher-comparison/movie_info_info_20260609_073144,true,2026-06-09T05:31:44.423268+00:00,2026-06-09T05:37:45.684784+00:00,0,"/usr/bin/python3 /home/sebastian/Projects/likey2/scripts/run_bench.py --name movie_info_info --existing-result-dir benchmark_results/job/matcher-comparison/movie_info_info_20260609_073144 --data-csv benchmarks/job/data_movie_info_info.csv --algorithms-csv benchmarks/job/matcher-comparison/algorithms.csv --generic-matcher static,adaptive,recursive --patterns-csv benchmarks/job/index-comparison/patterns_movie_info_info.csv --indexes-csv benchmarks/job/matcher-comparison/indexes.csv --iterations 5 --warmups 1 --batch-rows 4096 --max-total-bytes 100MB --max-row-bytes 50MB --cargo cargo",job/matcher-comparison
job/index-memmem/movie_info_info,job,index-memmem,movie_info_info,benchmarks/job/data_movie_info_info.csv,benchmarks/job/index-comparison/patterns_movie_info_info.csv,benchmarks/job/index-memmem/algorithms.csv,benchmarks/job/index-memmem/indexes.csv,static,benchmark_results/job/index-memmem/movie_info_info_20260609_073745,true,2026-06-09T05:37:45.685886+00:00,2026-06-09T05:42:49.145844+00:00,0,/usr/bin/python3 /home/sebastian/Projects/likey2/scripts/run_bench.py --name movie_info_info --existing-result-dir benchmark_results/job/index-memmem/movie_info_info_20260609_073745 --data-csv benchmarks/job/data_movie_info_info.csv --algorithms-csv benchmarks/job/index-memmem/algorithms.csv --generic-matcher static --patterns-csv benchmarks/job/index-comparison/patterns_movie_info_info.csv --indexes-csv benchmarks/job/index-memmem/indexes.csv --iterations 5 --warmups 1 --batch-rows 4096 --max-total-bytes 100MB --max-row-bytes 50MB --cargo cargo,job/index-memmem
job/fsst-index-memmem/movie_info_info,job,fsst-index-memmem,movie_info_info,benchmarks/job/data_movie_info_info_utf8_fsst.csv,benchmarks/job/index-comparison/patterns_movie_info_info.csv,benchmarks/job/fsst-index-memmem/algorithms.csv,benchmarks/job/fsst-index-memmem/indexes.csv,static,benchmark_results/job/fsst-index-memmem/movie_info_info_20260609_074249,true,2026-06-09T05:42:49.146773+00:00,2026-06-09T05:53:57.619539+00:00,0,/usr/bin/python3 /home/sebastian/Projects/likey2/scripts/run_bench.py --name movie_info_info --existing-result-dir benchmark_results/job/fsst-index-memmem/movie_info_info_20260609_074249 --data-csv benchmarks/job/data_movie_info_info_utf8_fsst.csv --algorithms-csv benchmarks/job/fsst-index-memmem/algorithms.csv --generic-matcher static --patterns-csv benchmarks/job/index-comparison/patterns_movie_info_info.csv --indexes-csv benchmarks/job/fsst-index-memmem/indexes.csv --iterations 5 --warmups 1 --batch-rows 4096 --max-total-bytes 100MB --max-row-bytes 50MB --cargo cargo,job/fsst-index-memmem
job/index-consistency/name_name,job,index-consistency,name_name,benchmarks/job/data_name_name.csv,benchmarks/job/index-comparison/patterns_name_name.csv,benchmarks/job/index-comparison/algorithms.csv,benchmarks/job/index-comparison/indexes.csv,static,benchmark_results/job/index-consistency/name_name_20260609_075357,true,2026-06-09T05:53:57.620479+00:00,2026-06-09T05:56:23.416590+00:00,0,/usr/bin/python3 /home/sebastian/Projects/likey2/scripts/run_bench.py --name name_name --existing-result-dir benchmark_results/job/index-consistency/name_name_20260609_075357 --data-csv benchmarks/job/data_name_name.csv --algorithms-csv benchmarks/job/index-comparison/algorithms.csv --generic-matcher static --patterns-csv benchmarks/job/index-comparison/patterns_name_name.csv --indexes-csv benchmarks/job/index-comparison/indexes.csv --iterations 5 --warmups 1 --batch-rows 4096 --max-total-bytes 100MB --max-row-bytes 50MB --cargo cargo,job/index-consistency
job/algorithm-comparison/name_name,job,algorithm-comparison,name_name,benchmarks/job/data_name_name.csv,benchmarks/job/index-comparison/patterns_name_name.csv,benchmarks/job/algorithm-comparison/algorithms.csv,benchmarks/job/algorithm-comparison/indexes.csv,static,benchmark_results/job/algorithm-comparison/name_name_20260609_075623,true,2026-06-09T05:56:23.417568+00:00,2026-06-09T06:02:17.420376+00:00,0,/usr/bin/python3 /home/sebastian/Projects/likey2/scripts/run_bench.py --name name_name --existing-result-dir benchmark_results/job/algorithm-comparison/name_name_20260609_075623 --data-csv benchmarks/job/data_name_name.csv --algorithms-csv benchmarks/job/algorithm-comparison/algorithms.csv --generic-matcher static --patterns-csv benchmarks/job/index-comparison/patterns_name_name.csv --indexes-csv benchmarks/job/algorithm-comparison/indexes.csv --iterations 5 --warmups 1 --batch-rows 4096 --max-total-bytes 100MB --max-row-bytes 50MB --cargo cargo,job/algorithm-comparison
job/matcher-comparison/name_name,job,matcher-comparison,name_name,benchmarks/job/data_name_name.csv,benchmarks/job/index-comparison/patterns_name_name.csv,benchmarks/job/matcher-comparison/algorithms.csv,benchmarks/job/matcher-comparison/indexes.csv,"static,adaptive,recursive",benchmark_results/job/matcher-comparison/name_name_20260609_080217,true,2026-06-09T06:02:17.421240+00:00,2026-06-09T06:05:38.670501+00:00,0,"/usr/bin/python3 /home/sebastian/Projects/likey2/scripts/run_bench.py --name name_name --existing-result-dir benchmark_results/job/matcher-comparison/name_name_20260609_080217 --data-csv benchmarks/job/data_name_name.csv --algorithms-csv benchmarks/job/matcher-comparison/algorithms.csv --generic-matcher static,adaptive,recursive --patterns-csv benchmarks/job/index-comparison/patterns_name_name.csv --indexes-csv benchmarks/job/matcher-comparison/indexes.csv --iterations 5 --warmups 1 --batch-rows 4096 --max-total-bytes 100MB --max-row-bytes 50MB --cargo cargo",job/matcher-comparison
job/index-memmem/name_name,job,index-memmem,name_name,benchmarks/job/data_name_name.csv,benchmarks/job/index-comparison/patterns_name_name.csv,benchmarks/job/index-memmem/algorithms.csv,benchmarks/job/index-memmem/indexes.csv,static,benchmark_results/job/index-memmem/name_name_20260609_080538,true,2026-06-09T06:05:38.671402+00:00,2026-06-09T06:06:57.386482+00:00,0,/usr/bin/python3 /home/sebastian/Projects/likey2/scripts/run_bench.py --name name_name --existing-result-dir benchmark_results/job/index-memmem/name_name_20260609_080538 --data-csv benchmarks/job/data_name_name.csv --algorithms-csv benchmarks/job/index-memmem/algorithms.csv --generic-matcher static --patterns-csv benchmarks/job/index-comparison/patterns_name_name.csv --indexes-csv benchmarks/job/index-memmem/indexes.csv --iterations 5 --warmups 1 --batch-rows 4096 --max-total-bytes 100MB --max-row-bytes 50MB --cargo cargo,job/index-memmem
job/fsst-index-memmem/name_name,job,fsst-index-memmem,name_name,benchmarks/job/data_name_name_utf8_fsst.csv,benchmarks/job/index-comparison/patterns_name_name.csv,benchmarks/job/fsst-index-memmem/algorithms.csv,benchmarks/job/fsst-index-memmem/indexes.csv,static,benchmark_results/job/fsst-index-memmem/name_name_20260609_080657,true,2026-06-09T06:06:57.387530+00:00,2026-06-09T06:10:56.964841+00:00,0,/usr/bin/python3 /home/sebastian/Projects/likey2/scripts/run_bench.py --name name_name --existing-result-dir benchmark_results/job/fsst-index-memmem/name_name_20260609_080657 --data-csv benchmarks/job/data_name_name_utf8_fsst.csv --algorithms-csv benchmarks/job/fsst-index-memmem/algorithms.csv --generic-matcher static --patterns-csv benchmarks/job/index-comparison/patterns_name_name.csv --indexes-csv benchmarks/job/fsst-index-memmem/indexes.csv --iterations 5 --warmups 1 --batch-rows 4096 --max-total-bytes 100MB --max-row-bytes 50MB --cargo cargo,job/fsst-index-memmem
job/index-consistency/title_title,job,index-consistency,title_title,benchmarks/job/data_title_title.csv,benchmarks/job/index-comparison/patterns_title_title.csv,benchmarks/job/index-comparison/algorithms.csv,benchmarks/job/index-comparison/indexes.csv,static,benchmark_results/job/index-consistency/title_title_20260609_081056,true,2026-06-09T06:10:56.965668+00:00,2026-06-09T06:12:41.765905+00:00,0,/usr/bin/python3 /home/sebastian/Projects/likey2/scripts/run_bench.py --name title_title --existing-result-dir benchmark_results/job/index-consistency/title_title_20260609_081056 --data-csv benchmarks/job/data_title_title.csv --algorithms-csv benchmarks/job/index-comparison/algorithms.csv --generic-matcher static --patterns-csv benchmarks/job/index-comparison/patterns_title_title.csv --indexes-csv benchmarks/job/index-comparison/indexes.csv --iterations 5 --warmups 1 --batch-rows 4096 --max-total-bytes 100MB --max-row-bytes 50MB --cargo cargo,job/index-consistency
job/algorithm-comparison/title_title,job,algorithm-comparison,title_title,benchmarks/job/data_title_title.csv,benchmarks/job/index-comparison/patterns_title_title.csv,benchmarks/job/algorithm-comparison/algorithms.csv,benchmarks/job/algorithm-comparison/indexes.csv,static,benchmark_results/job/algorithm-comparison/title_title_20260609_081241,true,2026-06-09T06:12:41.766986+00:00,2026-06-09T06:18:21.729503+00:00,0,/usr/bin/python3 /home/sebastian/Projects/likey2/scripts/run_bench.py --name title_title --existing-result-dir benchmark_results/job/algorithm-comparison/title_title_20260609_081241 --data-csv benchmarks/job/data_title_title.csv --algorithms-csv benchmarks/job/algorithm-comparison/algorithms.csv --generic-matcher static --patterns-csv benchmarks/job/index-comparison/patterns_title_title.csv --indexes-csv benchmarks/job/algorithm-comparison/indexes.csv --iterations 5 --warmups 1 --batch-rows 4096 --max-total-bytes 100MB --max-row-bytes 50MB --cargo cargo,job/algorithm-comparison
job/matcher-comparison/title_title,job,matcher-comparison,title_title,benchmarks/job/data_title_title.csv,benchmarks/job/index-comparison/patterns_title_title.csv,benchmarks/job/matcher-comparison/algorithms.csv,benchmarks/job/matcher-comparison/indexes.csv,"static,adaptive,recursive",benchmark_results/job/matcher-comparison/title_title_20260609_081821,true,2026-06-09T06:18:21.730475+00:00,2026-06-09T06:20:42.910509+00:00,0,"/usr/bin/python3 /home/sebastian/Projects/likey2/scripts/run_bench.py --name title_title --existing-result-dir benchmark_results/job/matcher-comparison/title_title_20260609_081821 --data-csv benchmarks/job/data_title_title.csv --algorithms-csv benchmarks/job/matcher-comparison/algorithms.csv --generic-matcher static,adaptive,recursive --patterns-csv benchmarks/job/index-comparison/patterns_title_title.csv --indexes-csv benchmarks/job/matcher-comparison/indexes.csv --iterations 5 --warmups 1 --batch-rows 4096 --max-total-bytes 100MB --max-row-bytes 50MB --cargo cargo",job/matcher-comparison
job/index-memmem/title_title,job,index-memmem,title_title,benchmarks/job/data_title_title.csv,benchmarks/job/index-comparison/patterns_title_title.csv,benchmarks/job/index-memmem/algorithms.csv,benchmarks/job/index-memmem/indexes.csv,static,benchmark_results/job/index-memmem/title_title_20260609_082042,true,2026-06-09T06:20:42.911433+00:00,2026-06-09T06:21:51.846159+00:00,0,/usr/bin/python3 /home/sebastian/Projects/likey2/scripts/run_bench.py --name title_title --existing-result-dir benchmark_results/job/index-memmem/title_title_20260609_082042 --data-csv benchmarks/job/data_title_title.csv --algorithms-csv benchmarks/job/index-memmem/algorithms.csv --generic-matcher static --patterns-csv benchmarks/job/index-comparison/patterns_title_title.csv --indexes-csv benchmarks/job/index-memmem/indexes.csv --iterations 5 --warmups 1 --batch-rows 4096 --max-total-bytes 100MB --max-row-bytes 50MB --cargo cargo,job/index-memmem
job/fsst-index-memmem/title_title,job,fsst-index-memmem,title_title,benchmarks/job/data_title_title_utf8_fsst.csv,benchmarks/job/index-comparison/patterns_title_title.csv,benchmarks/job/fsst-index-memmem/algorithms.csv,benchmarks/job/fsst-index-memmem/indexes.csv,static,benchmark_results/job/fsst-index-memmem/title_title_20260609_082151,true,2026-06-09T06:21:51.847228+00:00,2026-06-09T06:24:54.781360+00:00,0,/usr/bin/python3 /home/sebastian/Projects/likey2/scripts/run_bench.py --name title_title --existing-result-dir benchmark_results/job/fsst-index-memmem/title_title_20260609_082151 --data-csv benchmarks/job/data_title_title_utf8_fsst.csv --algorithms-csv benchmarks/job/fsst-index-memmem/algorithms.csv --generic-matcher static --patterns-csv benchmarks/job/index-comparison/patterns_title_title.csv --indexes-csv benchmarks/job/fsst-index-memmem/indexes.csv --iterations 5 --warmups 1 --batch-rows 4096 --max-total-bytes 100MB --max-row-bytes 50MB --cargo cargo,job/fsst-index-memmem
